,0,1,2,3,4,5,6,7,8,9,10,11,12,13,14,15,16,17,18,19,20,21,22,23,24,25,26,27,28,29,30,31,32,33,34,35,36,37,38,39,40,41,42,43,44,45,46,47,48,49,50,51,52,53,54,55,56,57,58,59,60,61,62,63,64,65,66,67,68,69,70,71,72,73,74,75,76,77,78,79,80,81,82,83,84,85,86,87,88,89,90,91,92,93,94,95,96,97,98,99,100,101,102,103,104,105,106,107,108,109,110,111,112,113,114,115,116,117,118,119,120,121,122,123,124,125,126,127,128,129,130,131,132,133,134,135,136,137,138,139,140,141,142,143,144,145,146,147,148,149,150,151,152,153,154,155,156,157,158,159,160,161,162,163,164,165,166,167,168,169,170,171,172,173,174,175,176,177,178,179,180,181,182,183,184,185,186,187,188,189,190,191,192,193,194,195,196,197,198,199,200,201,202,203,204,205,206,207,208,209,210,211,212,213,214,215,216,217,218,219,220,221,222,223,224,225,226,227,228,229,230,231,232,233,234,235,236,237,238,239,240,241,242,243,244,245,246,247,248,249,250,251,252,253,254,255
0,0.25774238,0.13507852,0.054829337,-0.50427186,0.2297779,0.44916472,-0.38580072,-0.07189572,-0.15760362,0.37864247,0.6550641,-0.22926241,-0.4772752,-0.19839239,0.38123122,0.050924134,-0.16199714,0.1667678,-0.1378423,-0.3513844,0.07437104,-0.026517153,0.5456772,0.04427525,-0.44550502,0.2982306,-0.13048357,0.044651736,0.15989229,-0.3790955,0.03963326,-0.4571966,0.03452497,-0.17665184,0.12791571,0.46060488,-0.262277,-0.18602079,-0.43542892,0.20189513,-0.3243609,-0.1253112,-0.5140767,0.37411767,0.112574145,-0.43389046,0.27101,-0.3121568,0.29613063,0.37996808,-0.044815898,-0.66253585,-0.24082094,-0.50896883,0.35209948,0.27418742,0.5075683,0.1846965,-0.43088114,-0.08673406,-0.03288126,0.2784233,-0.23414743,0.3152127,-0.036773324,0.64213157,0.25725532,0.048856508,0.47666937,-0.24572438,0.52684516,0.22571209,0.4454095,0.4233054,0.43804526,0.19715187,-0.02116251,0.51791495,0.59628606,-0.33659524,0.3667826,0.47002536,-0.34099847,-0.06177646,0.5984562,-0.17923361,-0.21244836,-0.06677157,0.5493892,0.107389614,0.09865916,-0.08481377,0.19448857,-0.28250778,0.49112844,-0.035305858,-0.5001359,-0.26625133,-0.255342,-0.2414965,-0.42239195,-0.16139287,0.53681904,0.16616301,0.2379817,0.007318237,0.32811612,0.43102023,-0.052362204,0.06514974,-0.45983684,0.5143844,-0.3599288,0.6461656,-0.4035372,-0.18667698,-0.034547687,0.15520495,0.07364154,-0.099831045,0.011766143,0.25197652,-0.118904114,-0.08882046,-0.19731039,-0.16194874,0.017037677,-0.53446054,-0.014605445,-0.008629512,-1.1935732,-0.26616898,0.32155633,0.65702534,-0.90351105,0.91542643,-0.40613833,-0.046051227,0.6869632,0.040612817,-0.2822288,-0.47947547,0.51947474,-0.4482004,0.13631171,0.94953316,0.6068461,-0.65076137,0.09091149,-1.2230418,-0.40728143,-0.61246496,1.0292982,0.66574895,0.7493432,0.023978587,-0.03069355,-0.1528296,0.012415407,-1.0457892,0.51322263,0.36036304,0.48841554,0.020417003,-0.51200294,0.88362795,0.4036165,0.24820274,-0.4544997,0.28105035,-0.47956628,-0.62082386,-0.5933831,-0.38601413,0.08161041,0.027300011,-1.0915498,-0.9174951,0.34754163,-0.378148,-0.17905694,0.12692489,0.62030995,-1.0043788,0.6672714,0.75308937,-0.63175255,-0.14073214,0.008693136,-0.58846414,-0.7747998,0.19157848,-1.361084,-0.10548371,0.060720637,-0.17750938,0.09911317,-0.6705269,-0.5583773,0.33246633,-0.58133525,-0.4509582,-0.22283109,-0.8332994,-0.43388915,0.37361014,0.083013795,0.45075026,-0.07341738,-0.21282724,0.2536383,-0.36873698,0.020127464,0.5594044,-0.173499,-0.3035739,-0.27648997,-0.04535066,0.15995947,0.2804179,-0.26141214,-0.90593565,-0.08329603,0.2779326,0.5819317,-0.43858463,-0.55626744,-0.51207185,-0.7593161,-0.80933636,0.2624019,-0.09541422,0.122208305,0.9151907,-0.21766242,-0.918458,-0.3385915,1.2861516,0.100998245,0.44481167,0.20812425,-0.5052464,0.16836345,0.31317347,-1.4704999,-1.2467742,0.31622586,0.46210778,0.52553254,0.2850565,0.39038858,-1.2030795,-0.118668795,-1.18174,-0.32601902,-0.07061876
1,0.62217575,0.4763733,0.40772486,-0.71100545,0.4698404,0.6307908,-0.5747379,0.1176809,-0.56640404,0.5457492,1.3335522,-0.5997795,-0.6473389,-0.44492644,0.10046119,0.1956108,-0.39389902,-0.016857326,-0.5759895,-0.3346572,0.46943727,-0.23067564,1.2357825,0.60714346,-0.7560376,0.739438,0.25576672,0.6777987,0.59023803,-0.6081425,-0.18910527,-0.17325765,-0.33187342,-0.47670376,0.12537394,1.0102563,-0.3278796,-0.55784607,-0.5820074,0.31510383,-0.47516644,-0.60961205,-0.72025216,0.6321482,0.23472537,-0.648421,0.6218197,-0.5531962,0.35745296,0.95272076,-0.15634328,-0.839474,-0.7504336,-0.7307167,0.10207633,-0.13666171,0.7509775,0.52662516,-0.549579,-0.20169145,-0.14922696,0.59958917,-0.3275234,0.35302502,-0.043815017,-0.03651309,0.98692495,0.32038897,0.88025683,-0.33877748,0.8921148,0.48255682,0.9803435,0.90884525,-0.25958174,0.72442937,-0.1214118,0.787043,0.44368032,-0.49982423,0.68976295,0.66739273,-0.4040044,-0.4077533,1.2455775,-0.35227942,-0.23016793,-0.32228094,0.69343346,0.2436715,-0.23913896,-0.18237346,0.4592947,-0.53522587,0.7302636,-0.42883492,-0.8437177,0.30911475,-0.2559806,-0.47504967,-0.6564277,-0.46183223,0.7675492,0.6098909,0.61905265,-0.15372801,0.5485153,0.4380924,-0.09641212,0.19419524,-0.56400824,1.1590035,-0.6191938,1.4333819,-0.39588976,0.025090339,0.28605527,-0.06569868,0.985642,-0.46014702,-0.3179499,0.29766545,-0.3000579,-0.16683829,-0.57730365,-0.17729557,-0.46569818,-0.76029706,-0.07498257,-0.5415176,-0.81089985,-0.21147764,0.6653227,1.0558339,-1.236979,0.6582656,0.099216685,-0.5192206,0.76378685,-0.35588047,-0.96454346,-0.9542209,0.47144654,-0.6200112,0.44982085,1.5480834,0.5454665,0.512958,-0.29336083,-0.7299515,-0.94552886,-0.5644471,0.5801428,1.0815693,1.1490455,0.13526236,-0.48123547,-0.6373937,-0.30546752,-0.8389114,0.29201153,0.38703305,0.19994298,0.6640237,0.06808361,1.1797976,1.1137924,-0.0682697,-0.76045686,0.23197076,-0.4888044,-1.1381836,-0.22421373,-0.33608082,-0.06697317,-0.47475418,-0.98210603,-0.3423714,0.08434892,0.2532106,-1.174371,0.69691825,0.557408,-0.8575474,0.5289755,0.77969724,-0.55569434,-0.4247733,-0.14491421,-1.0259081,-0.3721768,-0.524911,-1.3212583,0.86851954,0.010963343,-0.053799435,0.50728655,-0.5273586,-0.0040460974,0.63794106,-0.2958276,-0.48907274,-0.4124154,-0.59885347,-0.7945713,0.6260609,-0.649704,0.72287816,0.31651905,-0.18003426,-0.010292806,-0.7565388,0.037283733,-0.02051688,-0.2730271,0.04057303,-0.18384595,0.13733473,0.6158428,0.97974294,-0.1649097,-1.3176895,0.27195576,0.9934215,0.19323422,-0.48115754,-0.9335641,-0.86508596,-1.3965956,0.12815654,0.48516375,0.5085339,0.3357556,0.44285458,-0.7867835,-0.9272339,-0.81117797,1.2102872,0.29323027,0.24860471,0.5191996,-0.4704179,0.56570274,0.66379374,-1.5560361,-1.278798,-0.2075807,-0.15655045,1.0359985,1.104075,0.032881968,-1.2091423,-0.20644481,-1.2703336,-0.026039224,-0.35503393
2,0.61927146,0.4812116,0.41737694,-0.71359193,0.47389933,0.64196205,-0.56986356,0.12987533,-0.56881946,0.54088545,1.3364788,-0.60183597,-0.64266247,-0.4417057,0.07937922,0.19901702,-0.40726334,-0.023095846,-0.5829083,-0.32709545,0.4852926,-0.23260885,1.23126,0.6190237,-0.7609232,0.73823935,0.2582837,0.6901924,0.5892414,-0.60576075,-0.19038403,-0.14986229,-0.33570862,-0.47701085,0.12211845,1.0204349,-0.32438982,-0.56258285,-0.58254004,0.31085548,-0.47054273,-0.61490667,-0.72095835,0.64175504,0.23752765,-0.64476395,0.63162875,-0.5604985,0.35846075,0.9475206,-0.16088313,-0.8406147,-0.7551653,-0.7319679,0.092417754,-0.15393198,0.7484611,0.5235465,-0.5490314,-0.19935554,-0.15932053,0.60415083,-0.32718414,0.34508696,-0.037555397,-0.057680547,0.99433285,0.3290509,0.8856486,-0.32321578,0.89509606,0.49189636,0.9878389,0.9028536,-0.2765935,0.735695,-0.1226697,0.7710287,0.42622986,-0.50413644,0.69053024,0.65981185,-0.39790058,-0.41206157,1.2472968,-0.35424417,-0.23074102,-0.32839358,0.6842943,0.24203902,-0.24838674,-0.17633307,0.457288,-0.5376067,0.73126686,-0.43732238,-0.84452266,0.3159124,-0.25922805,-0.4695173,-0.65676266,-0.4640715,0.7663712,0.61781704,0.6208865,-0.16033041,0.5462212,0.42234498,-0.10400945,0.19104876,-0.5651806,1.1557863,-0.62030023,1.4468554,-0.38530797,0.021345787,0.31221178,-0.0652647,0.9929589,-0.46314794,-0.32350546,0.2952489,-0.3043639,-0.16982174,-0.58163446,-0.17817897,-0.47533143,-0.76436615,0.09017906,-0.3449815,-0.90711564,-0.2830787,0.12866502,0.87222123,-1.442297,0.7858692,-0.3612809,-0.4507151,0.6813347,-0.14815858,-0.7393829,-0.75626755,0.7574155,-0.35058135,0.16818152,1.2388381,0.48963818,-0.36864376,0.055402398,-1.1815484,-0.61956257,-0.6584469,0.5411278,0.9766558,0.7936482,0.031104624,-0.03292626,-0.46884626,-0.3599938,-1.0586066,0.11769222,0.16781063,0.59832174,0.07220113,-0.4099508,1.133613,0.3615477,0.268647,-0.45019758,0.8098353,-0.48206717,-0.75584555,-0.41821888,-0.6054038,0.2266223,-0.24061976,-1.1210529,-0.69421124,0.4336604,-0.026332125,-0.73829585,0.3435648,0.7023379,-0.9376764,0.588792,0.5413325,-0.28450072,-0.4219016,0.22861816,-1.2538515,-0.53479874,-0.266184,-1.5055994,0.37659374,-0.08637271,-0.73276436,-0.0498105,-0.70233876,-0.24780118,0.6388289,-0.58457583,-0.7579526,-0.4895625,-0.53757685,-0.8692626,0.80018467,-0.42448986,0.5301052,-0.09441667,-0.14867423,-0.0014449395,-0.17049058,0.09491079,0.6808395,-0.4560782,0.07142305,-0.13815263,-0.07891755,0.609858,0.51609176,-0.07533729,-1.3465301,0.065983124,0.7631818,0.59802693,-0.42895383,-1.0401119,-0.31320426,-1.1828204,-0.50344694,0.5715143,0.11153147,0.29491904,0.5603765,-0.14581187,-0.96684086,-0.87626857,1.3490967,-0.024295017,0.1427156,0.4627128,-0.46275073,0.4113416,0.4709201,-1.5458996,-1.4808948,-0.17371216,0.23064892,0.5375035,0.72048736,0.45237732,-1.4290719,0.06581263,-0.9222957,-0.2950503,-0.39683658
3,0.62442577,0.4701915,0.39659774,-0.70774937,0.46460778,0.6183613,-0.5791982,0.1041384,-0.5629773,0.55037636,1.3281113,-0.59678215,-0.6517024,-0.4476,0.122998126,0.19142197,-0.3791479,-0.009831786,-0.5676752,-0.34248888,0.45167634,-0.22800845,1.2383059,0.59303355,-0.7501019,0.7392153,0.251942,0.66269785,0.5894768,-0.609935,-0.1868859,-0.1975851,-0.32695317,-0.47558606,0.1287155,0.997774,-0.33155042,-0.5519954,-0.58110386,0.31905925,-0.47949517,-0.603022,-0.719025,0.6210541,0.23156092,-0.6516781,0.6105586,-0.5448834,0.35619235,0.95653826,-0.15126908,-0.8378711,-0.74448615,-0.72889143,0.11256536,-0.11709505,0.75269306,0.5287699,-0.5496676,-0.20393986,-0.13834685,0.5936784,-0.32759136,0.3612049,-0.050089955,-0.012274563,0.97710264,0.3108406,0.8731182,-0.35426837,0.8875733,0.47192425,0.9708783,0.9136444,-0.23967993,0.7109917,-0.12007439,0.8029818,0.4622283,-0.4946639,0.6881323,0.6743652,-0.41000026,-0.40235114,1.2415009,-0.34952897,-0.2292481,-0.31514353,0.7023439,0.24505869,-0.22858423,-0.1882202,0.4606792,-0.5320812,0.7283233,-0.4188807,-0.84228665,0.30019847,-0.25240088,-0.4801712,-0.65550864,-0.45871228,0.7679439,0.6002596,0.6161445,-0.1462552,0.55008006,0.45435947,-0.08838087,0.19741142,-0.56241226,1.1603724,-0.6174298,1.4164792,-0.4064983,0.028684063,0.2579379,-0.06573373,0.9754408,-0.45591885,-0.31122965,0.29980192,-0.29500407,-0.1635195,-0.57199365,-0.17596078,-0.45431244,-0.75540715,-0.020302236,-0.4869543,-0.8001171,-0.007830404,0.21791865,0.42935812,-0.8583408,0.74710554,-0.1316575,-0.063725635,0.33043325,-0.06339085,-0.541518,-0.3132158,0.17372814,-0.43588072,0.21413375,0.95977885,0.4006233,0.10281247,-0.054246247,-0.36797056,-0.3769348,-0.36530882,0.5723502,0.6285894,0.40503198,0.12704977,-0.19406888,-0.33809522,0.094525814,-0.5895754,0.19337825,0.23755723,0.11104175,0.33682296,-0.06329309,0.60039884,0.59618306,0.38230583,-0.34957424,0.35938874,-0.29480568,-0.79474443,-0.1464295,-0.031073628,0.107217155,-0.04796057,-0.39261174,-0.28260547,0.2306124,0.16329591,-0.36244032,0.4191692,0.3862724,-0.45363265,0.20830226,0.6004429,-0.34954643,-0.1399389,0.15005763,-0.53459775,-0.27578712,-0.052805074,-0.8102783,0.08861173,0.07738176,-0.008796319,0.36821732,-0.28738725,-0.0052414034,0.3086309,-0.13157621,-0.31609663,-0.06250132,-0.49101526,-0.21685067,0.2353343,-0.28201625,0.31057888,0.10115133,-0.14572677,0.033124916,-0.21652721,0.13327913,0.015355838,0.026481211,-0.04975415,-0.0872873,-0.29542235,0.20329757,0.4002128,-0.048919503,-0.57352895,0.11458599,0.34871563,0.090578794,-0.35524282,-0.548683,-0.4964022,-0.73831844,-0.15369949,0.14462729,0.09671672,0.22665843,0.40934595,-0.3236399,-0.53008175,-0.5405141,0.6948758,0.3348721,0.40836465,0.21290179,-0.38893288,0.1030279,0.061227355,-1.061645,-0.85719734,-0.3061977,0.18273139,0.58091944,0.5909512,0.24418953,-0.7595909,-0.25431886,-0.9381959,-0.17992167,-0.17341499
4,0.61927146,0.4812116,0.41737694,-0.71359193,0.47389933,0.64196205,-0.56986356,0.12987533,-0.56881946,0.54088545,1.3364788,-0.60183597,-0.64266247,-0.4417057,0.07937922,0.19901702,-0.40726334,-0.023095846,-0.5829083,-0.32709545,0.4852926,-0.23260885,1.23126,0.6190237,-0.7609232,0.73823935,0.2582837,0.6901924,0.5892414,-0.60576075,-0.19038403,-0.14986229,-0.33570862,-0.47701085,0.12211845,1.0204349,-0.32438982,-0.56258285,-0.58254004,0.31085548,-0.47054273,-0.61490667,-0.72095835,0.64175504,0.23752765,-0.64476395,0.63162875,-0.5604985,0.35846075,0.9475206,-0.16088313,-0.8406147,-0.7551653,-0.7319679,0.092417754,-0.15393198,0.7484611,0.5235465,-0.5490314,-0.19935554,-0.15932053,0.60415083,-0.32718414,0.34508696,-0.037555397,-0.057680547,0.99433285,0.3290509,0.8856486,-0.32321578,0.89509606,0.49189636,0.9878389,0.9028536,-0.2765935,0.735695,-0.1226697,0.7710287,0.42622986,-0.50413644,0.69053024,0.65981185,-0.39790058,-0.41206157,1.2472968,-0.35424417,-0.23074102,-0.32839358,0.6842943,0.24203902,-0.24838674,-0.17633307,0.457288,-0.5376067,0.73126686,-0.43732238,-0.84452266,0.3159124,-0.25922805,-0.4695173,-0.65676266,-0.4640715,0.7663712,0.61781704,0.6208865,-0.16033041,0.5462212,0.42234498,-0.10400945,0.19104876,-0.5651806,1.1557863,-0.62030023,1.4468554,-0.38530797,0.021345787,0.31221178,-0.0652647,0.9929589,-0.46314794,-0.32350546,0.2952489,-0.3043639,-0.16982174,-0.58163446,-0.17817897,-0.47533143,-0.76436615,0.09017906,-0.3449815,-0.90711564,-0.2830787,0.12866502,0.87222123,-1.442297,0.7858692,-0.3612809,-0.4507151,0.6813347,-0.14815858,-0.7393829,-0.75626755,0.7574155,-0.35058135,0.16818152,1.2388381,0.48963818,-0.36864376,0.055402398,-1.1815484,-0.61956257,-0.6584469,0.5411278,0.9766558,0.7936482,0.031104624,-0.03292626,-0.46884626,-0.3599938,-1.0586066,0.11769222,0.16781063,0.59832174,0.07220113,-0.4099508,1.133613,0.3615477,0.268647,-0.45019758,0.8098353,-0.48206717,-0.75584555,-0.41821888,-0.6054038,0.2266223,-0.24061976,-1.1210529,-0.69421124,0.4336604,-0.026332125,-0.73829585,0.3435648,0.7023379,-0.9376764,0.588792,0.5413325,-0.28450072,-0.4219016,0.22861816,-1.2538515,-0.53479874,-0.266184,-1.5055994,0.37659374,-0.08637271,-0.73276436,-0.0498105,-0.70233876,-0.24780118,0.6388289,-0.58457583,-0.7579526,-0.4895625,-0.53757685,-0.8692626,0.80018467,-0.42448986,0.5301052,-0.09441667,-0.14867423,-0.0014449395,-0.17049058,0.09491079,0.6808395,-0.4560782,0.07142305,-0.13815263,-0.07891755,0.609858,0.51609176,-0.07533729,-1.3465301,0.065983124,0.7631818,0.59802693,-0.42895383,-1.0401119,-0.31320426,-1.1828204,-0.50344694,0.5715143,0.11153147,0.29491904,0.5603765,-0.14581187,-0.96684086,-0.87626857,1.3490967,-0.024295017,0.1427156,0.4627128,-0.46275073,0.4113416,0.4709201,-1.5458996,-1.4808948,-0.17371216,0.23064892,0.5375035,0.72048736,0.45237732,-1.4290719,0.06581263,-0.9222957,-0.2950503,-0.39683658
5,0.083190665,0.040823795,-0.10206705,-0.11335641,0.07560589,-0.16356796,-0.11941701,-0.0880605,-0.12618119,0.12763794,0.23222241,-0.06863129,-0.26986074,-0.185314,0.29724738,-0.013183117,0.20471463,0.011695394,0.007984079,-0.17330492,0.014166014,-0.15525937,0.20965871,-0.017650604,-0.063165426,0.16328965,0.057778902,0.106719375,0.024269909,-0.20665479,-0.08778745,-0.34485036,-0.04903412,-0.08322668,-0.016361475,0.12081059,-0.12284827,-0.04593265,-0.14193213,0.077656575,-0.17381,0.032935835,-0.16329777,-0.08110744,0.08247842,-0.2867627,0.040075988,0.05391529,-0.10407823,0.17118445,0.1141488,-0.21884942,-0.15210652,-0.20176381,0.10358374,0.16662431,0.18681964,0.0836629,-0.040239632,-0.058310747,0.08117934,0.051128678,-0.087453246,0.22788113,0.018253313,-0.02493614,0.14982344,0.000756369,0.06060394,-0.22741914,0.14737199,-0.09546709,0.10572124,0.23641415,0.1428201,0.030154271,-0.044041276,0.26645407,0.26349786,0.0062620193,0.2867643,0.20389704,-0.085329294,0.002939939,0.19903311,0.035204526,-0.06933963,0.116673216,0.24958242,0.066480234,0.04870642,-0.099784315,0.085489616,-0.08240932,0.09060212,0.027617533,-0.28121263,-0.0026410222,0.017283533,-0.26910597,-0.1589942,-0.09330195,0.043780982,0.109384835,0.049790308,0.08372307,0.11220059,0.1954803,-0.021860719,-0.0041012764,0.10040902,0.12480499,-0.18812245,0.097792216,-0.22527266,0.1921809,-0.2133553,-0.12496132,0.27442244,-0.09620845,-0.00369668,0.026925331,0.05128824,-0.0035879612,-0.12753236,-0.10407758,-0.0037336946,-0.020556271,-0.09084352,-0.2639459,-0.4975079,-0.13826534,0.046513207,0.20054857,-0.4962818,0.5979765,-0.20490281,0.12472241,0.0787133,0.025631707,-0.27949998,0.0076857638,0.18318348,-0.44073048,0.074805595,0.58582073,0.35933566,-0.118662626,0.069217324,-0.36563966,-0.08858132,-0.27422065,0.511545,0.40900186,0.12093325,0.15584655,-0.08239354,-0.28517315,0.11450911,-0.43935284,0.19687414,0.12943067,0.10288296,0.24200653,-0.080054805,0.53052807,0.14152308,0.42700383,-0.172776,0.42682275,-0.28686097,-0.34807846,-0.1514054,-0.17967823,0.06698849,0.19305879,-0.110942625,-0.25889513,0.20181778,-0.15427876,-0.09993152,0.12006925,0.22292034,-0.3118345,0.021589547,0.26801005,-0.23973946,-0.16984549,0.13301395,-0.36009738,-0.22364436,0.11409997,-0.56788915,-0.025974229,0.18145838,-0.012915611,0.043357514,-0.10596896,0.045135554,0.07785487,-0.2002643,-0.11175474,0.027059974,-0.3194194,-0.16349284,0.0650858,-0.11547302,0.21015956,0.010399276,-0.037388317,0.15473795,-0.18398272,0.13370824,0.11333989,0.05705272,0.06447658,-0.067308635,-0.28490737,0.12653998,0.36187646,-0.061672,-0.2584593,-0.1564385,0.14134984,0.13615082,-0.3361115,-0.19404094,-0.26203638,-0.3413608,-0.3692757,-0.023749227,0.06311777,-0.01823853,0.28101826,0.054860007,-0.5689863,-0.40943328,0.3573744,0.1809232,0.22034815,-0.10922484,-0.3421021,-0.024539677,-0.13668543,-0.7108711,-0.7756801,-0.18555021,0.27723828,0.33049506,0.12443224,0.23931342,-0.50024176,-0.15859865,-0.57953155,-0.27170816,-0.19977964
6,0.10129402,0.07619065,-0.031597435,-0.23161256,0.09778845,0.054294687,-0.21238673,-0.06241119,-0.121686995,0.19934312,0.29460993,-0.09261358,-0.28223568,-0.144176,0.19353834,0.010241807,0.032323763,0.06009372,-0.08895624,-0.17335832,0.06679585,-0.07755262,0.24559948,0.051263593,-0.19924992,0.12824363,-0.00289464,0.102295205,0.021292023,-0.19716561,-0.032733202,-0.24507415,-0.0414654,-0.08149183,0.019362502,0.20280159,-0.16273463,-0.10868138,-0.2560845,0.1035751,-0.15581208,-0.08072847,-0.25943232,0.12828052,0.044484247,-0.2920522,0.13787565,-0.108750105,0.06333207,0.1876235,0.008443145,-0.36605608,-0.17583656,-0.2786705,0.14093995,0.1542218,0.22694597,0.10048484,-0.15281391,-0.019999385,0.0062658745,0.11827673,-0.11030549,0.17319179,0.0124120675,0.16299658,0.18703274,0.04776859,0.1571928,-0.1713751,0.19389743,0.044773526,0.18568875,0.25599065,0.14208038,0.0674502,0.0022716175,0.2778869,0.31306338,-0.11549038,0.22699536,0.20552015,-0.16499335,-0.046341777,0.26625818,-0.06816769,-0.05798495,0.017176693,0.24316731,0.0580407,-0.005885482,-0.0546484,0.12689547,-0.13455164,0.21967083,-0.025709331,-0.30875063,-0.07029599,-0.048491657,-0.18046552,-0.22772598,-0.10481924,0.19679677,0.09384002,0.12776563,0.021904422,0.1404303,0.19858183,-0.027531564,0.017095432,-0.12770778,0.23753926,-0.2000013,0.24595107,-0.23554856,0.0099823885,-0.070466936,0.0132290805,0.18530591,-0.09190649,-0.038048685,0.13283136,-0.046177626,-0.013739884,-0.13168055,-0.09609014,-0.061384916,-0.24708939,-0.087021895,-0.5154954,-0.5941958,0.115617946,0.21631959,0.17551161,-0.5193066,0.12538028,-0.0785688,0.009419195,-0.009488123,0.14419767,-0.07472212,-0.12688102,0.3217378,-0.44616142,0.24092047,0.49870345,-0.019610815,0.36598593,-0.061273895,-0.4276232,-0.09540008,-0.30451444,0.3755756,0.41433662,0.21376032,0.19484417,0.107422054,-0.23811649,-0.037673634,-0.3688635,0.30117735,0.31534225,0.23747636,0.23705518,-0.11849512,0.42709047,0.23573484,-0.031277716,0.009522189,0.077293046,-0.1887479,-0.3164316,-0.25449112,-0.4310939,0.084458984,0.004262401,-0.38362432,-0.18204385,-0.0961983,-0.22225276,-0.21607831,0.16537797,0.16816181,-0.2389065,0.40595263,0.14601709,-0.19195051,0.080131896,0.105390415,-0.5636565,-0.39053494,-0.07891013,-0.5613669,0.10830603,0.27317056,-0.2192388,0.23987596,-0.093314126,0.05387587,-0.18326479,-0.37559322,-0.07191629,-0.03550323,-0.24585553,0.060398128,0.30442092,-0.20781203,0.35544738,0.16932087,-0.39551574,0.090970434,-0.29436547,0.13805038,0.25636533,-0.033465046,-0.15511656,0.017416345,-0.1786978,0.13558921,0.34429097,-0.048118643,-0.20360662,0.07614904,0.4492046,0.25633833,-0.104090475,-0.6636672,-0.40592635,-0.4928566,-0.17314129,0.25779846,0.28866535,-0.18333463,0.23643957,-0.060352355,-0.25260207,-0.4926183,0.32589507,0.0021879356,0.22587907,0.13019112,-0.37194172,0.03806763,0.0449542,-0.6016568,-0.66879714,-0.015388677,0.22162795,0.14263453,0.05225417,0.33371943,-0.39581096,0.01580887,-0.5578994,-0.15659426,-0.117159784
7,0.625324,0.47178814,0.39814523,-0.7084543,0.4660018,0.6193911,-0.5798688,0.105450414,-0.56422555,0.550795,1.331275,-0.5979328,-0.6522,-0.4484629,0.12193354,0.19235069,-0.37992084,-0.010605931,-0.569089,-0.34226406,0.45354006,-0.22895855,1.2411182,0.59552675,-0.75113434,0.74117124,0.25369674,0.66589,0.5919586,-0.61079895,-0.18818355,-0.19638908,-0.3282637,-0.47667313,0.12870844,1.0003408,-0.33134383,-0.5532173,-0.58150387,0.31961083,-0.48000425,-0.60443485,-0.71964014,0.6225227,0.23188542,-0.65229595,0.6120049,-0.5456839,0.35636345,0.95855856,-0.15172666,-0.8383875,-0.7457923,-0.7295519,0.11180094,-0.11902875,0.7537825,0.53015333,-0.5502546,-0.20413119,-0.1387496,0.595266,-0.32792085,0.36115175,-0.05032134,-0.015013874,0.980003,0.31160036,0.8751421,-0.35455722,0.8894647,0.47318238,0.97308517,0.91546166,-0.24240261,0.7133966,-0.12009156,0.80368847,0.4613653,-0.4955166,0.6891695,0.6754616,-0.41028303,-0.4036066,1.2445309,-0.35049897,-0.2296654,-0.31616879,0.70294684,0.24543983,-0.22979873,-0.18870544,0.461552,-0.53295946,0.72942513,-0.42031425,-0.8430766,0.3029153,-0.25261706,-0.48088855,-0.65624297,-0.4597882,0.76890594,0.6021948,0.6174313,-0.14707136,0.55110496,0.45427042,-0.08849692,0.19739282,-0.5628401,1.1629107,-0.6182269,1.4204081,-0.40664136,0.029117074,0.25937358,-0.066347,0.9790668,-0.4574759,-0.31251478,0.30025104,-0.2957611,-0.16378713,-0.57303524,-0.17655742,-0.45603764,-0.7561852,-0.12841357,-0.54837364,-0.4817618,-0.26463962,0.7411836,0.9757233,-0.81919974,0.57664776,0.17348535,-0.47022715,0.7643134,-0.033930063,-0.57086617,-1.0956345,0.449602,-0.55223703,0.50585425,1.5903813,0.57997173,0.6327396,-0.38810882,-0.46468294,-1.0975454,-0.7440201,0.34948605,1.1009947,1.048791,0.12915741,-0.6103584,-0.6376131,-0.5627958,-0.8333391,0.4949229,0.2962547,-0.015939375,0.7658465,0.4870555,0.8984022,1.1407754,-0.22845115,-0.6259998,0.046752576,-0.6315977,-0.83728033,-0.15077911,-0.075855225,-0.3092535,-0.44459617,-1.1579775,-0.2274625,-0.36296278,0.2663142,-1.165774,0.61557466,0.3830503,-0.7603665,0.5483739,0.4675015,-0.29812324,-0.21557482,-0.7223469,-0.9953746,-0.23365858,-0.1911962,-1.083212,0.7100195,-0.051105488,0.12477276,0.89244,-0.40230003,0.28281754,0.8530334,-0.33510005,-0.60415155,-0.3244958,-0.14166623,-0.76238126,0.57431036,-0.48416144,0.67355233,0.70909685,-0.022487462,-0.112935096,-0.6822913,0.04154204,-0.12533675,-0.03245412,0.11417319,0.29440245,0.26326403,0.5216175,1.0052791,-0.5267653,-0.8258659,0.41968998,0.902534,0.0403261,-0.3417858,-0.80691093,-0.9995687,-1.4022405,0.42936742,0.6431899,0.5151639,0.47736654,0.17252837,-0.83066434,-0.77342314,-0.64194554,0.9725697,0.26320428,0.13885848,0.5670295,-0.39360085,0.68983877,0.5847781,-1.4924605,-0.9667406,-0.32295287,-0.52524763,0.77599037,1.0465276,-0.22059403,-1.0103208,0.1568557,-1.0914645,-0.032050572,-0.014931304
8,0.6254287,0.47187307,0.3982236,-0.7085147,0.46607858,0.6195045,-0.5799254,0.105487965,-0.56428933,0.5508775,1.3314979,-0.59800017,-0.6522552,-0.4485157,0.12192468,0.19238807,-0.3799829,-0.010616481,-0.5691588,-0.34229612,0.45362905,-0.22898924,1.2413243,0.59564745,-0.7511961,0.74129325,0.25375202,0.66601217,0.5920735,-0.61085826,-0.18821484,-0.19638461,-0.32831568,-0.47673202,0.12872638,1.000514,-0.3313763,-0.55327976,-0.5815598,0.31965694,-0.48005646,-0.60450655,-0.7196975,0.6226405,0.23191677,-0.65235114,0.61211157,-0.54574895,0.35642126,0.9587156,-0.15175492,-0.83843505,-0.7458563,-0.72960985,0.11180118,-0.119074285,0.75389826,0.5302428,-0.5503155,-0.20415872,-0.13877481,0.59537244,-0.32796043,0.36119518,-0.05032903,-0.01504612,0.9801688,0.3116569,0.8752931,-0.3545913,0.8896096,0.47327143,0.9732523,0.9155977,-0.24246728,0.7135289,-0.12010628,0.80380094,0.46141228,-0.4955784,0.6892692,0.67556214,-0.41032958,-0.4036662,1.2447366,-0.35054803,-0.22969532,-0.3162213,0.70304585,0.24547684,-0.22984481,-0.18873239,0.4616254,-0.53301793,0.7295408,-0.42037785,-0.84312594,0.30299,-0.25265294,-0.48093814,-0.65630025,-0.45984626,0.76903033,0.6023015,0.617534,-0.14710307,0.55119705,0.45432577,-0.08851212,0.19742474,-0.5629003,1.1631052,-0.6182864,1.4206572,-0.40667915,0.029121881,0.25944543,-0.06635666,0.97923964,-0.45753902,-0.31256723,0.3002991,-0.29580647,-0.1638146,-0.5730995,-0.17658365,-0.4561031,-0.7562462,-0.17584808,-0.6133541,-0.53173673,-0.08318776,0.8936338,1.1146423,-1.034035,0.7239377,0.06606698,-0.5449374,0.85743165,-0.07553504,-0.5507226,-1.375057,0.78703403,-0.68174946,0.55982065,2.0481853,0.79359776,0.5013292,-0.35583192,-0.7223463,-1.3233641,-0.81270623,0.4195399,1.3206428,1.3124816,0.2691927,-0.57138586,-0.6004715,-0.6691054,-1.0256976,0.37458438,0.3895129,0.03762997,0.669579,0.3856162,1.178073,1.3307272,-0.21615054,-0.7070598,0.17809837,-0.8757059,-1.0374701,-0.3320197,-0.2633316,-0.19007975,-0.38033813,-1.3128059,-0.37907726,-0.41368428,0.28299913,-1.2945127,0.6756816,0.53051114,-0.84634745,0.52083737,0.4079974,-0.4368418,-0.37291375,-0.92560697,-1.1656436,-0.037565514,-0.4327411,-1.3392255,0.96783096,-0.1594637,-0.032576513,1.0940353,-0.5192952,0.19237863,1.0752935,-0.41214937,-0.530209,-0.433369,-0.23518018,-0.9792849,0.6673182,-0.7547388,0.7421951,0.68285835,0.2153922,-0.037090637,-0.9630978,-0.18199746,0.065898955,-0.061480444,-0.049897328,0.068495326,0.24609466,0.65068805,0.93531394,-0.7177408,-1.173827,0.73857874,1.2928991,0.018740803,-0.35998675,-1.1152433,-0.9410113,-1.433397,0.19439109,0.64090246,0.73583484,0.6015375,0.46846136,-0.789086,-1.1502168,-0.92449546,1.3663331,0.37154925,0.3634579,0.6322446,-0.5160507,1.0447371,0.57714903,-1.6821568,-1.5283551,-0.10234629,-0.53967154,0.9293857,1.1451778,-0.087111846,-1.33644,0.39898106,-1.1999962,-0.25301385,-0.2554522
9,0.6328827,0.49311727,0.4014614,-0.73917264,0.50674224,0.7348624,-0.60334224,0.121928684,-0.56096387,0.59787655,1.4180313,-0.6087254,-0.6767837,-0.45132536,0.1805024,0.20198281,-0.40549034,0.024618391,-0.5714675,-0.37904793,0.46286148,-0.21835905,1.2945467,0.58417654,-0.77601784,0.7713914,0.20309106,0.65655416,0.61998016,-0.6313356,-0.17345458,-0.27265912,-0.30649686,-0.4832828,0.1560707,1.0643799,-0.34301412,-0.5579296,-0.61075866,0.352012,-0.50376624,-0.6067225,-0.74648035,0.70607066,0.24096178,-0.6671784,0.6489442,-0.57343626,0.41268,0.96676695,-0.15842044,-0.863309,-0.74979043,-0.7540915,0.18647629,-0.0781225,0.8221092,0.53930223,-0.5924487,-0.19438696,-0.14712214,0.6350708,-0.35468405,0.3959207,-0.05736196,0.12996432,0.9828799,0.30526486,0.96102047,-0.35984528,0.9674252,0.52316177,1.0380692,0.94499385,-0.1733833,0.737319,-0.10601598,0.84756756,0.546708,-0.53742516,0.72598475,0.7476266,-0.44665658,-0.39963156,1.321372,-0.36952674,-0.27225512,-0.32353872,0.775165,0.24201222,-0.21261579,-0.19483906,0.4740045,-0.5537703,0.80992734,-0.4185735,-0.8532978,0.22000028,-0.30926055,-0.48308825,-0.67847437,-0.46636546,0.85561985,0.6179039,0.62986094,-0.15065926,0.60032475,0.5151379,-0.09819639,0.1875245,-0.61126566,1.2065223,-0.63563776,1.5230488,-0.44951522,-0.04405886,0.26875442,-0.012187719,0.9296758,-0.45706224,-0.30689645,0.34380546,-0.31114483,-0.17382872,-0.57614815,-0.20705396,-0.44733024,-0.7863831,0.012001564,0.19421877,-1.5823615,-0.3585223,0.4540441,1.2330157,-1.3803813,1.1099976,-0.7241071,-0.14149164,0.93289655,-0.15108217,-0.45890784,-0.73111767,0.9988496,-0.46819577,0.2546165,1.6063411,1.1023517,-1.1107208,0.152915,-1.817174,-0.7305846,-0.7315319,1.3808216,1.0466425,1.2939352,0.022662252,0.065125525,0.06383088,-0.06731679,-1.6085287,0.64052916,0.42090937,0.93382365,-0.18445785,-0.89678895,1.5261742,0.42922786,0.19531874,-0.85007566,0.4185538,-0.899959,-0.84411407,-1.1140429,-0.79365087,0.16828418,0.09824503,-1.8454671,-1.5603999,0.44402158,-0.43830022,-0.26272014,0.16371702,1.0270923,-1.7694238,1.0229183,1.140863,-1.0305853,-0.27733964,-0.00518395,-0.9202472,-0.9110866,0.068965636,-2.0740848,0.06764231,0.016697375,-0.46191892,0.050785087,-1.0100372,-0.9249565,0.4680323,-1.0086992,-0.65502197,-0.31808063,-1.2474067,-0.72301775,0.6688963,0.08397317,0.80132467,-0.1518602,-0.09005702,0.36381254,-0.5023606,-0.17948423,0.9525982,-0.32757926,-0.4160232,-0.5951223,-0.056479022,0.53595144,0.33445257,-0.5070259,-1.3735347,0.08494201,0.58346784,0.98176587,-0.60444045,-0.7881267,-0.62113893,-1.1149334,-1.2724054,0.47619784,0.0039951913,0.16140123,1.6068597,-0.22248645,-1.6103296,-0.56123877,2.0626981,0.18229602,0.7454443,0.5111242,-0.639689,0.39791948,0.41808674,-2.269793,-2.1087112,0.44840723,0.52337146,0.79201233,0.42052755,0.35485032,-1.821038,0.12345359,-1.4462923,-0.62979925,-0.21353292
10,0.273551,0.13980038,0.049700912,-0.47046345,0.21084335,0.35408446,-0.3664248,-0.07829183,-0.1867947,0.35449165,0.635532,-0.23776484,-0.47406894,-0.21416128,0.3564079,0.03648238,-0.11945456,0.12108306,-0.14620608,-0.3383153,0.0857398,-0.06296134,0.5488146,0.06411669,-0.42195195,0.2921084,-0.07936144,0.07417088,0.14158423,-0.37790018,0.01907813,-0.4259597,0.006015091,-0.19141775,0.11147119,0.4477654,-0.27205145,-0.17983383,-0.41712815,0.20014799,-0.32319933,-0.14316219,-0.4980145,0.3164753,0.1222443,-0.44076455,0.25887516,-0.28741568,0.24209692,0.4026625,-0.019447625,-0.63474953,-0.27691913,-0.49462485,0.3023444,0.25850683,0.472248,0.20748524,-0.38498425,-0.105317235,-0.025238574,0.25421998,-0.23198086,0.31830454,-0.016811728,0.492681,0.2927529,0.06345046,0.426624,-0.25943244,0.48017305,0.17919146,0.41343117,0.4338793,0.365879,0.19650328,-0.04084289,0.50312805,0.5429216,-0.29188412,0.38516772,0.4363964,-0.3101496,-0.07030761,0.5721751,-0.15807855,-0.18466043,-0.055324256,0.52539974,0.11507846,0.071588315,-0.09081411,0.20065194,-0.26818818,0.4285169,-0.040760517,-0.5093883,-0.20226187,-0.21209359,-0.26844555,-0.4120183,-0.1691873,0.46555224,0.1789318,0.24087456,0.013651907,0.29936597,0.39594445,-0.049425304,0.092172176,-0.40438366,0.5001399,-0.37012577,0.6046236,-0.37201798,-0.10265362,-0.058164597,0.08400406,0.17006919,-0.111576736,-0.02112645,0.22407201,-0.100755155,-0.083794534,-0.22557712,-0.12896872,-0.005265355,-0.49416924,-0.053656977,-0.32236776,-0.85420394,-0.118794106,0.27675372,0.49696395,-0.8098021,0.9123087,-0.3168514,-0.08706331,0.5554362,0.049454924,-0.41194043,-0.34193942,0.36096773,-0.5361687,0.22239387,1.2006038,0.5598464,0.08337912,-0.069010824,-0.7183424,-0.5255803,-0.58187217,0.6317526,0.76795334,0.58919096,0.12631026,-0.28060532,-0.47166878,0.060694486,-0.66597426,0.44627276,0.4202366,0.34300253,0.31154335,-0.15985517,0.7526053,0.4280155,0.24698973,-0.4214781,0.36601636,-0.5067797,-0.47899568,-0.49537668,-0.24062105,-0.15935814,0.09935253,-0.8233586,-0.5567796,0.29674867,0.005929944,-0.19541615,0.18872696,0.542596,-0.52287287,0.1574182,0.7798565,-0.5076518,-0.123154745,-0.16816223,-0.59433943,-0.4211353,0.085153304,-1.031468,-0.054485008,0.09657167,-0.18173984,0.3499185,-0.46131593,-0.18037528,0.15719685,-0.32596463,-0.38575834,-0.31583467,-0.3209855,-0.22959645,0.16660354,-0.24502166,0.4058438,0.09213289,-0.04866039,0.05201107,-0.28030077,0.030163452,0.20541686,0.06513062,-0.16308202,-0.09612698,-0.24766636,0.037681025,0.49031448,-0.20227914,-0.72231376,0.17381674,0.4139847,0.38169476,-0.4471838,-0.47641534,-0.54105204,-0.7625245,-0.28823736,0.13240288,0.117628254,0.111906014,0.49551788,-0.2661365,-0.5680824,-0.3793833,0.7856223,0.2896714,0.40876338,0.2771015,-0.41957217,0.29751742,0.22041659,-1.1553303,-1.0514473,-0.09692877,0.19427554,0.37457922,0.50563747,0.25352892,-1.0373719,-0.19455743,-1.0604637,-0.21645206,-0.13904658
11,0.08838527,0.04397017,-0.062747896,-0.16348553,0.07655686,-0.10686213,-0.13411134,-0.06183958,-0.110972166,0.13579303,0.26103395,-0.09236801,-0.25928622,-0.1614793,0.2582178,-0.011684477,0.12983267,0.024179704,-0.010924101,-0.17184961,0.033079386,-0.13309294,0.23099451,-0.0061077476,-0.094851434,0.14739549,0.037820708,0.068079315,0.018130364,-0.20390671,-0.071882665,-0.30441678,-0.042495728,-0.07842064,0.002636416,0.14440794,-0.13945246,-0.0646435,-0.15111995,0.07828516,-0.17429686,0.0018036636,-0.20312303,-0.033901155,0.06812156,-0.2735809,0.066272795,-0.0093261,-0.06304532,0.18058024,0.08386776,-0.25747955,-0.15757847,-0.21113527,0.10866599,0.1397128,0.19262528,0.109044686,-0.08825177,-0.06308484,0.05094896,0.062548004,-0.0849216,0.20647259,0.014248271,0.024406428,0.1315709,0.013196564,0.09048702,-0.19440913,0.1687335,-0.0628587,0.12363085,0.22787973,0.1300973,0.0506432,-0.04968524,0.2445504,0.25472966,-0.0401904,0.24891102,0.1946083,-0.0952971,-0.010082483,0.22199121,-0.0026100278,-0.06923759,0.0604916,0.25029275,0.07354461,0.034415804,-0.07577366,0.07841584,-0.09183788,0.10535167,0.022353772,-0.27717525,-0.008608758,-0.016617239,-0.22969663,-0.18153495,-0.08337921,0.08249212,0.10627065,0.07362969,0.06131265,0.10879816,0.16975632,-0.02821529,0.023998328,0.023411155,0.16298565,-0.19278306,0.13385677,-0.20360518,0.14036255,-0.15865546,-0.081520915,0.22251606,-0.09122515,-0.016811013,0.04703574,0.028498884,-0.015629888,-0.13278359,-0.08757985,-0.0028799176,-0.10705358,-0.053142097,-0.5127674,-1.063835,-0.29004416,0.3779071,0.9109446,-1.3039653,0.7020099,-0.4097371,-0.26073736,0.607199,-0.19998097,-0.51756656,-0.7145069,0.7402645,-0.46907046,0.33699283,1.5370864,0.46186244,-0.24726641,0.101288855,-1.0904604,-0.71076596,-0.5456196,0.8115259,0.8058651,0.9230971,0.21994872,-0.059389964,-0.3397748,-0.19143948,-1.1069298,0.1891856,0.23731111,0.41508272,0.11973413,-0.50961155,1.3302099,0.62972623,0.13566205,-0.49311596,0.5230286,-0.4269205,-0.9989863,-0.6992725,-0.5168902,0.21242572,-0.16954716,-1.0342907,-0.77947557,0.37234902,-0.16915716,-0.51143414,0.32848057,0.7906462,-1.1028411,0.59695226,0.58026147,-0.33443576,-0.50829715,0.019258082,-1.2682549,-0.63001716,-0.30269426,-1.4977148,0.53223133,-0.05456515,-0.48218256,0.32367873,-0.49479583,-0.18080676,0.5003509,-0.69134873,-0.6324207,-0.5010516,-0.5899763,-0.6419646,0.7432062,-0.46425065,0.46571735,-0.0096629225,0.07957268,0.17242047,-0.5082907,-0.17217357,0.44063768,-0.42203942,-0.18206927,-0.37374055,0.034911532,0.5510885,0.5862421,-0.30890867,-1.1645998,0.26530832,0.8600637,0.36959702,-0.37471396,-0.9333012,-0.27312234,-1.3578007,-0.80937284,0.33202133,0.25389603,0.29792145,0.995527,-0.20654741,-1.0983648,-0.9149624,1.3096744,0.35792723,0.53780437,0.39934492,-0.6558825,0.44082168,0.48398456,-1.7426811,-1.6207459,0.025121253,0.21903253,0.75999856,0.6433636,0.32505152,-1.4646508,0.048492834,-1.1073014,-0.46217275,-0.39923874
12,0.6328827,0.49311727,0.4014614,-0.73917264,0.50674224,0.7348624,-0.60334224,0.121928684,-0.56096387,0.59787655,1.4180313,-0.6087254,-0.6767837,-0.45132536,0.1805024,0.20198281,-0.40549034,0.024618391,-0.5714675,-0.37904793,0.46286148,-0.21835905,1.2945467,0.58417654,-0.77601784,0.7713914,0.20309106,0.65655416,0.61998016,-0.6313356,-0.17345458,-0.27265912,-0.30649686,-0.4832828,0.1560707,1.0643799,-0.34301412,-0.5579296,-0.61075866,0.352012,-0.50376624,-0.6067225,-0.74648035,0.70607066,0.24096178,-0.6671784,0.6489442,-0.57343626,0.41268,0.96676695,-0.15842044,-0.863309,-0.74979043,-0.7540915,0.18647629,-0.0781225,0.8221092,0.53930223,-0.5924487,-0.19438696,-0.14712214,0.6350708,-0.35468405,0.3959207,-0.05736196,0.12996432,0.9828799,0.30526486,0.96102047,-0.35984528,0.9674252,0.52316177,1.0380692,0.94499385,-0.1733833,0.737319,-0.10601598,0.84756756,0.546708,-0.53742516,0.72598475,0.7476266,-0.44665658,-0.39963156,1.321372,-0.36952674,-0.27225512,-0.32353872,0.775165,0.24201222,-0.21261579,-0.19483906,0.4740045,-0.5537703,0.80992734,-0.4185735,-0.8532978,0.22000028,-0.30926055,-0.48308825,-0.67847437,-0.46636546,0.85561985,0.6179039,0.62986094,-0.15065926,0.60032475,0.5151379,-0.09819639,0.1875245,-0.61126566,1.2065223,-0.63563776,1.5230488,-0.44951522,-0.04405886,0.26875442,-0.012187719,0.9296758,-0.45706224,-0.30689645,0.34380546,-0.31114483,-0.17382872,-0.57614815,-0.20705396,-0.44733024,-0.7863831,0.012001564,0.19421877,-1.5823615,-0.3585223,0.4540441,1.2330157,-1.3803813,1.1099976,-0.7241071,-0.14149164,0.93289655,-0.15108217,-0.45890784,-0.73111767,0.9988496,-0.46819577,0.2546165,1.6063411,1.1023517,-1.1107208,0.152915,-1.817174,-0.7305846,-0.7315319,1.3808216,1.0466425,1.2939352,0.022662252,0.065125525,0.06383088,-0.06731679,-1.6085287,0.64052916,0.42090937,0.93382365,-0.18445785,-0.89678895,1.5261742,0.42922786,0.19531874,-0.85007566,0.4185538,-0.899959,-0.84411407,-1.1140429,-0.79365087,0.16828418,0.09824503,-1.8454671,-1.5603999,0.44402158,-0.43830022,-0.26272014,0.16371702,1.0270923,-1.7694238,1.0229183,1.140863,-1.0305853,-0.27733964,-0.00518395,-0.9202472,-0.9110866,0.068965636,-2.0740848,0.06764231,0.016697375,-0.46191892,0.050785087,-1.0100372,-0.9249565,0.4680323,-1.0086992,-0.65502197,-0.31808063,-1.2474067,-0.72301775,0.6688963,0.08397317,0.80132467,-0.1518602,-0.09005702,0.36381254,-0.5023606,-0.17948423,0.9525982,-0.32757926,-0.4160232,-0.5951223,-0.056479022,0.53595144,0.33445257,-0.5070259,-1.3735347,0.08494201,0.58346784,0.98176587,-0.60444045,-0.7881267,-0.62113893,-1.1149334,-1.2724054,0.47619784,0.0039951913,0.16140123,1.6068597,-0.22248645,-1.6103296,-0.56123877,2.0626981,0.18229602,0.7454443,0.5111242,-0.639689,0.39791948,0.41808674,-2.269793,-2.1087112,0.44840723,0.52337146,0.79201233,0.42052755,0.35485032,-1.821038,0.12345359,-1.4462923,-0.62979925,-0.21353292
13,0.6240285,0.46984267,0.39625135,-0.7075683,0.46435985,0.6181119,-0.5790051,0.10400621,-0.5626862,0.5501513,1.3274163,-0.59652376,-0.65154415,-0.44739002,0.12323863,0.1912728,-0.37891346,-0.009707212,-0.567381,-0.34246922,0.45129895,-0.22784811,1.2375611,0.59249914,-0.74989694,0.73873705,0.25158846,0.66211593,0.58906764,-0.60975194,-0.18672585,-0.19787848,-0.32665646,-0.47535348,0.12869026,0.9972293,-0.33146787,-0.5517005,-0.58095044,0.31895545,-0.47934514,-0.6027061,-0.7188525,0.6207828,0.2314115,-0.6514907,0.6101649,-0.5446695,0.3560769,0.9559293,-0.1511488,-0.8377348,-0.74421775,-0.72871494,0.11279627,-0.11674899,0.7524109,0.52842283,-0.5495244,-0.20381457,-0.13822943,0.59333104,-0.3274942,0.36113828,-0.05006212,-0.011757493,0.97635645,0.3105478,0.8726693,-0.3541609,0.8871439,0.47162157,0.97029173,0.91310203,-0.2391944,0.7104581,-0.119968176,0.80261654,0.46228045,-0.4945116,0.68777907,0.6741212,-0.40989077,-0.4020803,1.2408024,-0.349369,-0.22923487,-0.31492293,0.70215565,0.24489337,-0.22831035,-0.18812734,0.46040288,-0.5318595,0.72800183,-0.41858536,-0.8420981,0.29965392,-0.25238967,-0.4799713,-0.6553109,-0.45847476,0.76761174,0.59981716,0.6157326,-0.1461308,0.5498171,0.4542822,-0.08834165,0.19725613,-0.562281,1.1596618,-0.6172321,1.415685,-0.40646797,0.028507736,0.2576056,-0.065564096,0.9745831,-0.45566058,-0.31099695,0.29973814,-0.29483604,-0.16345072,-0.5717209,-0.17592853,-0.45398873,-0.75522923,-0.0627356,-0.49452245,-0.9453494,-0.19506624,0.8581739,0.9362294,-1.1175164,0.85003465,-0.02774847,-0.29573238,0.7394887,-0.17774579,-0.7822281,-0.8143525,0.51199573,-0.7161755,0.34313866,1.6868376,0.71681505,0.3059017,-0.024444267,-0.78356266,-0.8605722,-0.64597684,0.91480815,0.9567509,1.1027495,0.20763059,-0.3720449,-0.6963923,-0.21077129,-0.98433244,0.43648577,0.51368576,0.3856694,0.55903244,-0.030078163,1.2924885,0.8474464,0.121514276,-0.7746961,0.26299924,-0.6638742,-1.0619081,-0.62037235,-0.43329245,-0.10311811,-0.22473057,-0.93743074,-0.85464317,0.17626207,0.072483264,-0.80988896,0.5027947,0.71392703,-0.890975,0.41185057,0.84800506,-0.6299816,-0.2661507,-0.19625098,-0.88850754,-0.43053818,-0.23624723,-1.4628984,0.4648062,0.1752894,-0.17672542,0.55732447,-0.51275766,-0.22504835,0.5332395,-0.54883474,-0.47895044,-0.40234315,-0.7871808,-0.580665,0.48001036,-0.37009764,0.72842187,0.24858591,-0.15785444,0.11076418,-0.6923904,-0.1933931,0.08879046,0.0021219328,-0.04980378,-0.33359495,-0.014193408,0.41278544,0.68170905,-0.090261966,-1.1626017,0.3221499,0.93192554,0.27693355,-0.6293834,-0.6954825,-0.8529518,-1.2494471,-0.16109999,0.27694377,0.3587385,0.2735762,0.88528913,-0.4548809,-1.0816139,-0.64701575,1.3954518,0.30061814,0.48613986,0.4060525,-0.6022373,0.34077466,0.7253398,-1.672525,-1.6885625,-0.0381378,-0.06197123,0.7469687,0.82743603,0.1549798,-1.3551521,-0.22180839,-1.4501015,-0.39714155,-0.19322544
14,0.6245134,0.4704791,0.39686352,-0.7078835,0.46490607,0.61858,-0.5793156,0.10443425,-0.56319135,0.5504326,1.3287394,-0.5969874,-0.65179265,-0.44775146,0.12287405,0.19161427,-0.3792581,-0.009968281,-0.56793374,-0.34245664,0.45201957,-0.22819746,1.2387915,0.5934692,-0.7503085,0.7395571,0.25223947,0.6633022,0.58998686,-0.610113,-0.18716776,-0.19746566,-0.32716703,-0.4757886,0.12871546,0.9982844,-0.3314796,-0.55219895,-0.58117163,0.31919095,-0.47959,-0.60326546,-0.71913815,0.6213862,0.23158745,-0.65178376,0.61080223,-0.54502416,0.35622156,0.95684904,-0.15133971,-0.83797085,-0.74472815,-0.72901416,0.11252023,-0.11742669,0.75292397,0.52900577,-0.5497961,-0.20393974,-0.13840103,0.59398377,-0.32765847,0.36120087,-0.050141513,-0.012699306,0.9775683,0.31091112,0.8735215,-0.3543185,0.88795507,0.4721508,0.9712541,0.9139331,-0.24015385,0.71142775,-0.12002492,0.8030611,0.462095,-0.49485785,0.68829167,0.67461556,-0.4100572,-0.40257126,1.2420754,-0.34973997,-0.22938383,-0.3153273,0.7024927,0.24509318,-0.2287758,-0.18831885,0.46080974,-0.53223395,0.7285334,-0.4191345,-0.8424281,0.3006424,-0.2524845,-0.48029035,-0.65563893,-0.45890766,0.7681187,0.60060155,0.6163299,-0.14642155,0.550279,0.45435384,-0.08840102,0.19733845,-0.5625013,1.1607932,-0.6175774,1.4172707,-0.4065649,0.02869173,0.25816825,-0.06580043,0.97603494,-0.45623583,-0.3114738,0.29993513,-0.295142,-0.16357338,-0.57216215,-0.1761316,-0.4546318,-0.7555623,-0.100591525,-0.45225057,-0.61762,-0.23900323,0.39773107,0.6975471,-0.8064728,0.83056104,0.032264367,-0.014286883,0.50019294,-0.08422256,-0.5376954,-0.4348594,0.21637972,-0.6440695,0.25961274,1.0792234,0.34979522,0.121646844,0.08528681,-0.4157863,-0.4379931,-0.58816457,0.6944152,0.7571652,0.63881177,0.0766331,-0.20950086,-0.56858766,0.060312312,-0.7032034,0.36655146,0.40581772,0.051783584,0.53811884,0.020970635,0.6956795,0.69797605,0.28209564,-0.40226316,0.22964002,-0.48462877,-0.631546,-0.23820564,-0.08839979,-0.11776139,-0.14458588,-0.5382357,-0.45275244,0.019161882,0.034569867,-0.36506134,0.43918407,0.28479862,-0.51678365,0.26581663,0.62169325,-0.3285447,-0.08266746,-0.08144031,-0.55287427,-0.25192574,0.041404936,-1.0356097,0.12560248,0.21466851,0.104680605,0.5487935,-0.29542005,0.09554891,0.2547909,-0.32810533,-0.25718936,-0.17559658,-0.4906443,-0.20074748,0.2446175,-0.29578328,0.45039445,0.15367062,-0.1613871,0.056165393,-0.51060575,0.039118733,-0.07486454,0.15969017,-0.038782466,-0.016148383,-0.21283482,0.051260307,0.65313256,0.06335741,-0.68305176,-0.016101986,0.58359146,0.23686557,-0.29920924,-0.6154616,-0.593954,-0.8300692,0.027020607,0.13175246,0.28176814,0.13668548,0.4259295,-0.30773258,-0.7011696,-0.47835064,0.64040244,0.27899578,0.16302054,0.17259145,-0.40897602,0.2507175,0.3347245,-1.0812746,-1.0595616,-0.13683802,-0.04209805,0.5945839,0.49839318,0.32123485,-0.70292825,-0.31627417,-1.0735515,-0.08014911,-0.30219635
15,0.62533295,0.47181138,0.3981502,-0.7084714,0.4660224,0.61945564,-0.57989323,0.105433576,-0.5642328,0.5508166,1.3313135,-0.5979371,-0.6522149,-0.4484682,0.12194501,0.19236183,-0.37994832,-0.0105884075,-0.56909204,-0.34228128,0.45355588,-0.22895932,1.2411668,0.59553504,-0.7511485,0.7411913,0.25368786,0.66588557,0.5919664,-0.61080784,-0.1881628,-0.19640124,-0.32826662,-0.47668153,0.12873004,1.0003773,-0.33134866,-0.55322933,-0.5815222,0.3196158,-0.48001903,-0.6044433,-0.71965575,0.62256986,0.2319047,-0.6523098,0.6120455,-0.54570365,0.35639912,0.9585825,-0.15173328,-0.8384011,-0.7457951,-0.729566,0.11181892,-0.119026124,0.75381243,0.53017145,-0.5502806,-0.20414591,-0.13876426,0.59529716,-0.32794005,0.36116517,-0.050325334,-0.014945447,0.98002845,0.3116088,0.87518936,-0.35456508,0.88952136,0.47322452,0.9731191,0.91549057,-0.24237788,0.7134166,-0.12008709,0.8037228,0.46140388,-0.49552917,0.6891896,0.6754909,-0.41031015,-0.40360993,1.2445809,-0.3505184,-0.2296713,-0.31617737,0.70298207,0.24545243,-0.22980022,-0.18870395,0.46155003,-0.5329724,0.72946835,-0.42032325,-0.8430842,0.30288422,-0.25262856,-0.48088944,-0.65625644,-0.45978856,0.76895976,0.60219884,0.6174468,-0.14706647,0.5511312,0.4542904,-0.08849597,0.19741051,-0.562866,1.1629558,-0.61823505,1.4204609,-0.40665692,0.02907491,0.25940475,-0.06631833,0.9790544,-0.45747817,-0.3125121,0.30027607,-0.29576677,-0.16378504,-0.57303834,-0.17657161,-0.4560343,-0.7562031,-0.061283052,-0.4978945,-0.8313035,-0.13930538,0.44667754,0.46792254,-0.9171964,0.7446173,-0.008732503,-0.11938974,0.44506386,-0.05503192,-0.42542467,-0.42448014,0.28165376,-0.6652554,0.17720568,1.2312499,0.4794989,0.29013947,9.439886e-06,-0.5787479,-0.39643744,-0.6047304,0.545276,0.73013204,0.51359546,0.18846984,-0.28472096,-0.5027506,-0.040260304,-0.61564016,0.45290607,0.3549928,0.10870864,0.38107845,0.105284706,0.6270894,0.53833216,0.19742,-0.52668333,0.19161575,-0.30304438,-0.58355033,-0.35628527,-0.059562884,-0.07681566,-0.11704262,-0.6614212,-0.41260052,0.05944096,-0.04013307,-0.47759247,0.26517233,0.2967069,-0.39729452,0.19360436,0.4439621,-0.36087915,0.0013174489,-0.119652934,-0.5604559,-0.36818922,0.06472492,-0.8367768,-0.019477513,0.1686702,-0.039971396,0.6252276,-0.18625073,0.107857324,0.37678632,-0.33278942,-0.36772305,-0.15008152,-0.21374835,-0.1677829,0.22453366,-0.28539342,0.45008227,0.23896843,-0.28452063,0.05538051,-0.2925369,0.22824655,-0.07423225,0.17088808,-0.09487318,0.06585777,-0.054861676,-0.046361953,0.62926435,-0.036996894,-0.6782021,0.050544772,0.42866603,0.14805739,-0.32340524,-0.7665566,-0.4536739,-0.8822445,-0.02040703,0.31896687,0.15679692,0.27338916,0.46185273,-0.34358227,-0.4910713,-0.40450984,0.7293651,0.40288216,0.16959834,0.25900057,-0.38060817,0.19726378,0.119028784,-1.0532857,-0.8727492,-0.20633481,-0.09874157,0.28272727,0.47447786,0.08562043,-0.7963513,-0.2541577,-0.97100765,-0.09981334,-0.15637928
16,0.6431501,0.51942784,0.44969076,-0.72637784,0.497271,0.6677571,-0.58776224,0.16680208,-0.5938448,0.553215,1.3894827,-0.6267661,-0.65331244,-0.4589566,0.04872351,0.2140659,-0.42173702,-0.035595715,-0.6066485,-0.31920236,0.5159482,-0.23937416,1.2972045,0.66815287,-0.77611667,0.78102577,0.30183923,0.7423533,0.6531278,-0.62138927,-0.20977378,-0.10473716,-0.3617984,-0.5009918,0.1276967,1.0561569,-0.31176662,-0.58553255,-0.58332896,0.32469964,-0.48315525,-0.6459411,-0.7303393,0.6743733,0.23762077,-0.65300274,0.66073453,-0.5746659,0.35911056,0.98274696,-0.16707051,-0.8484024,-0.7787773,-0.7423584,0.067493334,-0.19235533,0.75380874,0.5527662,-0.56263983,-0.19864422,-0.1578744,0.63658094,-0.3277917,0.33661145,-0.05000949,-0.10807216,1.0433037,0.3497481,0.9274962,-0.32801998,0.91790783,0.5201244,1.0349429,0.93641716,-0.33084285,0.7929956,-0.121009886,0.79072183,0.40056232,-0.52124447,0.6991119,0.68352115,-0.41091162,-0.43843436,1.3023291,-0.3678457,-0.23231012,-0.35378176,0.6778654,0.24442673,-0.27743363,-0.19002336,0.47648716,-0.5556388,0.75603664,-0.46135032,-0.8598345,0.38350376,-0.26231974,-0.483275,-0.6670761,-0.48671567,0.7932857,0.66120315,0.6484659,-0.17388654,0.5746585,0.43049926,-0.10023856,0.20065075,-0.5752965,1.2104111,-0.6318108,1.5152165,-0.38415468,0.03903821,0.34326077,-0.077380955,1.062612,-0.4898318,-0.34872395,0.30186662,-0.31789333,-0.17306525,-0.60419023,-0.1823085,-0.5006956,-0.7776262,-0.17334487,-0.6043782,-0.7760718,0.06907592,1.0812669,1.5926774,-1.5314251,0.6700582,0.33991855,-0.8517891,1.1784346,-0.02265495,-0.60273206,-1.9418564,1.1895038,-0.87012225,0.86963195,3.1173482,1.0405092,0.6086179,-0.60891813,-0.8447281,-1.875976,-0.86651194,0.26414296,1.8530761,1.9599706,0.61800677,-0.89981085,-0.7885535,-0.94621074,-1.4587989,0.5261436,0.737253,0.08291985,1.1030176,0.87884146,1.7790356,1.8421181,-0.25177947,-1.1221865,0.0012204461,-1.3002622,-1.0061418,-0.40791717,-0.6530824,-0.44788963,-0.8690671,-1.9988401,-0.73501074,-0.69479346,0.48072335,-1.9519993,1.0315418,0.4011544,-1.2851548,0.67263806,0.64660877,-0.6139663,-0.22032435,-1.5952792,-1.3493675,0.063297436,-0.65957826,-1.5088344,1.5320504,-0.37332362,-0.16886339,1.4761746,-0.7406168,0.45241445,1.488516,-0.6016486,-0.8416656,-0.4897577,-0.21659108,-1.3010272,0.89351076,-0.7637255,1.0087366,1.0577272,0.44637027,-0.31722292,-1.3608375,-0.34964594,0.0348066,-0.021347944,-0.37394777,0.21292862,0.3123756,0.9382832,1.43776,-0.87325245,-1.4369085,0.9554786,1.8435786,0.10304583,-0.34611058,-1.4471087,-1.4758195,-1.8770863,0.34118718,1.0673963,1.008313,0.7659071,0.5532499,-1.1030066,-1.3474858,-1.1113075,1.7261794,0.477282,0.19908838,0.9121655,-0.6466387,1.5768442,1.0334821,-2.3183265,-1.7120037,-0.37884375,-0.70586413,1.070559,1.5644445,-0.39319903,-1.8096988,0.6418149,-1.48422,-0.2853826,-0.104279615
17,0.4146664,0.15861669,0.08863143,-0.51674104,0.18650828,0.42220753,-0.40642244,-0.13231081,-0.20448118,0.43913212,0.6732619,-0.26472753,-0.5142474,-0.22453052,0.31484446,0.019003049,-0.22033703,0.14847666,-0.16255188,-0.3613314,0.073107205,0.0016592231,0.6402894,0.07980804,-0.413903,0.3238844,-0.101376474,0.012251172,0.0851446,-0.38175905,0.128607,-0.3872562,-0.010798514,-0.19223303,0.11352519,0.4756544,-0.36735225,-0.21542186,-0.48413146,0.1956271,-0.35524875,-0.1946814,-0.54640824,0.34666973,0.16002053,-0.4801885,0.32014504,-0.3577087,0.32468414,0.5389748,-0.049835384,-0.6789033,-0.26954436,-0.5487576,0.2525998,0.30047902,0.5217593,0.2376297,-0.40735227,-0.16470969,-0.056557596,0.29117358,-0.2414378,0.34423545,-0.008562028,0.545083,0.3664148,0.14584686,0.46484435,-0.26685137,0.49008158,0.2126539,0.49767703,0.51673394,0.42809105,0.22174484,-0.10864329,0.63530695,0.61400354,-0.29078925,0.44369975,0.43191636,-0.34542376,-0.08376646,0.59664005,-0.12931395,-0.1263268,-0.09270936,0.5525727,0.15996821,0.07354092,-0.06619942,0.2612855,-0.29225874,0.49782825,-0.038636565,-0.5513126,-0.22247529,-0.19927096,-0.28892946,-0.4510464,-0.17412937,0.57240325,0.18832025,0.32702628,0.033181634,0.34031934,0.45559883,-0.053248942,0.20081079,-0.46789742,0.6358454,-0.40242702,0.6125442,-0.3592556,-0.074628174,-0.014459133,0.09131896,0.22389637,-0.028393388,-0.0007096529,0.19868457,-0.13101435,-0.09890431,-0.28719705,-0.053261936,0.047971625,-0.5280829,-0.022430679,-0.52093416,-1.0745728,0.06344648,0.10940194,0.66357356,-1.2948492,0.81581014,-0.28091025,-0.044502843,0.4681753,-0.008900184,-0.4124187,-0.2898175,0.7537778,-0.5201218,0.1550779,1.5034271,0.3265381,-0.26718122,0.07717745,-0.9043533,-0.3353409,-0.27103904,0.72656107,0.620967,0.61643857,0.29965895,-0.23449014,-0.26881748,0.25715283,-1.0654175,0.28071192,0.55550927,0.3783803,0.27128047,-0.41617674,1.0225544,0.30701163,0.5304752,-0.5103813,0.47683203,-0.3145036,-0.4469027,-0.49328893,-0.435301,0.09745299,-0.071745925,-0.70170873,-0.79187614,0.61637616,-0.040829286,-0.00023507327,0.2512081,0.5834452,-0.83441645,0.059560947,0.9378008,-0.40928003,-0.34205273,-0.068223424,-0.4570114,-0.60360515,-0.038095534,-0.9194408,-0.049667343,-0.124444485,-0.37717146,0.33069843,-0.4811973,-0.22559823,-0.0024078563,-0.5340456,-0.5343363,-0.38169932,-0.2735952,-0.4006041,0.15064321,-0.1148278,0.28719237,-0.27560246,0.11630828,-0.014999321,-0.3771295,-0.09446343,0.15111065,-0.10138342,-0.46311128,-0.4139812,-0.2664423,-0.024856951,0.4461737,-0.09267045,-0.895615,0.03473307,0.63923854,0.40249777,-0.41860297,-0.7287149,-0.12805349,-0.6928338,-0.7133259,0.24392411,-0.0053040385,-0.098933436,0.70176864,-0.06251204,-0.61136335,-0.550302,0.6476007,0.43150184,0.27269718,0.134148,-0.5790503,0.21050873,0.25818813,-1.3006214,-0.9392613,-0.3445862,0.42201436,0.31356886,0.359571,0.4136068,-1.4124103,-0.16650245,-1.0667034,-0.19858,-0.30314726
18,0.5609603,0.5274155,0.38258126,-0.7207744,0.4918319,0.7113836,-0.6117579,0.061568554,-0.5758581,0.5260712,1.3004396,-0.5858582,-0.6542493,-0.44629312,0.104910925,0.21246934,-0.43172568,0.02406058,-0.5531142,-0.3456065,0.4937515,-0.24747783,1.2734071,0.5810036,-0.76017684,0.7703558,0.25476363,0.6631378,0.57602435,-0.59600943,-0.14377844,-0.16151434,-0.3498478,-0.48233986,0.18567486,0.98853713,-0.28908247,-0.58453107,-0.5780146,0.291456,-0.48397028,-0.61161023,-0.7215793,0.638585,0.28577355,-0.655619,0.6883662,-0.55928665,0.37078673,0.91372,-0.14652646,-0.84379286,-0.7374574,-0.7267854,0.10279451,-0.17320943,0.7283707,0.5406529,-0.5742649,-0.22370595,-0.17867923,0.64177203,-0.347349,0.34812525,-0.066218555,0.07075298,1.0127763,0.33262962,0.923267,-0.34698927,0.98037094,0.552989,0.986924,0.9387345,-0.23138219,0.7313024,-0.10780966,0.80862516,0.4658585,-0.48321176,0.69926363,0.69607955,-0.44979656,-0.40798455,1.2970139,-0.37840962,-0.22407305,-0.3256545,0.69649357,0.26584765,-0.25402975,-0.17939705,0.40870923,-0.552035,0.78018963,-0.43677908,-0.84387887,0.26569328,-0.25506175,-0.46696538,-0.6659186,-0.44715023,0.81889766,0.6015699,0.5980626,-0.12574875,0.57045007,0.4468416,-0.08229607,0.21275684,-0.57698137,1.1590824,-0.6062393,1.4392141,-0.4067775,-0.058536112,0.3434768,-0.025841415,0.9051845,-0.45967525,-0.29248607,0.3236456,-0.2895667,-0.1287871,-0.5626557,-0.21763039,-0.4463604,-0.7667931,0.5673532,-0.3600795,-1.4591113,-0.28437373,0.30860403,0.13070415,-1.5104402,0.63070554,-0.73174196,-0.14487559,0.38441595,0.08496274,-0.3078644,-0.6657101,1.1626362,0.05732827,0.5468197,1.7001693,0.8845081,-0.69711065,-0.38097432,-0.5388631,-0.4766548,-0.16462518,0.22457229,1.1122217,0.52559316,0.29986218,0.20947048,0.6324946,0.024085917,-1.4204667,0.0292476,-0.062296174,0.79376423,-0.5031668,-0.5017668,1.3200468,0.5829986,0.02421654,-0.59551674,0.35833412,0.04093393,-1.1499602,-0.39407396,-0.09482792,0.9499301,0.012535557,-0.61642265,-0.55047446,0.19038811,0.23787503,-0.4090452,0.025408871,0.57741076,-1.0107243,1.0193889,-0.037862793,-0.11959727,-0.495152,0.0032722056,-1.4062746,-0.34744218,0.050515592,-0.76187176,0.36201876,0.4444457,-1.0207303,0.38367993,-0.4710678,-0.13674206,1.0448778,-0.5979005,-0.81069493,-0.4292497,-0.7000957,-0.42876104,0.07639782,-0.44584426,-0.2826403,-0.6100755,0.21445066,-0.10140863,0.31437105,0.14796598,0.62749225,-0.46648625,-0.069907434,-0.1447685,-0.16874975,0.43749097,0.02448935,-0.15356532,-1.0077524,0.7796447,0.35473487,0.567192,0.042749852,-0.97711843,0.11771945,-1.0468602,-1.2469988,0.6441173,0.1911054,1.095715,1.3554714,0.18510589,-0.5093551,-0.74042064,0.9785706,0.7009253,0.93701535,0.459467,-0.5623944,0.23831803,0.0047048256,-1.4687346,-1.3935486,0.219347,0.42050788,0.36331546,0.22301833,-0.39412925,-0.71617705,0.23418003,-0.7273881,-1.3821267,-0.31148672
19,0.5609603,0.5274155,0.38258126,-0.7207744,0.4918319,0.7113836,-0.6117579,0.061568554,-0.5758581,0.5260712,1.3004396,-0.5858582,-0.6542493,-0.44629312,0.104910925,0.21246934,-0.43172568,0.02406058,-0.5531142,-0.3456065,0.4937515,-0.24747783,1.2734071,0.5810036,-0.76017684,0.7703558,0.25476363,0.6631378,0.57602435,-0.59600943,-0.14377844,-0.16151434,-0.3498478,-0.48233986,0.18567486,0.98853713,-0.28908247,-0.58453107,-0.5780146,0.291456,-0.48397028,-0.61161023,-0.7215793,0.638585,0.28577355,-0.655619,0.6883662,-0.55928665,0.37078673,0.91372,-0.14652646,-0.84379286,-0.7374574,-0.7267854,0.10279451,-0.17320943,0.7283707,0.5406529,-0.5742649,-0.22370595,-0.17867923,0.64177203,-0.347349,0.34812525,-0.066218555,0.07075298,1.0127763,0.33262962,0.923267,-0.34698927,0.98037094,0.552989,0.986924,0.9387345,-0.23138219,0.7313024,-0.10780966,0.80862516,0.4658585,-0.48321176,0.69926363,0.69607955,-0.44979656,-0.40798455,1.2970139,-0.37840962,-0.22407305,-0.3256545,0.69649357,0.26584765,-0.25402975,-0.17939705,0.40870923,-0.552035,0.78018963,-0.43677908,-0.84387887,0.26569328,-0.25506175,-0.46696538,-0.6659186,-0.44715023,0.81889766,0.6015699,0.5980626,-0.12574875,0.57045007,0.4468416,-0.08229607,0.21275684,-0.57698137,1.1590824,-0.6062393,1.4392141,-0.4067775,-0.058536112,0.3434768,-0.025841415,0.9051845,-0.45967525,-0.29248607,0.3236456,-0.2895667,-0.1287871,-0.5626557,-0.21763039,-0.4463604,-0.7667931,0.5673532,-0.3600795,-1.4591113,-0.28437373,0.30860403,0.13070415,-1.5104402,0.63070554,-0.73174196,-0.14487559,0.38441595,0.08496274,-0.3078644,-0.6657101,1.1626362,0.05732827,0.5468197,1.7001693,0.8845081,-0.69711065,-0.38097432,-0.5388631,-0.4766548,-0.16462518,0.22457229,1.1122217,0.52559316,0.29986218,0.20947048,0.6324946,0.024085917,-1.4204667,0.0292476,-0.062296174,0.79376423,-0.5031668,-0.5017668,1.3200468,0.5829986,0.02421654,-0.59551674,0.35833412,0.04093393,-1.1499602,-0.39407396,-0.09482792,0.9499301,0.012535557,-0.61642265,-0.55047446,0.19038811,0.23787503,-0.4090452,0.025408871,0.57741076,-1.0107243,1.0193889,-0.037862793,-0.11959727,-0.495152,0.0032722056,-1.4062746,-0.34744218,0.050515592,-0.76187176,0.36201876,0.4444457,-1.0207303,0.38367993,-0.4710678,-0.13674206,1.0448778,-0.5979005,-0.81069493,-0.4292497,-0.7000957,-0.42876104,0.07639782,-0.44584426,-0.2826403,-0.6100755,0.21445066,-0.10140863,0.31437105,0.14796598,0.62749225,-0.46648625,-0.069907434,-0.1447685,-0.16874975,0.43749097,0.02448935,-0.15356532,-1.0077524,0.7796447,0.35473487,0.567192,0.042749852,-0.97711843,0.11771945,-1.0468602,-1.2469988,0.6441173,0.1911054,1.095715,1.3554714,0.18510589,-0.5093551,-0.74042064,0.9785706,0.7009253,0.93701535,0.459467,-0.5623944,0.23831803,0.0047048256,-1.4687346,-1.3935486,0.219347,0.42050788,0.36331546,0.22301833,-0.39412925,-0.71617705,0.23418003,-0.7273881,-1.3821267,-0.31148672
20,0.06387815,0.22079368,-0.0021291375,-0.39463228,0.19228646,0.3827781,-0.40800327,-0.19414276,-0.21061271,0.17890993,0.35500082,-0.09763533,-0.3661213,-0.16845185,0.20529765,0.07396361,-0.23230141,0.15818147,-0.036334038,-0.24980068,0.13830513,-0.120914996,0.46835315,0.020368766,-0.33961296,0.28468636,-0.01944691,0.063948184,0.046479262,-0.21657658,0.12282617,-0.234043,-0.11182511,-0.16852057,0.19262132,0.26898673,-0.09519392,-0.28614432,-0.30012667,0.05126847,-0.25244272,-0.14911991,-0.37640303,0.19720808,0.22150692,-0.37794667,0.34249175,-0.23454696,0.18813115,0.233578,-0.008837163,-0.5156007,-0.13757229,-0.34892553,0.14913513,0.009860573,0.26504412,0.18776238,-0.34972018,-0.15823394,-0.11306846,0.2744103,-0.21090525,0.18606927,-0.061114013,0.48598304,0.31812307,0.09513746,0.3757197,-0.20599192,0.5374712,0.28954256,0.2975357,0.39249724,0.25435075,0.16482463,-0.016472995,0.39392877,0.38087004,-0.11583197,0.296249,0.3288734,-0.3387698,-0.07847488,0.50582874,-0.20732164,-0.07675648,-0.062162936,0.35062975,0.16049878,-0.02368784,-0.040326,0.027081665,-0.2613169,0.3890991,-0.09804046,-0.40475684,-0.17816013,-0.101246536,-0.1736331,-0.35578448,-0.06727618,0.4185601,0.10924736,0.13513368,0.07884498,0.23715681,0.24359795,0.00062065496,0.11660125,-0.3169216,0.3771878,-0.21180075,0.41968536,-0.27118593,-0.21474916,0.124612845,0.1257796,0.0096451575,-0.10452771,0.056398574,0.19230106,-0.044688463,0.043102615,-0.11462402,-0.1862145,0.020696076,-0.39756954,0.3143185,-0.5004033,-1.475678,-0.10775213,0.10430144,0.32823867,-1.5186903,0.94774413,-0.6134671,-0.070217825,0.4055403,0.08185366,-0.39995006,-0.32286492,0.9746692,-0.26412883,0.27560952,1.6772412,0.6188673,-0.5328511,-0.20291884,-0.6593249,-0.3111176,-0.21752934,0.5111647,0.93130904,0.57047385,0.29880294,0.05384533,0.24122733,0.3139473,-1.2977303,0.12383434,0.22594881,0.6228808,-0.04186693,-0.5414903,1.2022256,0.38463527,0.36510718,-0.59715414,0.51255125,-0.009212501,-0.7569227,-0.55682355,-0.22594222,0.62022173,0.10658367,-0.51119953,-0.78420615,0.57815355,0.12812042,0.035802767,0.038144045,0.69609535,-0.8417032,0.46224895,0.48225224,-0.22413832,-0.51665556,0.08526576,-0.87356204,-0.6041371,0.1825287,-0.76053214,-0.04182621,0.15777531,-0.7446405,0.3936506,-0.41444778,-0.18861271,0.49424946,-0.6027782,-0.65459067,-0.4478562,-0.5390198,-0.34164083,-0.009653427,-0.2987451,-0.050001375,-0.582077,0.14849855,-0.018201008,0.06275811,0.112891585,0.2897933,-0.23734102,-0.24176368,-0.30000925,-0.31672537,0.027558312,0.17699972,-0.13616093,-0.8936826,0.37611124,0.33826745,0.48921806,-0.24271953,-0.86786735,0.13193715,-0.75448006,-1.0602529,0.43091047,0.020669363,0.4874475,1.083514,0.108820975,-0.4537372,-0.54333,0.7877408,0.62572086,0.6637986,0.23631199,-0.5603362,0.09667851,-0.03590986,-1.3196266,-1.1080458,-0.12703073,0.47684148,0.27374628,0.21717331,0.028402813,-1.1103815,-0.12082285,-0.97755426,-0.9292037,-0.25720894
21,0.5609603,0.5274155,0.38258126,-0.7207744,0.4918319,0.7113836,-0.6117579,0.061568554,-0.5758581,0.5260712,1.3004396,-0.5858582,-0.6542493,-0.44629312,0.104910925,0.21246934,-0.43172568,0.02406058,-0.5531142,-0.3456065,0.4937515,-0.24747783,1.2734071,0.5810036,-0.76017684,0.7703558,0.25476363,0.6631378,0.57602435,-0.59600943,-0.14377844,-0.16151434,-0.3498478,-0.48233986,0.18567486,0.98853713,-0.28908247,-0.58453107,-0.5780146,0.291456,-0.48397028,-0.61161023,-0.7215793,0.638585,0.28577355,-0.655619,0.6883662,-0.55928665,0.37078673,0.91372,-0.14652646,-0.84379286,-0.7374574,-0.7267854,0.10279451,-0.17320943,0.7283707,0.5406529,-0.5742649,-0.22370595,-0.17867923,0.64177203,-0.347349,0.34812525,-0.066218555,0.07075298,1.0127763,0.33262962,0.923267,-0.34698927,0.98037094,0.552989,0.986924,0.9387345,-0.23138219,0.7313024,-0.10780966,0.80862516,0.4658585,-0.48321176,0.69926363,0.69607955,-0.44979656,-0.40798455,1.2970139,-0.37840962,-0.22407305,-0.3256545,0.69649357,0.26584765,-0.25402975,-0.17939705,0.40870923,-0.552035,0.78018963,-0.43677908,-0.84387887,0.26569328,-0.25506175,-0.46696538,-0.6659186,-0.44715023,0.81889766,0.6015699,0.5980626,-0.12574875,0.57045007,0.4468416,-0.08229607,0.21275684,-0.57698137,1.1590824,-0.6062393,1.4392141,-0.4067775,-0.058536112,0.3434768,-0.025841415,0.9051845,-0.45967525,-0.29248607,0.3236456,-0.2895667,-0.1287871,-0.5626557,-0.21763039,-0.4463604,-0.7667931,0.5673532,-0.3600795,-1.4591113,-0.28437373,0.30860403,0.13070415,-1.5104402,0.63070554,-0.73174196,-0.14487559,0.38441595,0.08496274,-0.3078644,-0.6657101,1.1626362,0.05732827,0.5468197,1.7001693,0.8845081,-0.69711065,-0.38097432,-0.5388631,-0.4766548,-0.16462518,0.22457229,1.1122217,0.52559316,0.29986218,0.20947048,0.6324946,0.024085917,-1.4204667,0.0292476,-0.062296174,0.79376423,-0.5031668,-0.5017668,1.3200468,0.5829986,0.02421654,-0.59551674,0.35833412,0.04093393,-1.1499602,-0.39407396,-0.09482792,0.9499301,0.012535557,-0.61642265,-0.55047446,0.19038811,0.23787503,-0.4090452,0.025408871,0.57741076,-1.0107243,1.0193889,-0.037862793,-0.11959727,-0.495152,0.0032722056,-1.4062746,-0.34744218,0.050515592,-0.76187176,0.36201876,0.4444457,-1.0207303,0.38367993,-0.4710678,-0.13674206,1.0448778,-0.5979005,-0.81069493,-0.4292497,-0.7000957,-0.42876104,0.07639782,-0.44584426,-0.2826403,-0.6100755,0.21445066,-0.10140863,0.31437105,0.14796598,0.62749225,-0.46648625,-0.069907434,-0.1447685,-0.16874975,0.43749097,0.02448935,-0.15356532,-1.0077524,0.7796447,0.35473487,0.567192,0.042749852,-0.97711843,0.11771945,-1.0468602,-1.2469988,0.6441173,0.1911054,1.095715,1.3554714,0.18510589,-0.5093551,-0.74042064,0.9785706,0.7009253,0.93701535,0.459467,-0.5623944,0.23831803,0.0047048256,-1.4687346,-1.3935486,0.219347,0.42050788,0.36331546,0.22301833,-0.39412925,-0.71617705,0.23418003,-0.7273881,-1.3821267,-0.31148672
22,0.5609603,0.5274155,0.38258126,-0.7207744,0.4918319,0.7113836,-0.6117579,0.061568554,-0.5758581,0.5260712,1.3004396,-0.5858582,-0.6542493,-0.44629312,0.104910925,0.21246934,-0.43172568,0.02406058,-0.5531142,-0.3456065,0.4937515,-0.24747783,1.2734071,0.5810036,-0.76017684,0.7703558,0.25476363,0.6631378,0.57602435,-0.59600943,-0.14377844,-0.16151434,-0.3498478,-0.48233986,0.18567486,0.98853713,-0.28908247,-0.58453107,-0.5780146,0.291456,-0.48397028,-0.61161023,-0.7215793,0.638585,0.28577355,-0.655619,0.6883662,-0.55928665,0.37078673,0.91372,-0.14652646,-0.84379286,-0.7374574,-0.7267854,0.10279451,-0.17320943,0.7283707,0.5406529,-0.5742649,-0.22370595,-0.17867923,0.64177203,-0.347349,0.34812525,-0.066218555,0.07075298,1.0127763,0.33262962,0.923267,-0.34698927,0.98037094,0.552989,0.986924,0.9387345,-0.23138219,0.7313024,-0.10780966,0.80862516,0.4658585,-0.48321176,0.69926363,0.69607955,-0.44979656,-0.40798455,1.2970139,-0.37840962,-0.22407305,-0.3256545,0.69649357,0.26584765,-0.25402975,-0.17939705,0.40870923,-0.552035,0.78018963,-0.43677908,-0.84387887,0.26569328,-0.25506175,-0.46696538,-0.6659186,-0.44715023,0.81889766,0.6015699,0.5980626,-0.12574875,0.57045007,0.4468416,-0.08229607,0.21275684,-0.57698137,1.1590824,-0.6062393,1.4392141,-0.4067775,-0.058536112,0.3434768,-0.025841415,0.9051845,-0.45967525,-0.29248607,0.3236456,-0.2895667,-0.1287871,-0.5626557,-0.21763039,-0.4463604,-0.7667931,0.5673532,-0.3600795,-1.4591113,-0.28437373,0.30860403,0.13070415,-1.5104402,0.63070554,-0.73174196,-0.14487559,0.38441595,0.08496274,-0.3078644,-0.6657101,1.1626362,0.05732827,0.5468197,1.7001693,0.8845081,-0.69711065,-0.38097432,-0.5388631,-0.4766548,-0.16462518,0.22457229,1.1122217,0.52559316,0.29986218,0.20947048,0.6324946,0.024085917,-1.4204667,0.0292476,-0.062296174,0.79376423,-0.5031668,-0.5017668,1.3200468,0.5829986,0.02421654,-0.59551674,0.35833412,0.04093393,-1.1499602,-0.39407396,-0.09482792,0.9499301,0.012535557,-0.61642265,-0.55047446,0.19038811,0.23787503,-0.4090452,0.025408871,0.57741076,-1.0107243,1.0193889,-0.037862793,-0.11959727,-0.495152,0.0032722056,-1.4062746,-0.34744218,0.050515592,-0.76187176,0.36201876,0.4444457,-1.0207303,0.38367993,-0.4710678,-0.13674206,1.0448778,-0.5979005,-0.81069493,-0.4292497,-0.7000957,-0.42876104,0.07639782,-0.44584426,-0.2826403,-0.6100755,0.21445066,-0.10140863,0.31437105,0.14796598,0.62749225,-0.46648625,-0.069907434,-0.1447685,-0.16874975,0.43749097,0.02448935,-0.15356532,-1.0077524,0.7796447,0.35473487,0.567192,0.042749852,-0.97711843,0.11771945,-1.0468602,-1.2469988,0.6441173,0.1911054,1.095715,1.3554714,0.18510589,-0.5093551,-0.74042064,0.9785706,0.7009253,0.93701535,0.459467,-0.5623944,0.23831803,0.0047048256,-1.4687346,-1.3935486,0.219347,0.42050788,0.36331546,0.22301833,-0.39412925,-0.71617705,0.23418003,-0.7273881,-1.3821267,-0.31148672
23,0.5609603,0.5274155,0.38258126,-0.7207744,0.4918319,0.7113836,-0.6117579,0.061568554,-0.5758581,0.5260712,1.3004396,-0.5858582,-0.6542493,-0.44629312,0.104910925,0.21246934,-0.43172568,0.02406058,-0.5531142,-0.3456065,0.4937515,-0.24747783,1.2734071,0.5810036,-0.76017684,0.7703558,0.25476363,0.6631378,0.57602435,-0.59600943,-0.14377844,-0.16151434,-0.3498478,-0.48233986,0.18567486,0.98853713,-0.28908247,-0.58453107,-0.5780146,0.291456,-0.48397028,-0.61161023,-0.7215793,0.638585,0.28577355,-0.655619,0.6883662,-0.55928665,0.37078673,0.91372,-0.14652646,-0.84379286,-0.7374574,-0.7267854,0.10279451,-0.17320943,0.7283707,0.5406529,-0.5742649,-0.22370595,-0.17867923,0.64177203,-0.347349,0.34812525,-0.066218555,0.07075298,1.0127763,0.33262962,0.923267,-0.34698927,0.98037094,0.552989,0.986924,0.9387345,-0.23138219,0.7313024,-0.10780966,0.80862516,0.4658585,-0.48321176,0.69926363,0.69607955,-0.44979656,-0.40798455,1.2970139,-0.37840962,-0.22407305,-0.3256545,0.69649357,0.26584765,-0.25402975,-0.17939705,0.40870923,-0.552035,0.78018963,-0.43677908,-0.84387887,0.26569328,-0.25506175,-0.46696538,-0.6659186,-0.44715023,0.81889766,0.6015699,0.5980626,-0.12574875,0.57045007,0.4468416,-0.08229607,0.21275684,-0.57698137,1.1590824,-0.6062393,1.4392141,-0.4067775,-0.058536112,0.3434768,-0.025841415,0.9051845,-0.45967525,-0.29248607,0.3236456,-0.2895667,-0.1287871,-0.5626557,-0.21763039,-0.4463604,-0.7667931,0.5673532,-0.3600795,-1.4591113,-0.28437373,0.30860403,0.13070415,-1.5104402,0.63070554,-0.73174196,-0.14487559,0.38441595,0.08496274,-0.3078644,-0.6657101,1.1626362,0.05732827,0.5468197,1.7001693,0.8845081,-0.69711065,-0.38097432,-0.5388631,-0.4766548,-0.16462518,0.22457229,1.1122217,0.52559316,0.29986218,0.20947048,0.6324946,0.024085917,-1.4204667,0.0292476,-0.062296174,0.79376423,-0.5031668,-0.5017668,1.3200468,0.5829986,0.02421654,-0.59551674,0.35833412,0.04093393,-1.1499602,-0.39407396,-0.09482792,0.9499301,0.012535557,-0.61642265,-0.55047446,0.19038811,0.23787503,-0.4090452,0.025408871,0.57741076,-1.0107243,1.0193889,-0.037862793,-0.11959727,-0.495152,0.0032722056,-1.4062746,-0.34744218,0.050515592,-0.76187176,0.36201876,0.4444457,-1.0207303,0.38367993,-0.4710678,-0.13674206,1.0448778,-0.5979005,-0.81069493,-0.4292497,-0.7000957,-0.42876104,0.07639782,-0.44584426,-0.2826403,-0.6100755,0.21445066,-0.10140863,0.31437105,0.14796598,0.62749225,-0.46648625,-0.069907434,-0.1447685,-0.16874975,0.43749097,0.02448935,-0.15356532,-1.0077524,0.7796447,0.35473487,0.567192,0.042749852,-0.97711843,0.11771945,-1.0468602,-1.2469988,0.6441173,0.1911054,1.095715,1.3554714,0.18510589,-0.5093551,-0.74042064,0.9785706,0.7009253,0.93701535,0.459467,-0.5623944,0.23831803,0.0047048256,-1.4687346,-1.3935486,0.219347,0.42050788,0.36331546,0.22301833,-0.39412925,-0.71617705,0.23418003,-0.7273881,-1.3821267,-0.31148672
24,0.5609603,0.5274155,0.38258126,-0.7207744,0.4918319,0.7113836,-0.6117579,0.061568554,-0.5758581,0.5260712,1.3004396,-0.5858582,-0.6542493,-0.44629312,0.104910925,0.21246934,-0.43172568,0.02406058,-0.5531142,-0.3456065,0.4937515,-0.24747783,1.2734071,0.5810036,-0.76017684,0.7703558,0.25476363,0.6631378,0.57602435,-0.59600943,-0.14377844,-0.16151434,-0.3498478,-0.48233986,0.18567486,0.98853713,-0.28908247,-0.58453107,-0.5780146,0.291456,-0.48397028,-0.61161023,-0.7215793,0.638585,0.28577355,-0.655619,0.6883662,-0.55928665,0.37078673,0.91372,-0.14652646,-0.84379286,-0.7374574,-0.7267854,0.10279451,-0.17320943,0.7283707,0.5406529,-0.5742649,-0.22370595,-0.17867923,0.64177203,-0.347349,0.34812525,-0.066218555,0.07075298,1.0127763,0.33262962,0.923267,-0.34698927,0.98037094,0.552989,0.986924,0.9387345,-0.23138219,0.7313024,-0.10780966,0.80862516,0.4658585,-0.48321176,0.69926363,0.69607955,-0.44979656,-0.40798455,1.2970139,-0.37840962,-0.22407305,-0.3256545,0.69649357,0.26584765,-0.25402975,-0.17939705,0.40870923,-0.552035,0.78018963,-0.43677908,-0.84387887,0.26569328,-0.25506175,-0.46696538,-0.6659186,-0.44715023,0.81889766,0.6015699,0.5980626,-0.12574875,0.57045007,0.4468416,-0.08229607,0.21275684,-0.57698137,1.1590824,-0.6062393,1.4392141,-0.4067775,-0.058536112,0.3434768,-0.025841415,0.9051845,-0.45967525,-0.29248607,0.3236456,-0.2895667,-0.1287871,-0.5626557,-0.21763039,-0.4463604,-0.7667931,0.5673532,-0.3600795,-1.4591113,-0.28437373,0.30860403,0.13070415,-1.5104402,0.63070554,-0.73174196,-0.14487559,0.38441595,0.08496274,-0.3078644,-0.6657101,1.1626362,0.05732827,0.5468197,1.7001693,0.8845081,-0.69711065,-0.38097432,-0.5388631,-0.4766548,-0.16462518,0.22457229,1.1122217,0.52559316,0.29986218,0.20947048,0.6324946,0.024085917,-1.4204667,0.0292476,-0.062296174,0.79376423,-0.5031668,-0.5017668,1.3200468,0.5829986,0.02421654,-0.59551674,0.35833412,0.04093393,-1.1499602,-0.39407396,-0.09482792,0.9499301,0.012535557,-0.61642265,-0.55047446,0.19038811,0.23787503,-0.4090452,0.025408871,0.57741076,-1.0107243,1.0193889,-0.037862793,-0.11959727,-0.495152,0.0032722056,-1.4062746,-0.34744218,0.050515592,-0.76187176,0.36201876,0.4444457,-1.0207303,0.38367993,-0.4710678,-0.13674206,1.0448778,-0.5979005,-0.81069493,-0.4292497,-0.7000957,-0.42876104,0.07639782,-0.44584426,-0.2826403,-0.6100755,0.21445066,-0.10140863,0.31437105,0.14796598,0.62749225,-0.46648625,-0.069907434,-0.1447685,-0.16874975,0.43749097,0.02448935,-0.15356532,-1.0077524,0.7796447,0.35473487,0.567192,0.042749852,-0.97711843,0.11771945,-1.0468602,-1.2469988,0.6441173,0.1911054,1.095715,1.3554714,0.18510589,-0.5093551,-0.74042064,0.9785706,0.7009253,0.93701535,0.459467,-0.5623944,0.23831803,0.0047048256,-1.4687346,-1.3935486,0.219347,0.42050788,0.36331546,0.22301833,-0.39412925,-0.71617705,0.23418003,-0.7273881,-1.3821267,-0.31148672
25,0.46537706,0.16254741,0.12626126,-0.5464617,0.19108497,0.43081343,-0.42017198,-0.123449326,-0.24641478,0.47514305,0.71545917,-0.30818582,-0.5315377,-0.25308704,0.29089418,0.007981914,-0.25082314,0.15236293,-0.20712864,-0.37354344,0.10121124,0.004962747,0.6903741,0.12870646,-0.43790966,0.3658269,-0.07318932,0.039633304,0.133109,-0.39134645,0.117287606,-0.36014515,-0.03276831,-0.22957045,0.11961588,0.5006601,-0.3698395,-0.25506502,-0.49613237,0.20704672,-0.36006367,-0.23308182,-0.56635225,0.3528458,0.15176861,-0.49537247,0.34232008,-0.37983876,0.32786402,0.56231153,-0.07471013,-0.702382,-0.315875,-0.56427145,0.23756355,0.26196006,0.54393816,0.2441631,-0.42452073,-0.16502148,-0.06312144,0.31621128,-0.23654127,0.34093812,-0.010510981,0.5069986,0.41048634,0.19593798,0.4965354,-0.26780117,0.5044432,0.24040332,0.5591372,0.5539851,0.39091036,0.26801172,-0.12870246,0.66605747,0.6007416,-0.3110398,0.46451545,0.44849035,-0.35191828,-0.12357879,0.65169907,-0.12522274,-0.122822225,-0.120150864,0.5530049,0.1682966,0.03386816,-0.07284999,0.29817995,-0.33479172,0.5341581,-0.07155925,-0.58250284,-0.19225448,-0.21556985,-0.30799234,-0.4727677,-0.21957386,0.6039884,0.24077597,0.3723389,0.009867434,0.36206105,0.47167218,-0.07303727,0.20256996,-0.4896708,0.68201816,-0.42349452,0.6706397,-0.36399496,-0.051536977,0.031493694,0.06908852,0.28744343,-0.06859964,-0.013980269,0.21450193,-0.14805508,-0.12167746,-0.33239204,-0.03917992,-0.00312078,-0.55904233,0.409542,-0.5678154,-1.5905081,-0.18903859,0.6219746,0.5953817,-1.6046942,0.71433365,-0.6329585,-0.39905122,0.48949468,-0.47872868,-1.1253662,-0.494168,0.7765788,-0.20242536,0.24086565,1.5334142,0.33696648,-0.17134576,-0.2885006,-0.6297023,-0.38630608,-0.019872535,0.8501814,0.88421273,0.7548387,0.22487433,0.14173514,0.073700845,0.25997224,-1.1202332,-0.08175368,0.092290066,0.8481669,-0.3399022,-0.8462114,1.5898079,0.66837204,0.15493648,-0.85969514,0.33958796,0.08186467,-1.5832025,-0.7183151,-0.41694954,0.8099355,0.12926184,-0.4422203,-0.60574883,0.8910119,0.12676984,-0.5920343,0.05090183,0.8657411,-1.1450734,0.7136236,0.44582817,-0.3248211,-0.75175846,0.73439246,-1.4823782,-0.53352946,-0.64223725,-1.4270277,0.6406584,0.37466344,-0.8251328,0.04272986,-0.61778647,-0.35725406,0.2897996,-0.7716863,-0.5634978,-0.6674383,-1.2198241,-0.4304869,0.38469464,-0.7544055,0.2354831,-0.71654916,-0.14793642,0.03091091,-0.0013874024,-0.18017498,0.34968427,-0.736771,-0.107189626,-0.7400128,-0.040522717,0.49677977,0.34890968,0.2307011,-1.5895246,0.47978914,0.77498806,0.38426885,-0.5462797,-0.76668537,-0.0023117065,-1.2828647,-1.1303881,0.114706635,0.2213568,0.516076,1.3789798,-0.16656256,-0.8530407,-0.83515567,1.3258768,0.75688446,0.9492346,0.29041708,-0.8053114,-0.015001968,0.4651691,-1.5922902,-1.5555191,0.18324304,0.58846635,0.8657449,0.58218867,-0.22967131,-1.0996588,-0.6399493,-1.1459501,-1.119978,-0.6550575
26,0.6237482,0.46945,0.395871,-0.70738226,0.46402755,0.61783755,-0.5788225,0.10372675,-0.5623753,0.55,1.326622,-0.59623796,-0.651403,-0.44717127,0.1234886,0.19105735,-0.37870413,-0.009534419,-0.56703764,-0.34249663,0.45085055,-0.22762942,1.2368249,0.5918904,-0.74964464,0.7382422,0.25117368,0.6613691,0.58849055,-0.6095361,-0.18644476,-0.19816196,-0.32633662,-0.4750864,0.12868038,0.9965893,-0.331477,-0.55139387,-0.58082694,0.3188165,-0.47920495,-0.6023583,-0.7186857,0.62041885,0.23131214,-0.65132,0.6097851,-0.54445815,0.35600182,0.95538104,-0.15102959,-0.8375967,-0.7439009,-0.7285383,0.11298437,-0.11630976,0.75211495,0.52807003,-0.5493679,-0.20374203,-0.13812262,0.59293574,-0.32740033,0.36112052,-0.05001259,-0.01113385,0.9756159,0.31032893,0.8721595,-0.35407245,0.88666195,0.47130036,0.96971405,0.9126114,-0.23857194,0.7098641,-0.11993837,0.80237484,0.46243426,-0.49430364,0.6874828,0.67383933,-0.4098025,-0.40177393,1.2400368,-0.34914076,-0.22914732,-0.31467175,0.7019741,0.24477871,-0.22801632,-0.18801153,0.46016288,-0.5316336,0.7276991,-0.4182387,-0.8418978,0.29901883,-0.2523393,-0.47978163,-0.6551167,-0.45821047,0.7673268,0.5993376,0.61537606,-0.14594543,0.54954666,0.4542658,-0.08830845,0.19721486,-0.5621575,1.1589847,-0.61702585,1.4147208,-0.4064228,0.028388778,0.25725076,-0.06541395,0.97368056,-0.4553007,-0.31069523,0.29962823,-0.29464865,-0.163378,-0.5714525,-0.17580682,-0.45358223,-0.75503004,-0.13839053,-0.32803285,-0.97930384,-0.19748001,0.72234553,0.94482356,-1.1204038,0.9119618,-0.0019501299,-0.284016,0.7538104,-0.25978035,-0.8379635,-0.7535953,0.4952789,-0.63520104,0.32334343,1.4248855,0.4939222,0.2293895,-0.1631643,-0.67019194,-0.76069885,-0.5507378,0.8061027,0.8970916,1.1439409,0.06823154,-0.41076848,-0.5361722,-0.18075825,-0.8653003,0.43296337,0.48390296,0.28202477,0.59205467,-0.08439332,1.1579745,0.89279425,0.09295167,-0.6468703,0.24069653,-0.6552861,-0.8534035,-0.46150142,-0.19073248,-0.15298772,-0.2825229,-1.0210842,-0.59099895,0.19472995,0.04733315,-0.7635226,0.41564485,0.54114246,-0.8985678,0.40323713,0.9273484,-0.7073369,-0.26575544,-0.1314345,-0.6604422,-0.48818666,-0.24441585,-1.2311618,0.38553378,0.1479357,-0.0644531,0.5963534,-0.42678043,-0.15133138,0.5153059,-0.39712945,-0.46514896,-0.3417882,-0.75670016,-0.56990737,0.35018402,-0.47627255,0.6227354,0.18520467,-0.27084482,0.080058,-0.7549755,-0.063288815,0.057435837,-0.051799595,0.0078010224,-0.14500953,-0.034126226,0.320704,0.7359473,-0.1321187,-1.0070003,0.18787481,0.80351806,0.26020527,-0.52598387,-0.6385604,-0.86863565,-1.2205603,-0.0056887344,0.36713514,0.33545533,0.16612723,0.65465814,-0.5919566,-0.9213711,-0.49651697,1.1780041,0.34237203,0.32026196,0.30008972,-0.5885912,0.40884218,0.53426975,-1.4774517,-1.228764,-0.08858922,-0.094294146,0.8458418,0.7602065,0.1464925,-1.1272733,-0.3521341,-1.3753661,-0.12645103,-0.17214282
27,0.05924008,0.03183113,-0.09027743,-0.094160736,0.07316399,-0.15726799,-0.09628266,-0.07047188,-0.093966484,0.11731099,0.19301443,-0.047385335,-0.2350021,-0.15661323,0.24183497,-0.011780143,0.17913337,0.014303096,-0.0076978803,-0.13857591,0.010907804,-0.1313631,0.15974064,-0.013884842,-0.03982407,0.13296844,0.04901509,0.09923896,0.009603424,-0.16623127,-0.08167946,-0.29200703,-0.043538034,-0.06559259,-0.011976898,0.09982414,-0.11196482,-0.05289334,-0.12390393,0.061757542,-0.1395545,0.028884556,-0.13069355,-0.049837828,0.05060409,-0.23853838,0.033383667,0.04670935,-0.082952976,0.1351285,0.084573396,-0.18378657,-0.12986302,-0.17597055,0.083310656,0.14026071,0.1650766,0.062686086,-0.030723572,-0.035844862,0.074271664,0.048653048,-0.06885904,0.18520197,0.01688444,-0.013566434,0.1315959,-0.0037302375,0.048481576,-0.19311804,0.122170694,-0.070824206,0.087372355,0.19489928,0.11098093,0.016936343,-0.043250144,0.22110228,0.23194733,-0.0013156533,0.23371395,0.17202216,-0.08136451,-0.0061490536,0.15524101,0.020216666,-0.06226343,0.09229292,0.20259461,0.05406739,0.041214027,-0.09212136,0.077927746,-0.06488705,0.08682688,0.012537774,-0.23169786,-0.0026804209,0.019087087,-0.21931303,-0.13024366,-0.074992895,0.030171392,0.08231524,0.05175061,0.05777963,0.099136114,0.15933916,-0.014880061,-0.015985608,0.08793415,0.10519021,-0.15955931,0.0909208,-0.19212264,0.14945388,-0.17668581,-0.098669946,0.23149532,-0.08347529,-0.014594197,0.03357717,0.025652291,0.0015764136,-0.10263282,-0.09805322,-0.012371719,-0.016115546,-0.043985676,-0.28825408,-0.48297647,0.047656022,0.010932103,0.07822781,-0.39459887,0.27259976,-0.15011264,-0.02317674,-0.11751083,-0.010380323,-0.10632783,-0.10461723,0.17377546,-0.33513954,0.20240875,0.47788584,0.08780503,0.009342622,0.15085182,-0.2957401,-0.0781419,-0.09009732,0.38216695,0.30886936,0.26156446,0.20121625,0.09756814,-0.17158906,0.12457794,-0.39314076,0.21554874,0.29744807,0.07068442,0.29545698,-0.004249173,0.2758041,0.07940448,0.1934175,-0.09997143,0.23198476,-0.010764515,-0.4565584,-0.32774436,-0.2904232,0.16984095,0.18990104,-0.018496083,-0.32774252,0.23949988,-0.16690491,0.05136631,0.2570767,0.22338116,-0.26971245,0.22816251,0.22016142,-0.1236278,0.11510575,0.09547599,-0.38267046,-0.17785424,0.16326247,-0.44747397,0.054799385,0.022157446,-0.25904444,0.18334174,-0.112568215,0.18843326,-0.091504805,-0.39667833,0.11820423,0.10447802,-0.08518623,0.11465192,0.09987142,-0.21284126,0.3299693,-0.11686207,-0.19024898,0.0074953525,-0.18986017,0.23959206,0.12588891,-0.023571767,0.13521914,0.03201327,-0.013975609,0.16153073,0.39117745,0.050490607,-0.23612891,-0.10639804,0.12578312,0.053356133,-0.07103352,-0.1827658,-0.030990686,-0.23700848,-0.24477376,0.03221838,0.11023673,-0.039769713,0.036093608,-0.05272361,-0.43401968,-0.1394906,0.23794585,0.07186043,0.28575197,-0.102530144,-0.35447899,0.07988411,-0.10389519,-0.39022413,-0.37011442,-0.08408857,0.2233782,-0.029627644,-0.077309966,0.16759118,-0.1615162,-0.056724854,-0.2663503,-0.11264358,-0.2161569
28,0.15561628,0.118759565,0.015288863,-0.29851824,0.13325319,0.20571399,-0.2610799,-0.080096066,-0.11485845,0.19713318,0.37978455,-0.121801674,-0.31966478,-0.122683346,0.21174282,0.045477394,-0.07748914,0.06267794,-0.07296413,-0.20239812,0.049987704,-0.060361087,0.34891346,0.017983891,-0.26950777,0.16491628,-0.04856491,0.039656624,0.022196567,-0.2584175,0.039857965,-0.2749058,-0.0235371,-0.09902269,0.056682568,0.27210957,-0.2005328,-0.12006962,-0.28501797,0.098157436,-0.22704035,-0.1082657,-0.34022892,0.19095483,0.11412809,-0.31207234,0.18379848,-0.19250101,0.15440318,0.29168782,0.012316873,-0.43680835,-0.1719256,-0.3438143,0.15972966,0.16286266,0.27491292,0.15679048,-0.238662,-0.104207456,-0.031058788,0.153069,-0.16006052,0.20386851,-5.7816505e-06,0.2863829,0.19931763,0.026820114,0.24683325,-0.17297125,0.29797298,0.09758158,0.22262293,0.2899715,0.21683535,0.11246781,-0.029544652,0.32506043,0.34944066,-0.15316504,0.24660489,0.25133997,-0.21186471,-0.020857275,0.32269937,-0.11464018,-0.08924621,-0.029002428,0.32340178,0.09399168,0.054856174,-0.04406655,0.09901506,-0.13553935,0.24603689,-0.017065525,-0.36213988,-0.124328315,-0.084964275,-0.17055815,-0.27481246,-0.06782621,0.2818514,0.07626418,0.13683209,0.042624056,0.17902327,0.2257911,-0.003840804,0.103046596,-0.2369011,0.32450783,-0.23797297,0.32323945,-0.22496921,-0.057634294,-0.049628377,0.058172356,0.120515324,-0.040913522,-0.017479837,0.104661174,-0.05097288,-0.021045625,-0.1345694,-0.08210844,0.026258236,-0.31240052,-0.009903522,-0.49332893,-0.93109816,-0.11394769,0.09754513,0.6768677,-1.1195191,0.66889656,-0.30657873,-0.03179473,0.4696232,-0.08814734,-0.25392714,-0.266659,0.5520411,-0.5158561,0.08281722,1.3039895,0.39487123,-0.18895723,0.06963216,-0.63814116,-0.37408143,-0.37829176,0.5893261,0.65056336,0.61166126,0.2904279,-0.07805432,-0.26704884,0.2037934,-0.9285946,0.26216438,0.3292703,0.3708899,0.32489005,-0.2547008,0.7854499,0.17382988,0.39805508,-0.36344624,0.32089522,-0.25846845,-0.4000414,-0.5027724,-0.4377947,0.19922103,-0.05734829,-0.70321864,-0.76586115,0.54691267,0.019419238,-0.0039186776,0.2706059,0.5133405,-0.8308772,0.20280348,0.8125174,-0.18119793,-0.26998222,-0.099216476,-0.43011376,-0.6241736,0.024113387,-0.71471894,0.015424609,-0.15217243,-0.4645951,0.36953494,-0.32610968,-0.12983508,0.07721463,-0.50907105,-0.40415755,-0.3716235,-0.31770843,-0.28693384,0.12166715,-0.22512054,0.3863964,-0.12650777,0.13194564,-0.052877516,-0.40131927,-0.08471483,0.15298903,-0.03853247,-0.30662128,-0.26050034,-0.13310942,0.0571717,0.50770557,-0.15907831,-0.66545314,-0.054584354,0.4657754,0.29831773,-0.31616914,-0.7383076,-0.11150132,-0.79264426,-0.49991015,0.26806003,0.029010043,-0.05403351,0.48048723,-0.04489772,-0.663982,-0.43366352,0.66081274,0.27158302,0.2573513,0.07378001,-0.45876414,0.15059039,0.15584992,-1.1112508,-0.81123745,-0.17319489,0.31705642,0.38437077,0.31515485,0.3495401,-0.9858531,-0.17944121,-0.8016777,-0.24527092,-0.18746707
29,0.6328827,0.49311727,0.4014614,-0.73917264,0.50674224,0.7348624,-0.60334224,0.121928684,-0.56096387,0.59787655,1.4180313,-0.6087254,-0.6767837,-0.45132536,0.1805024,0.20198281,-0.40549034,0.024618391,-0.5714675,-0.37904793,0.46286148,-0.21835905,1.2945467,0.58417654,-0.77601784,0.7713914,0.20309106,0.65655416,0.61998016,-0.6313356,-0.17345458,-0.27265912,-0.30649686,-0.4832828,0.1560707,1.0643799,-0.34301412,-0.5579296,-0.61075866,0.352012,-0.50376624,-0.6067225,-0.74648035,0.70607066,0.24096178,-0.6671784,0.6489442,-0.57343626,0.41268,0.96676695,-0.15842044,-0.863309,-0.74979043,-0.7540915,0.18647629,-0.0781225,0.8221092,0.53930223,-0.5924487,-0.19438696,-0.14712214,0.6350708,-0.35468405,0.3959207,-0.05736196,0.12996432,0.9828799,0.30526486,0.96102047,-0.35984528,0.9674252,0.52316177,1.0380692,0.94499385,-0.1733833,0.737319,-0.10601598,0.84756756,0.546708,-0.53742516,0.72598475,0.7476266,-0.44665658,-0.39963156,1.321372,-0.36952674,-0.27225512,-0.32353872,0.775165,0.24201222,-0.21261579,-0.19483906,0.4740045,-0.5537703,0.80992734,-0.4185735,-0.8532978,0.22000028,-0.30926055,-0.48308825,-0.67847437,-0.46636546,0.85561985,0.6179039,0.62986094,-0.15065926,0.60032475,0.5151379,-0.09819639,0.1875245,-0.61126566,1.2065223,-0.63563776,1.5230488,-0.44951522,-0.04405886,0.26875442,-0.012187719,0.9296758,-0.45706224,-0.30689645,0.34380546,-0.31114483,-0.17382872,-0.57614815,-0.20705396,-0.44733024,-0.7863831,0.012001564,0.19421877,-1.5823615,-0.3585223,0.4540441,1.2330157,-1.3803813,1.1099976,-0.7241071,-0.14149164,0.93289655,-0.15108217,-0.45890784,-0.73111767,0.9988496,-0.46819577,0.2546165,1.6063411,1.1023517,-1.1107208,0.152915,-1.817174,-0.7305846,-0.7315319,1.3808216,1.0466425,1.2939352,0.022662252,0.065125525,0.06383088,-0.06731679,-1.6085287,0.64052916,0.42090937,0.93382365,-0.18445785,-0.89678895,1.5261742,0.42922786,0.19531874,-0.85007566,0.4185538,-0.899959,-0.84411407,-1.1140429,-0.79365087,0.16828418,0.09824503,-1.8454671,-1.5603999,0.44402158,-0.43830022,-0.26272014,0.16371702,1.0270923,-1.7694238,1.0229183,1.140863,-1.0305853,-0.27733964,-0.00518395,-0.9202472,-0.9110866,0.068965636,-2.0740848,0.06764231,0.016697375,-0.46191892,0.050785087,-1.0100372,-0.9249565,0.4680323,-1.0086992,-0.65502197,-0.31808063,-1.2474067,-0.72301775,0.6688963,0.08397317,0.80132467,-0.1518602,-0.09005702,0.36381254,-0.5023606,-0.17948423,0.9525982,-0.32757926,-0.4160232,-0.5951223,-0.056479022,0.53595144,0.33445257,-0.5070259,-1.3735347,0.08494201,0.58346784,0.98176587,-0.60444045,-0.7881267,-0.62113893,-1.1149334,-1.2724054,0.47619784,0.0039951913,0.16140123,1.6068597,-0.22248645,-1.6103296,-0.56123877,2.0626981,0.18229602,0.7454443,0.5111242,-0.639689,0.39791948,0.41808674,-2.269793,-2.1087112,0.44840723,0.52337146,0.79201233,0.42052755,0.35485032,-1.821038,0.12345359,-1.4462923,-0.62979925,-0.21353292
30,0.45257798,0.16495337,0.105221674,-0.58871496,0.23690453,0.52874416,-0.45658904,-0.13121587,-0.2213822,0.52075106,0.8121052,-0.31151342,-0.57447886,-0.2618422,0.41511178,0.021194829,-0.24374568,0.19777831,-0.18774223,-0.42677718,0.08917516,0.0068457415,0.73630536,0.09073352,-0.4897573,0.39165425,-0.13466585,0.021112911,0.16219357,-0.4374779,0.11932509,-0.47968996,0.023636173,-0.2307058,0.15069312,0.5692571,-0.38471872,-0.2402597,-0.53538346,0.2492902,-0.3973977,-0.19776309,-0.6083182,0.42920345,0.15821105,-0.52875,0.35826987,-0.39820004,0.38383967,0.572168,-0.071024776,-0.74942195,-0.30062914,-0.6064409,0.36003238,0.35252312,0.6362605,0.25341108,-0.4842537,-0.15443319,-0.055099368,0.35134465,-0.27630395,0.40305614,-0.027790248,0.71561897,0.38863626,0.14786428,0.57594514,-0.30148864,0.6049291,0.27072212,0.6037392,0.58314824,0.53804016,0.25799713,-0.103854954,0.7266128,0.73467225,-0.3691411,0.49980232,0.54513574,-0.39966226,-0.101103604,0.73416036,-0.1630702,-0.19380718,-0.10484302,0.6695213,0.16863342,0.09551017,-0.0888505,0.3072643,-0.35557282,0.6175951,-0.04458481,-0.6026499,-0.2841422,-0.27812296,-0.31859577,-0.5085107,-0.21731299,0.6884897,0.23220927,0.36824763,0.018494284,0.41252935,0.5552696,-0.07678497,0.17193952,-0.54507864,0.7180456,-0.45224106,0.76842475,-0.44279116,-0.13963556,-0.014129043,0.13475496,0.20450646,-0.07056099,0.010585164,0.27248213,-0.15844613,-0.13004756,-0.30871892,-0.103660226,0.041964028,-0.60838073,0.12089573,-0.2599701,-1.6754279,-0.22146817,0.70718604,1.2201014,-1.6315904,1.0397831,-0.5508097,-0.42109054,0.82386214,-0.5869461,-1.1209764,-0.4774627,0.7712033,-0.5547341,-0.05977893,1.4654375,0.4707105,-0.3781963,-0.04148689,-1.2582129,-0.5402981,-0.40294576,1.4935621,0.955127,1.2655376,0.014127277,-0.031018078,-0.24254191,0.24998206,-1.2441527,0.26023898,0.3533031,0.91124713,-0.04051699,-1.1840905,1.719569,0.6012387,0.33844653,-1.0573951,0.36507124,-0.57536393,-1.3837104,-1.0356644,-0.7493636,0.42537883,0.055367783,-1.2199935,-1.3253509,1.002559,-0.37673655,-0.52285004,0.16310963,1.1265051,-1.491192,0.7175025,1.1885763,-0.9512374,-0.57993555,0.6440931,-0.95943457,-0.90438557,-0.6143658,-2.1436431,0.45921853,0.3444427,-0.52080524,-0.2494652,-1.0925462,-0.8433788,-0.113301456,-1.0231676,-0.3665419,-0.5955793,-1.5919316,-0.7266149,0.70523053,-0.28676024,0.8509684,-0.5564414,-0.2815868,0.24307528,-0.6181614,-0.4810523,0.5119254,-0.6685239,-0.2885261,-1.0099376,-0.0058030635,0.67178875,0.55153364,0.22148572,-1.7775074,0.014404222,0.88277364,0.65070003,-1.0445918,-0.519501,-0.5336649,-1.2814314,-1.0957285,0.075123146,0.025009774,-0.03718075,1.5885612,-0.34694976,-1.4863104,-0.64971834,1.8808377,0.42274338,0.8549671,0.31109005,-0.69708776,0.08597785,0.72262627,-2.0044994,-1.9957467,0.44081602,0.67270577,1.1042265,0.62000257,0.3333027,-1.6517619,-0.67260087,-1.5733836,-0.6780105,-0.51977736
31,0.62483126,0.47146958,0.397739,-0.7082209,0.46570596,0.6190041,-0.57967865,0.10520404,-0.5639515,0.5504682,1.3303455,-0.5976253,-0.651993,-0.44824684,0.122061476,0.19220829,-0.37969154,-0.010495782,-0.5687541,-0.3421746,0.45318758,-0.2288518,1.2403072,0.5949768,-0.7508818,0.74067235,0.25343382,0.66530126,0.59144336,-0.61054635,-0.18797594,-0.19649494,-0.32804036,-0.47642088,0.12869544,0.9996328,-0.33118504,-0.5529595,-0.581289,0.31939602,-0.4798125,-0.6041155,-0.7194135,0.622079,0.23181063,-0.65209174,0.61163723,-0.545421,0.35614237,0.95787126,-0.15157956,-0.8382013,-0.74549866,-0.72932076,0.111850165,-0.11880976,0.7533341,0.5297968,-0.5500485,-0.20405906,-0.13866311,0.59487265,-0.32780045,0.36101902,-0.0502941,-0.014668167,0.9793004,0.3113559,0.8745707,-0.3544429,0.88898754,0.47287127,0.9723971,0.9149055,-0.24200886,0.71282303,-0.12000579,0.8032678,0.46128348,-0.49524724,0.68879586,0.67508763,-0.4101498,-0.40333307,1.2437333,-0.3503167,-0.22954327,-0.31592292,0.70261693,0.24531369,-0.22958761,-0.1885891,0.46117195,-0.53272045,0.7290006,-0.42004377,-0.8428682,0.30247134,-0.25246865,-0.48067838,-0.6560092,-0.45950973,0.76846576,0.60171676,0.6169687,-0.14687979,0.5507618,0.45406556,-0.08842707,0.19729078,-0.56260467,1.1621108,-0.6179719,1.4193778,-0.4065234,0.029000243,0.25911132,-0.066230774,0.97823733,-0.4572001,-0.31225348,0.300102,-0.29553926,-0.16364026,-0.57274115,-0.17651254,-0.45571035,-0.75594693,-0.010346905,-0.58373827,-0.998753,-0.16479394,0.5649523,0.4969674,-1.0084914,0.81071836,-0.13191433,-0.0306249,0.5391839,-0.0682464,-0.49294937,-0.58983225,0.5528603,-0.73632103,0.3507787,1.5656852,0.65157443,0.22297515,-0.14354998,-0.6465993,-0.4739243,-0.6904298,0.5196689,0.8138904,0.7150513,0.1647584,-0.16345279,-0.4138258,-0.093569726,-0.8799934,0.43634024,0.3099635,0.32479492,0.48810753,0.10113131,0.92310345,0.7056255,0.29195347,-0.65371245,0.4383155,-0.36731473,-0.6684249,-0.46479023,-0.1971058,-0.13376984,-0.035472587,-0.5772917,-0.44067553,0.09361841,-0.05100972,-0.46856058,0.39107594,0.435042,-0.63290894,0.15654804,0.53503585,-0.5032729,-0.18139209,-0.23006123,-0.8185718,-0.23053053,-0.044765763,-0.9829916,0.114664845,0.07972043,-0.28167695,0.5225556,-0.28168833,0.030968755,0.58145,-0.54272527,-0.33131433,-0.2959039,-0.4359714,-0.29458448,0.1681538,-0.41270676,0.35197446,0.16264991,-0.23873992,0.045021676,-0.40981722,0.049016222,0.13359366,0.07268367,-0.104529925,-0.124614336,-0.06879552,0.100228876,0.51744825,-0.13933404,-0.86550164,0.2082814,0.6038477,0.15716383,-0.2999808,-0.7515408,-0.5532588,-0.8387591,-0.09261121,0.33458182,0.19106387,0.35141644,0.5786398,-0.24385539,-0.7175878,-0.4325433,0.911173,0.46272662,0.47464544,0.20316368,-0.58553654,0.3448274,0.27063856,-1.194307,-1.1292394,-0.14072251,0.007754928,0.3208939,0.5730981,0.22853145,-1.1103345,-0.12651035,-1.2017127,-0.2535146,-0.19312486
32,0.62389386,0.46965,0.3960622,-0.70747805,0.4641992,0.617973,-0.57891774,0.10386515,-0.56253546,0.5500815,1.3270344,-0.5963836,-0.65147734,-0.44728422,0.123373136,0.19116664,-0.37880635,-0.009622037,-0.5672119,-0.34248775,0.4510791,-0.22774708,1.2372057,0.5921963,-0.7497736,0.738494,0.25138256,0.6617476,0.5887794,-0.6096498,-0.186589,-0.19802946,-0.32650095,-0.4752233,0.12868169,0.9969201,-0.33147752,-0.5515499,-0.5808928,0.3188871,-0.47928065,-0.60253525,-0.7187726,0.62060237,0.23136789,-0.6514108,0.60998106,-0.5445662,0.3560402,0.95566756,-0.15108603,-0.837668,-0.7440635,-0.72862935,0.112893894,-0.1165275,0.7522701,0.5282548,-0.5494498,-0.20378238,-0.13817489,0.59313387,-0.32745075,0.3611346,-0.05003488,-0.011450112,0.97599435,0.31043857,0.8724186,-0.35412318,0.88691247,0.47146013,0.9700075,0.9128691,-0.23888439,0.71016955,-0.11995363,0.8025043,0.46236664,-0.4944098,0.6876413,0.67398894,-0.40984994,-0.4019271,1.2404284,-0.34925783,-0.22919285,-0.31479704,0.70207417,0.24484071,-0.22816521,-0.18806899,0.46028444,-0.53174776,0.7278555,-0.41841143,-0.8420013,0.29934022,-0.2523641,-0.47988242,-0.6552173,-0.45834464,0.76747495,0.5995811,0.61555815,-0.14603889,0.54968584,0.4542789,-0.08832461,0.19723926,-0.56222,1.1593347,-0.61713254,1.4152123,-0.40644896,0.02845377,0.25742617,-0.06549269,0.9741475,-0.45548546,-0.31084818,0.2996863,-0.29474258,-0.16341472,-0.57159066,-0.1758709,-0.453789,-0.7551316,-0.08229613,-0.4156397,-1.056888,-0.12970118,0.55865604,0.8414417,-1.134262,1.0320177,-0.15305915,-0.263137,0.7547663,-0.061462685,-0.8785854,-0.6369413,0.46044016,-0.76950336,0.2858264,1.6547481,0.48228407,0.12145822,-0.0063409805,-0.80724686,-0.539083,-0.62853986,0.8283622,0.9439616,1.0437074,0.12815835,-0.40185654,-0.5717558,0.0075103603,-0.92267275,0.31003225,0.52327734,0.2851885,0.4316046,-0.18593818,1.1352681,0.832253,0.3279347,-0.63943213,0.38045052,-0.5528281,-0.8059981,-0.4269107,-0.31961596,-0.07215276,-0.17670706,-0.84816664,-0.8024165,0.32530692,-0.059971318,-0.46083653,0.34449247,0.47688243,-0.81741947,0.1867017,0.9850327,-0.6944068,-0.2663931,-0.012210444,-0.7025534,-0.35571676,-0.16749485,-1.2961798,0.1423437,0.12684344,-0.0989555,0.5364227,-0.42649582,-0.14312288,0.33434874,-0.49231145,-0.4687047,-0.3863233,-0.7002314,-0.34504953,0.29873115,-0.44654253,0.6587915,0.21874705,-0.26039127,0.10878639,-0.5963973,-0.060962964,0.024611812,0.044474304,-0.08770423,-0.21510604,-0.081411906,0.1801822,0.72694665,-0.11417439,-1.0560422,0.07189297,0.6863503,0.312207,-0.610257,-0.76237935,-0.5981319,-1.0100287,-0.07197371,0.4047883,0.091235995,0.037590176,0.6751083,-0.31799293,-0.8495224,-0.4302439,1.1795232,0.43318588,0.30230108,0.19902937,-0.5641705,0.26683685,0.5862288,-1.4843818,-1.4077518,-0.10642908,0.09106978,0.6121461,0.6433357,0.30980286,-1.2711834,-0.32761797,-1.3631626,-0.27117056,-0.22867955
33,0.62420535,0.47004628,0.39643538,-0.7076777,0.46454087,0.61826104,-0.5791164,0.10412032,-0.56285053,0.5502715,1.3278649,-0.5966703,-0.6516391,-0.4475134,0.12316044,0.19137792,-0.37901902,-0.009779334,-0.567553,-0.34249115,0.45152467,-0.22796375,1.2379838,0.5927958,-0.7500288,0.73901135,0.25178665,0.6624781,0.58934605,-0.6098779,-0.18685895,-0.19778973,-0.3268168,-0.47549438,0.12870291,0.9975793,-0.3314941,-0.55186117,-0.58103704,0.31903952,-0.47943723,-0.6028793,-0.7189543,0.6209779,0.23147973,-0.65160066,0.6103832,-0.54478765,0.35613215,0.9562491,-0.15120333,-0.83781815,-0.7443793,-0.7288204,0.112729765,-0.116933346,0.7526015,0.52861696,-0.5496231,-0.2038657,-0.1382795,0.5935442,-0.32755685,0.36119103,-0.050083756,-0.012016892,0.9767538,0.31067008,0.8729535,-0.35422957,0.88742584,0.4717877,0.970613,0.913399,-0.23946238,0.71077186,-0.11999369,0.80280286,0.46227658,-0.49462652,0.6879757,0.67430764,-0.4099598,-0.40223223,1.2412328,-0.34948725,-0.22928572,-0.3150459,0.7023006,0.24496818,-0.22844899,-0.18819273,0.4605438,-0.53198385,0.7281951,-0.41875112,-0.84220815,0.29994097,-0.25242168,-0.48008782,-0.6554251,-0.45861483,0.767803,0.6000738,0.61593854,-0.14621139,0.5499811,0.45434007,-0.08836365,0.19729751,-0.56235826,1.1600485,-0.6173513,1.4162018,-0.40652025,0.028573427,0.25776607,-0.06563985,0.9750525,-0.45583993,-0.3111403,0.2998129,-0.29493028,-0.1634931,-0.5718676,-0.17599756,-0.4541825,-0.7553411,-0.18817973,-0.44107336,-0.874341,-0.054963913,0.48237732,0.5706423,-0.90435576,0.7510222,-0.050312467,-0.065812126,0.5022714,0.0056695007,-0.6910873,-0.3223247,0.29426464,-0.79219925,0.23703673,1.2595054,0.5149532,0.073295206,0.14056376,-0.46844336,-0.42370498,-0.6441005,0.6125737,0.6712519,0.6587726,0.14924325,-0.2746385,-0.4639939,-0.04043837,-0.59634763,0.48339066,0.4842433,0.21270087,0.5725146,-0.113603525,0.80696887,0.6013655,0.41011304,-0.5119712,0.32693407,-0.44570497,-0.6563227,-0.42779714,-0.19867562,-0.046675358,0.07682366,-0.5845614,-0.4228261,0.17211547,-0.09285322,-0.24518089,0.30589917,0.3948143,-0.4158162,0.079766124,0.7684551,-0.3409099,-0.09195075,-0.008011006,-0.65688586,-0.26793063,0.027298227,-1.1245459,0.06435346,0.19341758,-0.037076175,0.4581387,-0.38564894,0.046823665,0.23718877,-0.29313836,-0.2867153,-0.114191756,-0.36972997,-0.22967005,0.1556097,-0.22849427,0.55676013,0.14329796,-0.28192663,0.14128512,-0.41283625,0.10522816,0.040440727,0.101940155,0.052311953,-0.03487751,-0.305578,0.023834508,0.550541,-0.034955256,-0.8506786,-0.03480941,0.55659324,0.124727614,-0.38429302,-0.6568949,-0.4550925,-0.8413803,-0.104239516,0.13423932,0.12988357,0.15219468,0.56347567,-0.23794524,-0.8049783,-0.34770316,0.7442397,0.30299234,0.4022723,0.09661047,-0.52807903,0.23644768,0.3325665,-1.1888419,-1.1342977,-0.14961548,0.1477926,0.5442079,0.57591546,0.35227668,-0.87663937,-0.3968487,-1.0407075,-0.17605999,-0.18034795
34,0.089152016,0.08400335,-0.033535957,-0.22696,0.09309088,0.06367557,-0.20652825,-0.05649203,-0.115253806,0.21148738,0.28038496,-0.0916338,-0.27986133,-0.13435549,0.17373592,0.016949106,0.032488197,0.07231294,-0.095774114,-0.16602606,0.07396825,-0.07639104,0.23349054,0.05683712,-0.19417137,0.112931535,-0.009343684,0.09224979,0.0065361373,-0.19242787,-0.02487421,-0.23286796,-0.03800714,-0.07590538,0.012918495,0.19925083,-0.1634891,-0.10025531,-0.27077526,0.097543746,-0.1441384,-0.09459108,-0.2523446,0.14885664,0.04133563,-0.2911427,0.14481957,-0.11069995,0.07660147,0.17893283,-0.009258628,-0.3619951,-0.17456889,-0.28622824,0.13334414,0.15850496,0.22217727,0.091441564,-0.15169501,-0.011060774,-0.00072950125,0.1242733,-0.104329646,0.16546229,0.006032983,0.17456967,0.18936169,0.054327834,0.15426026,-0.16690046,0.18671408,0.04918971,0.18234652,0.2504212,0.1431466,0.056698337,0.009626059,0.2697329,0.32998967,-0.114969015,0.21561325,0.19209808,-0.1748209,-0.057604253,0.25603452,-0.078553855,-0.051475644,0.016291069,0.23577306,0.06601088,-0.011484146,-0.057331026,0.12981828,-0.12620956,0.22276405,-0.024902701,-0.2987014,-0.08188385,-0.049900174,-0.17180556,-0.22502303,-0.09190488,0.19416139,0.0830298,0.1309675,0.014497209,0.142679,0.19096698,-0.026143491,0.0183487,-0.12847412,0.24136141,-0.19627124,0.2507863,-0.23383832,-0.002485454,-0.05091673,0.026669612,0.18681204,-0.0942986,-0.04242444,0.14414185,-0.062603414,-0.01204741,-0.13180882,-0.09347117,-0.063943565,-0.25348157,-0.038628176,-0.5368375,-0.7084236,0.104648516,0.20592837,0.41668084,-0.8979003,0.1698391,-0.013533555,-0.23821266,0.2597366,0.21617433,-0.18308853,-0.4519129,0.53753644,-0.49390882,0.3091458,0.92886096,0.20602389,0.06773845,-0.038271118,-0.6880759,-0.37435853,-0.23390691,0.6294862,0.6630457,0.525324,0.47449684,-0.025547083,-0.20950009,-0.3310417,-0.8765921,0.20802954,0.32122183,0.2422061,0.2868337,-0.11984775,0.8171094,0.4020968,-0.06107466,-0.24708217,0.2151807,-0.30133483,-0.85794014,-0.40923372,-0.50797814,0.22778617,-0.040407613,-0.770019,-0.55281985,0.14259584,-0.25365657,-0.35896605,0.29175186,0.39915812,-0.84959346,0.7678774,0.22736149,-0.16151038,-0.03606347,-0.120987475,-0.97755057,-0.25851646,-0.24218582,-0.90722555,0.4748982,0.00962783,-0.5485266,0.26979256,-0.2931084,0.09962621,0.14302859,-0.8664279,-0.25737602,-0.25572428,-0.28265008,-0.35908064,0.79926133,-0.4144786,0.5553312,0.019569382,-0.19134045,0.28710607,-0.32776368,0.020396002,0.33204934,-0.29946986,-0.0702933,-0.13049282,0.013138536,0.44926766,0.57149386,-0.19265483,-0.6995709,0.10216565,0.6210401,0.29544795,-0.30365226,-0.83532715,-0.3803628,-0.96000063,-0.5457508,0.2725258,0.39039686,0.27876827,0.48356944,-0.08869333,-0.8134176,-0.59673035,0.88457954,0.16631065,0.39438578,0.37777904,-0.561345,0.37839767,0.36895394,-1.134095,-0.977384,0.029340213,0.41114318,0.38652807,0.2541382,0.004167732,-0.77933645,0.26240912,-0.5209749,-0.4096403,-0.18916932
35,0.11348276,0.10454985,-0.017022371,-0.27177107,0.10404076,0.15889007,-0.2452653,-0.0569008,-0.11258924,0.23434359,0.3261181,-0.1110276,-0.30540335,-0.14135861,0.17084521,0.021663401,-0.026072025,0.08970016,-0.115398705,-0.17815304,0.095614776,-0.04684651,0.27480337,0.07930961,-0.25345016,0.12177866,-0.027689934,0.09620395,0.0254893,-0.19803065,-0.0074447393,-0.22756028,-0.04126185,-0.081214845,0.020705909,0.24685845,-0.1748178,-0.11666137,-0.30839306,0.11265721,-0.15857804,-0.13661873,-0.30138582,0.20063299,0.044270657,-0.31223965,0.1819616,-0.16341376,0.12683971,0.18901749,-0.02701217,-0.42033464,-0.18811446,-0.32045317,0.1604155,0.15688966,0.23944353,0.119334124,-0.19096667,-0.0027323365,-0.028424859,0.148247,-0.13038528,0.1737712,0.009711801,0.23592146,0.2113707,0.06344694,0.19037789,-0.15591943,0.22012372,0.08791518,0.22596978,0.27119976,0.1642958,0.0855258,0.032816533,0.2989739,0.3530342,-0.15562457,0.2252347,0.20713131,-0.19861305,-0.07103503,0.29873574,-0.096408546,-0.049429715,-0.008820832,0.25327414,0.061963815,-0.031252444,-0.022830784,0.1448274,-0.15708601,0.26739258,-0.030276835,-0.33818603,-0.10131192,-0.068395436,-0.16448295,-0.25938207,-0.10831761,0.26807427,0.0824382,0.1544302,0.022612551,0.16274706,0.21177907,-0.03045851,0.030294437,-0.20240605,0.2806549,-0.21279174,0.30265418,-0.25623572,-0.049835622,-0.030074477,0.07767395,0.16526866,-0.09070927,-0.04252541,0.17823459,-0.065668166,-0.015170693,-0.14178878,-0.097093165,-0.078852415,-0.32336658,0.017189363,-0.7239773,-0.6625139,0.115073726,0.15455545,0.37049934,-0.7574917,0.10590842,-0.067777164,-0.14286718,0.18658525,0.27827224,-0.092792355,-0.29611787,0.40719658,-0.46062276,0.34030253,0.7438867,0.07475768,0.3575498,0.03905172,-0.7279094,-0.13979733,-0.23562911,0.6368904,0.54886967,0.45275435,0.3193948,-0.08011515,-0.160117,-0.1096177,-0.45048147,0.23743448,0.4262766,0.16065736,0.38424248,-0.18636316,0.7593589,0.32660452,0.020959424,-0.10291791,-0.016378094,-0.3203194,-0.73447686,-0.27720574,-0.5083683,0.24302873,-0.010308469,-0.5840833,-0.4566345,-0.004467884,-0.3017242,-0.37652397,0.46627793,0.21369343,-0.54956937,0.51538295,0.14609484,-0.17867514,-0.16200332,0.043618906,-0.8787295,-0.4366573,-0.27622622,-0.6978594,0.27808678,0.1810127,-0.63046646,0.43044347,-0.08860936,0.1735118,-0.046769273,-0.5367517,-0.37215108,-0.22427648,-0.31020603,-0.08773223,0.5389932,-0.428945,0.47342572,0.25024194,-0.41660258,0.22461815,-0.46925345,0.07372073,0.36194992,-0.2901835,-0.16850846,-0.13252658,-0.238757,0.38987258,0.5284053,-0.16736357,-0.46295884,0.031017454,0.5806038,0.378797,-0.11605636,-0.91051984,-0.44147992,-0.85891694,-0.47399995,0.25830644,0.41793975,-0.12981394,0.4078893,-0.28718966,-0.44462347,-0.67831963,0.60196733,0.10618772,0.43747687,0.3061893,-0.6560786,0.21792348,0.38127232,-0.9977236,-0.84749883,-0.008214323,0.26356566,0.27201924,0.20978762,0.38929322,-0.56673247,0.13783528,-0.59009343,-0.28562677,-0.052778356
36,0.2574793,0.13520524,0.054529488,-0.5039874,0.22961584,0.44882202,-0.38575327,-0.0719313,-0.15756291,0.37866166,0.65471876,-0.22911197,-0.4772297,-0.1984579,0.380958,0.050844274,-0.16167027,0.16674393,-0.13794565,-0.35117006,0.074624866,-0.026587069,0.5453684,0.04455042,-0.44539303,0.2978908,-0.13031852,0.04491601,0.1595476,-0.37887233,0.039523758,-0.4569245,0.034304768,-0.17647475,0.12762448,0.46050683,-0.26229483,-0.18592137,-0.43553478,0.20189402,-0.32414585,-0.12561017,-0.51391804,0.3740891,0.11243061,-0.4339565,0.27111992,-0.3120243,0.2959577,0.3796574,-0.04485339,-0.6623736,-0.24091113,-0.50887203,0.35192174,0.27419275,0.5071932,0.18476424,-0.43051982,-0.08641708,-0.032956004,0.2783171,-0.23411167,0.31514567,-0.036628366,0.6415312,0.25750455,0.04892586,0.47623852,-0.2456851,0.5263635,0.22552401,0.44517988,0.4232781,0.4376405,0.19695914,-0.020784616,0.51779705,0.596298,-0.33637762,0.36677757,0.46961752,-0.34089452,-0.06189823,0.5981399,-0.17914832,-0.21207994,-0.0665825,0.5490046,0.10733153,0.098207384,-0.084586084,0.19459015,-0.2823822,0.49098015,-0.03533387,-0.5001119,-0.26603866,-0.25496435,-0.24148148,-0.42230147,-0.16138178,0.5365766,0.16596112,0.23799503,0.007448484,0.3279372,0.43076372,-0.05236143,0.06506028,-0.45951146,0.5141874,-0.35982692,0.6458031,-0.40351027,-0.18650717,-0.034608483,0.155287,0.074113354,-0.09992534,0.011526667,0.25220808,-0.118839204,-0.08859521,-0.197317,-0.16193795,0.016603414,-0.534352,0.04734897,-0.25613227,-1.1889365,-0.19251566,0.25039536,0.8126371,-1.1374776,0.77352405,-0.52148664,-0.049334105,0.63816214,0.06938492,-0.26789057,-0.39030182,0.68490905,-0.45832127,0.27708727,1.1844125,0.6936303,-0.35312632,0.19901517,-1.3500265,-0.34209839,-0.5627899,1.0867512,0.7806641,0.9165787,0.056674406,-0.016283095,-0.03002692,0.077928305,-0.9205715,0.51409894,0.5047723,0.6264564,0.12938266,-0.6763909,1.2282394,0.32797676,0.2646616,-0.5241763,0.21476324,-0.72826797,-0.7426212,-0.65882224,-0.666948,0.18222843,0.08508332,-1.1907399,-1.0845735,0.19689557,-0.42829826,-0.2486676,0.37580594,0.6412917,-1.0732558,0.6081216,0.7785282,-0.7113488,-0.29884598,0.08442727,-0.88457954,-0.81993693,-0.083438635,-1.4180216,-0.071647346,0.1921949,-0.5439958,0.3157019,-0.5316658,-0.45351684,0.117661804,-0.54480904,-0.65137416,-0.25683403,-0.9039122,-0.27400884,0.42114514,-0.078068204,0.62346053,0.08773299,-0.36243975,0.24538891,-0.53636146,-0.038687624,0.75174916,-0.23532254,-0.3824673,-0.43678442,-0.34274876,0.4349086,0.38226092,-0.31587267,-0.811629,-0.056505628,0.5084102,0.78678393,-0.38384715,-0.84620124,-0.61704683,-1.0105389,-0.89325684,0.3663116,0.18329822,-0.1806911,1.1886147,-0.33252952,-0.98788166,-0.6156574,1.3114487,0.1640674,0.6125583,0.34344056,-0.67863655,0.27066272,0.46679428,-1.6913732,-1.567699,0.27271494,0.3039317,0.55779725,0.2770069,0.64518535,-1.2361797,-0.015876919,-1.1589379,-0.3617273,-0.10480309
37,0.19685446,0.13161384,0.017959435,-0.43270844,0.1887556,0.3634893,-0.34735298,-0.06787497,-0.13459706,0.338322,0.54495394,-0.18680137,-0.42999375,-0.18244183,0.31342492,0.040473856,-0.10960877,0.1494739,-0.1326595,-0.29497868,0.090354964,-0.031216085,0.44929987,0.06242035,-0.39400256,0.22953758,-0.10351908,0.06929555,0.10737696,-0.31938607,0.021939306,-0.39260846,0.008801006,-0.13710433,0.086385556,0.39608985,-0.23657596,-0.1585952,-0.40836203,0.1779954,-0.2689116,-0.13883418,-0.4538017,0.3293772,0.084826246,-0.4032159,0.24924853,-0.2663386,0.24634457,0.30224445,-0.043830812,-0.59897566,-0.2234301,-0.45657516,0.29924786,0.24582666,0.4157931,0.16712971,-0.35515547,-0.04226768,-0.036569238,0.23645382,-0.20631427,0.271619,-0.018872142,0.51842916,0.24923559,0.049957816,0.37775582,-0.21757811,0.42076993,0.18105972,0.37241665,0.37489998,0.35195586,0.15182748,0.019484518,0.44769332,0.533525,-0.2830345,0.3229342,0.378137,-0.29994702,-0.06707376,0.497951,-0.15515369,-0.15576673,-0.03975892,0.44967926,0.08902671,0.045087606,-0.05376649,0.18166631,-0.24289972,0.42455482,-0.032450497,-0.45333767,-0.22132373,-0.19229048,-0.21549398,-0.37580836,-0.14288276,0.45405805,0.12695439,0.21086657,0.01898989,0.27230155,0.35858026,-0.046161413,0.044523228,-0.38502526,0.43424833,-0.31330717,0.53397274,-0.368679,-0.154064,-0.03926003,0.14740892,0.105819136,-0.09844875,-0.010886252,0.24630009,-0.101169586,-0.0565148,-0.17370254,-0.14818352,-0.028983653,-0.47901958,0.025781456,-0.76847106,-0.72477067,-0.15949078,0.2337994,0.68517864,-1.0380852,0.2503741,-0.20684536,-0.21012029,0.5721234,0.21534263,-0.13887113,-0.58376396,0.6311241,-0.29661465,0.37041658,1.21681,0.3247853,0.26283577,0.029651932,-0.92057675,-0.4055954,-0.392786,0.67979336,0.68935454,0.7899999,0.3604184,-0.067994535,-0.034227002,-0.07700937,-0.55531394,0.24548945,0.40197277,0.25770503,0.30941966,-0.28893965,1.1171174,0.56285757,0.081077315,-0.33083555,-0.08730933,-0.55134314,-0.8406826,-0.19635625,-0.61843646,0.36290762,-0.24329965,-0.9403613,-0.46980983,-0.045292087,-0.12501684,-0.71762973,0.6028873,0.28017813,-0.8126911,0.6330411,0.22516419,-0.22223018,-0.4275627,-0.09920183,-1.2182593,-0.5567262,-0.49272096,-0.8142236,0.4746453,0.0011201408,-0.7896613,0.6327988,-0.12673636,0.099508286,0.28397813,-0.39914826,-0.8885586,-0.43253133,-0.46996307,-0.34716803,0.551364,-0.48610938,0.46249616,0.33629486,-0.21439385,0.10326982,-0.60001856,-0.06022202,0.542216,-0.42811117,-0.37277454,-0.25347877,-0.1769254,0.7239809,0.6110956,-0.3088738,-0.63041383,0.15915549,0.8742356,0.48075083,-0.05213906,-1.127183,-0.696566,-1.3082336,-0.58820486,0.48020938,0.6015516,-0.036762573,0.8411754,-0.5999388,-0.5405704,-1.0487422,0.70153344,0.2224711,0.4674975,0.362213,-0.8253964,0.48278305,0.6145699,-1.4859153,-1.1803867,0.07612428,-0.013569249,0.57708144,0.5303911,0.47805533,-0.8043297,0.19604126,-0.7551475,-0.3486982,-0.1356366
38,0.19685446,0.13161384,0.017959435,-0.43270844,0.1887556,0.3634893,-0.34735298,-0.06787497,-0.13459706,0.338322,0.54495394,-0.18680137,-0.42999375,-0.18244183,0.31342492,0.040473856,-0.10960877,0.1494739,-0.1326595,-0.29497868,0.090354964,-0.031216085,0.44929987,0.06242035,-0.39400256,0.22953758,-0.10351908,0.06929555,0.10737696,-0.31938607,0.021939306,-0.39260846,0.008801006,-0.13710433,0.086385556,0.39608985,-0.23657596,-0.1585952,-0.40836203,0.1779954,-0.2689116,-0.13883418,-0.4538017,0.3293772,0.084826246,-0.4032159,0.24924853,-0.2663386,0.24634457,0.30224445,-0.043830812,-0.59897566,-0.2234301,-0.45657516,0.29924786,0.24582666,0.4157931,0.16712971,-0.35515547,-0.04226768,-0.036569238,0.23645382,-0.20631427,0.271619,-0.018872142,0.51842916,0.24923559,0.049957816,0.37775582,-0.21757811,0.42076993,0.18105972,0.37241665,0.37489998,0.35195586,0.15182748,0.019484518,0.44769332,0.533525,-0.2830345,0.3229342,0.378137,-0.29994702,-0.06707376,0.497951,-0.15515369,-0.15576673,-0.03975892,0.44967926,0.08902671,0.045087606,-0.05376649,0.18166631,-0.24289972,0.42455482,-0.032450497,-0.45333767,-0.22132373,-0.19229048,-0.21549398,-0.37580836,-0.14288276,0.45405805,0.12695439,0.21086657,0.01898989,0.27230155,0.35858026,-0.046161413,0.044523228,-0.38502526,0.43424833,-0.31330717,0.53397274,-0.368679,-0.154064,-0.03926003,0.14740892,0.105819136,-0.09844875,-0.010886252,0.24630009,-0.101169586,-0.0565148,-0.17370254,-0.14818352,-0.028983653,-0.47901958,0.025781456,-0.76847106,-0.72477067,-0.15949078,0.2337994,0.68517864,-1.0380852,0.2503741,-0.20684536,-0.21012029,0.5721234,0.21534263,-0.13887113,-0.58376396,0.6311241,-0.29661465,0.37041658,1.21681,0.3247853,0.26283577,0.029651932,-0.92057675,-0.4055954,-0.392786,0.67979336,0.68935454,0.7899999,0.3604184,-0.067994535,-0.034227002,-0.07700937,-0.55531394,0.24548945,0.40197277,0.25770503,0.30941966,-0.28893965,1.1171174,0.56285757,0.081077315,-0.33083555,-0.08730933,-0.55134314,-0.8406826,-0.19635625,-0.61843646,0.36290762,-0.24329965,-0.9403613,-0.46980983,-0.045292087,-0.12501684,-0.71762973,0.6028873,0.28017813,-0.8126911,0.6330411,0.22516419,-0.22223018,-0.4275627,-0.09920183,-1.2182593,-0.5567262,-0.49272096,-0.8142236,0.4746453,0.0011201408,-0.7896613,0.6327988,-0.12673636,0.099508286,0.28397813,-0.39914826,-0.8885586,-0.43253133,-0.46996307,-0.34716803,0.551364,-0.48610938,0.46249616,0.33629486,-0.21439385,0.10326982,-0.60001856,-0.06022202,0.542216,-0.42811117,-0.37277454,-0.25347877,-0.1769254,0.7239809,0.6110956,-0.3088738,-0.63041383,0.15915549,0.8742356,0.48075083,-0.05213906,-1.127183,-0.696566,-1.3082336,-0.58820486,0.48020938,0.6015516,-0.036762573,0.8411754,-0.5999388,-0.5405704,-1.0487422,0.70153344,0.2224711,0.4674975,0.362213,-0.8253964,0.48278305,0.6145699,-1.4859153,-1.1803867,0.07612428,-0.013569249,0.57708144,0.5303911,0.47805533,-0.8043297,0.19604126,-0.7551475,-0.3486982,-0.1356366
39,0.19685446,0.13161384,0.017959435,-0.43270844,0.1887556,0.3634893,-0.34735298,-0.06787497,-0.13459706,0.338322,0.54495394,-0.18680137,-0.42999375,-0.18244183,0.31342492,0.040473856,-0.10960877,0.1494739,-0.1326595,-0.29497868,0.090354964,-0.031216085,0.44929987,0.06242035,-0.39400256,0.22953758,-0.10351908,0.06929555,0.10737696,-0.31938607,0.021939306,-0.39260846,0.008801006,-0.13710433,0.086385556,0.39608985,-0.23657596,-0.1585952,-0.40836203,0.1779954,-0.2689116,-0.13883418,-0.4538017,0.3293772,0.084826246,-0.4032159,0.24924853,-0.2663386,0.24634457,0.30224445,-0.043830812,-0.59897566,-0.2234301,-0.45657516,0.29924786,0.24582666,0.4157931,0.16712971,-0.35515547,-0.04226768,-0.036569238,0.23645382,-0.20631427,0.271619,-0.018872142,0.51842916,0.24923559,0.049957816,0.37775582,-0.21757811,0.42076993,0.18105972,0.37241665,0.37489998,0.35195586,0.15182748,0.019484518,0.44769332,0.533525,-0.2830345,0.3229342,0.378137,-0.29994702,-0.06707376,0.497951,-0.15515369,-0.15576673,-0.03975892,0.44967926,0.08902671,0.045087606,-0.05376649,0.18166631,-0.24289972,0.42455482,-0.032450497,-0.45333767,-0.22132373,-0.19229048,-0.21549398,-0.37580836,-0.14288276,0.45405805,0.12695439,0.21086657,0.01898989,0.27230155,0.35858026,-0.046161413,0.044523228,-0.38502526,0.43424833,-0.31330717,0.53397274,-0.368679,-0.154064,-0.03926003,0.14740892,0.105819136,-0.09844875,-0.010886252,0.24630009,-0.101169586,-0.0565148,-0.17370254,-0.14818352,-0.028983653,-0.47901958,0.025781456,-0.76847106,-0.72477067,-0.15949078,0.2337994,0.68517864,-1.0380852,0.2503741,-0.20684536,-0.21012029,0.5721234,0.21534263,-0.13887113,-0.58376396,0.6311241,-0.29661465,0.37041658,1.21681,0.3247853,0.26283577,0.029651932,-0.92057675,-0.4055954,-0.392786,0.67979336,0.68935454,0.7899999,0.3604184,-0.067994535,-0.034227002,-0.07700937,-0.55531394,0.24548945,0.40197277,0.25770503,0.30941966,-0.28893965,1.1171174,0.56285757,0.081077315,-0.33083555,-0.08730933,-0.55134314,-0.8406826,-0.19635625,-0.61843646,0.36290762,-0.24329965,-0.9403613,-0.46980983,-0.045292087,-0.12501684,-0.71762973,0.6028873,0.28017813,-0.8126911,0.6330411,0.22516419,-0.22223018,-0.4275627,-0.09920183,-1.2182593,-0.5567262,-0.49272096,-0.8142236,0.4746453,0.0011201408,-0.7896613,0.6327988,-0.12673636,0.099508286,0.28397813,-0.39914826,-0.8885586,-0.43253133,-0.46996307,-0.34716803,0.551364,-0.48610938,0.46249616,0.33629486,-0.21439385,0.10326982,-0.60001856,-0.06022202,0.542216,-0.42811117,-0.37277454,-0.25347877,-0.1769254,0.7239809,0.6110956,-0.3088738,-0.63041383,0.15915549,0.8742356,0.48075083,-0.05213906,-1.127183,-0.696566,-1.3082336,-0.58820486,0.48020938,0.6015516,-0.036762573,0.8411754,-0.5999388,-0.5405704,-1.0487422,0.70153344,0.2224711,0.4674975,0.362213,-0.8253964,0.48278305,0.6145699,-1.4859153,-1.1803867,0.07612428,-0.013569249,0.57708144,0.5303911,0.47805533,-0.8043297,0.19604126,-0.7551475,-0.3486982,-0.1356366
40,0.6162123,0.4804483,0.4036747,-0.7060365,0.4667501,0.6255921,-0.5743055,0.12350819,-0.56385493,0.540054,1.3224921,-0.59912765,-0.6448293,-0.4425727,0.09869649,0.19671358,-0.3869636,-0.022116542,-0.57249737,-0.32833076,0.46193913,-0.22803348,1.2317407,0.60398513,-0.75323826,0.734098,0.25873983,0.6747558,0.5944327,-0.60820514,-0.18777204,-0.17032307,-0.33191586,-0.474872,0.12508768,0.99935186,-0.32188618,-0.5538824,-0.57567453,0.3153673,-0.47527683,-0.6100769,-0.7166693,0.627342,0.23027393,-0.6445792,0.61454487,-0.5480621,0.3530868,0.94707304,-0.15270495,-0.83550537,-0.74918497,-0.7274442,0.09828825,-0.13451147,0.73904026,0.52821183,-0.5456669,-0.20077074,-0.14278752,0.5934109,-0.3256207,0.34943718,-0.04777211,-0.041650057,0.9792893,0.3136419,0.8733392,-0.34140795,0.8806206,0.47660542,0.9699601,0.90143806,-0.26497608,0.72003186,-0.117126524,0.7808201,0.4372508,-0.49642622,0.67818797,0.66435134,-0.4029445,-0.40572143,1.2350197,-0.35057056,-0.22806281,-0.32113546,0.68576884,0.23950574,-0.23739713,-0.18526924,0.45544645,-0.53028756,0.7194547,-0.42623782,-0.8424174,0.31864226,-0.2509601,-0.47364342,-0.65245926,-0.45807058,0.7585623,0.6046844,0.6120993,-0.15049869,0.5461568,0.43604672,-0.08728033,0.19725955,-0.55838525,1.1510731,-0.61546564,1.4213649,-0.39297444,0.028119456,0.27463368,-0.065707386,0.9824598,-0.4584328,-0.32096636,0.29048204,-0.29747796,-0.16028708,-0.5735112,-0.17434812,-0.4620402,-0.75579584,-0.16105473,-0.6330462,-0.8899453,0.16653052,0.7193983,1.1985805,-1.4034468,0.7503836,0.2025911,-0.5159961,0.9390401,-0.027144223,-0.6279718,-1.2897282,0.9791242,-0.7928102,0.6122665,2.5203116,0.77437335,0.40327,-0.31262156,-0.8426488,-1.2378483,-0.6335685,0.40363586,1.3491784,1.4498804,0.4459178,-0.6761738,-0.67605346,-0.3763176,-1.2163771,0.44183257,0.7634257,0.14601123,0.8836999,0.48043776,1.4306474,1.3162515,0.11698299,-0.88110214,0.13559163,-0.9177261,-0.72177106,-0.3227556,-0.51089746,-0.2670427,-0.54932475,-1.4160435,-0.72739244,-0.18014118,0.32156172,-1.1251209,0.7320332,0.4812256,-0.96602863,0.28502297,0.8517552,-0.5699885,-0.22503856,-0.97158664,-0.9099535,-0.21051513,-0.36396402,-1.2294184,0.8389334,-0.172606,-0.16136707,1.0228298,-0.5556524,0.2266159,0.84072053,-0.5256612,-0.7344209,-0.4025537,-0.16636616,-0.94155765,0.52659374,-0.46350214,0.72550106,0.54633266,0.27927542,-0.21629281,-1.0049045,-0.21530521,-0.0013099611,0.07656781,-0.40223765,0.023578145,0.010537662,0.38599163,1.0221373,-0.5152217,-1.1994834,0.5621539,1.3343937,0.1694857,-0.36540663,-1.1624147,-0.97933173,-1.3695745,0.080465734,0.7329362,0.5472379,0.36111137,0.5071457,-0.74152476,-0.99381804,-0.7961143,1.2358642,0.5253166,0.20724475,0.62275827,-0.59088486,1.0444237,0.69968927,-1.8459672,-1.3424444,-0.48118618,-0.30850175,0.72285825,1.1215643,-0.039087266,-1.6656443,0.29488498,-1.3993622,-0.13865764,-0.17536576
41,0.7432412,0.49445117,0.42708465,-0.75340676,0.4812097,0.73328197,-0.6162044,0.07819238,-0.5790727,0.66174346,1.452605,-0.6270695,-0.7007661,-0.4708566,0.1540491,0.17432287,-0.43630117,0.031557426,-0.58184123,-0.39940596,0.46206778,-0.19480693,1.3682353,0.6141095,-0.7723454,0.8014193,0.21697757,0.6328807,0.59446293,-0.6359046,-0.13307285,-0.2395277,-0.31777567,-0.4965312,0.15415187,1.0867364,-0.40284622,-0.5711586,-0.6383516,0.35797676,-0.52199316,-0.62290436,-0.7639165,0.7025387,0.2630008,-0.68847156,0.686833,-0.5974412,0.43719178,1.0658755,-0.17151552,-0.8745465,-0.75684726,-0.7724679,0.14808476,-0.056399465,0.8578619,0.5667747,-0.59506667,-0.23051411,-0.15627265,0.657639,-0.3613857,0.4283058,-0.045009136,0.10843512,1.046793,0.37226212,0.9735189,-0.37238103,0.96512747,0.5291488,1.1025345,1.011359,-0.15284514,0.7629354,-0.15815282,0.9425943,0.5803967,-0.52951026,0.7804988,0.744723,-0.45951807,-0.4124028,1.3538113,-0.34697545,-0.2389074,-0.33597642,0.79699934,0.27656406,-0.22315264,-0.18994641,0.5293802,-0.5706954,0.84347767,-0.42194754,-0.8644779,0.23445943,-0.2975812,-0.5079512,-0.69438726,-0.48177642,0.90022945,0.6467916,0.7040901,-0.14428526,0.627776,0.552182,-0.11330962,0.25777474,-0.63127065,1.2963051,-0.6574297,1.5367706,-0.4419046,0.02281752,0.28803104,-0.045883656,1.0105284,-0.43563056,-0.30380768,0.33235148,-0.32021224,-0.19237465,-0.60976064,-0.15349048,-0.43709302,-0.79365087,-0.14183143,-0.6624136,-1.0066116,0.14261368,0.7532291,1.122447,-1.4396917,0.7819719,0.076577574,-0.53615,0.8509081,-0.31538206,-1.0170901,-1.0193695,0.795203,-0.7792022,0.4060589,2.102449,0.5931682,0.46186566,-0.19997878,-0.8217281,-0.97000974,-0.41334185,0.67537206,1.0893933,1.3099526,0.3669096,-0.59788895,-0.72329843,-0.046727598,-1.0223594,0.33993274,0.74169344,0.19220242,0.6952067,0.041759953,1.4815918,1.1147351,0.19947389,-0.9085537,0.17940806,-0.5520303,-1.0412588,-0.39019042,-0.49591273,-0.0588576,-0.29701817,-0.96349746,-0.75236493,0.33337417,0.23027743,-0.96931607,0.6039831,0.53140324,-0.945282,0.27417645,1.0452427,-0.65475386,-0.40215936,-0.2873347,-0.87770385,-0.3294481,-0.4948265,-1.4005423,0.7360912,-0.03655051,-0.25714356,0.70115614,-0.5246768,0.019561663,0.45850626,-0.49428228,-0.5648727,-0.4041859,-0.5929224,-0.75658214,0.5079521,-0.53770983,0.7333773,0.21340533,0.039433107,-0.15290928,-0.870761,-0.24012664,-0.114761904,-0.13731262,-0.29929805,-0.2599267,-0.07405892,0.3341807,0.8218477,-0.22201292,-1.4214369,0.36452752,1.1400685,0.10022505,-0.5430103,-1.0098115,-0.7925444,-1.297123,-0.061973482,0.41897514,0.4244851,0.18500975,0.62373346,-0.64585704,-0.99470526,-0.72228354,1.2158458,0.60021687,0.4113697,0.4945668,-0.65056115,0.6367067,0.7870873,-1.7397254,-1.3113196,-0.37397483,-0.1003339,0.85363805,1.0283829,0.048712444,-1.587474,-0.21946232,-1.4693261,-0.20674556,-0.36817643
42,0.62744004,0.4889212,0.40222135,-0.7286427,0.49351037,0.69856983,-0.593985,0.122391656,-0.5619807,0.578755,1.3864802,-0.60560155,-0.6665663,-0.44850534,0.15343286,0.20024201,-0.39938408,0.009052342,-0.57184446,-0.36271757,0.46257848,-0.22163361,1.273861,0.5908031,-0.76872176,0.7591284,0.22161476,0.6626751,0.61157364,-0.6238575,-0.1782946,-0.24025542,-0.3150764,-0.48055875,0.14580423,1.0428895,-0.33612067,-0.55663455,-0.59948957,0.33988932,-0.49452907,-0.60786104,-0.73698515,0.67994684,0.23743917,-0.6599087,0.63756174,-0.56518596,0.392912,0.9603799,-0.15653664,-0.8546734,-0.7496212,-0.74557996,0.15723674,-0.0972262,0.794651,0.53569025,-0.5775185,-0.19654226,-0.14567667,0.6213036,-0.3452024,0.38055524,-0.05420965,0.072721176,0.9818144,0.30806574,0.93198794,-0.3538754,0.9387252,0.50772756,1.0155553,0.9306918,-0.20497143,0.73163354,-0.109740555,0.8255685,0.51046795,-0.52421653,0.7102268,0.72008073,-0.4325593,-0.40169728,1.292873,-0.3633299,-0.25789082,-0.32274836,0.7456047,0.24123263,-0.22093916,-0.19171613,0.46791342,-0.54615486,0.7799798,-0.42115152,-0.8498048,0.2527776,-0.29043418,-0.4800465,-0.67010915,-0.46367806,0.82348216,0.61357677,0.62404895,-0.15061605,0.5824033,0.48897657,-0.09459734,0.19076099,-0.5944829,1.1882812,-0.6291062,1.4894247,-0.43143004,-0.02051109,0.27066645,-0.030330122,0.9473357,-0.45757276,-0.31160074,0.3261728,-0.30665237,-0.16938633,-0.57531375,-0.19637209,-0.4522934,-0.7767041,-0.070062995,-0.38440874,-1.0830908,0.087218344,0.6895497,1.1177366,-1.2550768,0.9588601,-0.008764535,-0.2798177,0.8695011,0.022519946,-0.6046194,-0.92625964,0.7383539,-0.8099332,0.44533738,2.1025267,0.840404,0.15596591,-0.11628751,-0.99237704,-0.9156163,-0.663222,0.66882825,1.1498623,1.1919371,0.20978443,-0.47747365,-0.57136977,-0.19154969,-1.1247407,0.5013908,0.6301119,0.26824358,0.60491836,0.17386831,1.2386734,1.0161741,0.1660586,-0.74555194,0.23000762,-0.8849459,-0.6340158,-0.44721892,-0.3856502,-0.19350319,-0.29198816,-1.3190318,-0.8962045,-0.045472138,0.114387125,-0.72639805,0.47728485,0.6041145,-0.8976052,0.2300008,0.97311723,-0.7139121,-0.16695282,-0.52934194,-0.7674671,-0.41172537,-0.083311476,-1.2976359,0.38054538,0.05880905,-0.17082001,0.70157313,-0.63497597,-0.11971007,0.5613469,-0.5817957,-0.6308396,-0.2867144,-0.4216321,-0.71647537,0.42967921,-0.22019832,0.7386338,0.33343318,0.0495077,-0.08377404,-0.72250223,-0.14725412,0.20401742,0.09550096,-0.34279135,-0.12130366,-0.08676123,0.21090007,0.80579406,-0.33826452,-1.0961099,0.3064469,0.96079624,0.34072652,-0.47784862,-0.87275803,-0.81667113,-1.1573441,-0.17223321,0.5648153,0.327544,0.19895849,0.6700891,-0.49228477,-0.9512438,-0.6174836,1.2622948,0.38959894,0.2847132,0.45908454,-0.6037787,0.67991763,0.52795595,-1.6644171,-1.3780388,-0.25070432,-0.031599194,0.6816998,0.8183128,0.21328595,-1.5783601,0.11618471,-1.4378712,-0.18791315,-0.123127334
43,0.5610098,0.52747303,0.38264185,-0.7208024,0.49188426,0.71142733,-0.611781,0.061622586,-0.57590306,0.52609956,1.3005724,-0.58590686,-0.65427256,-0.44632614,0.10487636,0.21250167,-0.4317507,0.024028542,-0.55317104,-0.34560382,0.49381933,-0.24750847,1.2735211,0.5810994,-0.7602165,0.77042973,0.25482327,0.6632555,0.5761162,-0.5960475,-0.14382946,-0.16147727,-0.34989035,-0.48237962,0.18567309,0.98864293,-0.28908485,-0.5845711,-0.57803535,0.291484,-0.48399335,-0.61166257,-0.7216072,0.63864785,0.28578478,-0.6556447,0.6884201,-0.5593195,0.37079984,0.91380733,-0.1465438,-0.84381473,-0.7375103,-0.72681546,0.10277224,-0.17326373,0.7284211,0.54070836,-0.5742878,-0.22371185,-0.1786918,0.6418281,-0.34736514,0.34813362,-0.06622249,0.070652634,1.012888,0.33265942,0.92334634,-0.3470025,0.9804406,0.5530337,0.9870176,0.9388073,-0.2314778,0.7313958,-0.107813,0.8086609,0.46583787,-0.48325026,0.6993122,0.6961266,-0.4498065,-0.40802985,1.2971325,-0.37844115,-0.22409385,-0.32569122,0.6965264,0.2658609,-0.25407207,-0.17941761,0.40875256,-0.55206776,0.7802348,-0.4368298,-0.8439104,0.26579127,-0.25507516,-0.46699643,-0.6659483,-0.4471938,0.8189398,0.60164684,0.598121,-0.12578076,0.570493,0.44684744,-0.08230364,0.21276067,-0.577001,1.1591865,-0.60627556,1.43937,-0.40678626,-0.058514416,0.34352374,-0.025867581,0.90532786,-0.45972902,-0.2925378,0.3236621,-0.28959757,-0.12880272,-0.5626999,-0.21764612,-0.44642538,-0.76682395,0.3354805,-0.4471966,-0.9814689,-0.25260627,0.5140894,0.44719583,-1.153318,0.5858335,-0.34254104,-0.3241504,0.4950838,0.014008258,-0.4414367,-0.97123206,0.7853454,-0.21451883,0.5161919,1.8985274,0.8488931,0.052725226,-0.4082795,-0.5077487,-0.89666253,-0.39325863,0.19173217,1.1902126,0.8862369,0.2386356,-0.16864479,0.14346442,-0.2418834,-1.1385592,0.3731023,0.117966466,0.5115419,0.113338284,0.13124748,1.1423467,0.982078,-0.12479659,-0.824646,0.09909134,-0.31910822,-1.1078477,-0.3004562,-0.040883712,0.31588152,-0.1778703,-0.849745,-0.2505257,-0.24826662,0.3384563,-0.8364341,0.37569797,0.6094156,-0.8287637,0.7666859,0.046549484,-0.08481073,-0.34988502,-0.38248265,-1.308898,-0.25834098,-0.097026974,-0.8562787,0.69626206,0.23223022,-0.5039381,0.77630657,-0.3971754,0.1931637,1.0741963,-0.50597507,-0.81992614,-0.3908275,-0.35948002,-0.46426418,0.16626863,-0.5389841,0.15180953,0.10926184,0.0955885,-0.13986786,-0.106811546,0.08637396,0.22074908,-0.25577205,0.123848386,0.16627373,-0.0082404595,0.43414286,0.52838165,-0.3328096,-0.9282028,0.8447622,0.60190195,0.28176692,-0.06183101,-1.0339563,-0.43142343,-1.309371,-0.2586881,0.63769215,0.43900773,0.89175624,0.7661231,-0.2571492,-0.52021396,-0.5543741,1.0828779,0.6059582,0.6956192,0.51810753,-0.3800037,0.52234757,0.17024054,-1.5657536,-1.2285385,-0.12444857,-0.16900054,0.5718445,0.71960515,-0.48409644,-0.7742467,0.36399457,-0.7763675,-0.99600077,-0.15911241
44,0.5609603,0.5274155,0.38258126,-0.7207744,0.4918319,0.7113836,-0.6117579,0.061568554,-0.5758581,0.5260712,1.3004396,-0.5858582,-0.6542493,-0.44629312,0.104910925,0.21246934,-0.43172568,0.02406058,-0.5531142,-0.3456065,0.4937515,-0.24747783,1.2734071,0.5810036,-0.76017684,0.7703558,0.25476363,0.6631378,0.57602435,-0.59600943,-0.14377844,-0.16151434,-0.3498478,-0.48233986,0.18567486,0.98853713,-0.28908247,-0.58453107,-0.5780146,0.291456,-0.48397028,-0.61161023,-0.7215793,0.638585,0.28577355,-0.655619,0.6883662,-0.55928665,0.37078673,0.91372,-0.14652646,-0.84379286,-0.7374574,-0.7267854,0.10279451,-0.17320943,0.7283707,0.5406529,-0.5742649,-0.22370595,-0.17867923,0.64177203,-0.347349,0.34812525,-0.066218555,0.07075298,1.0127763,0.33262962,0.923267,-0.34698927,0.98037094,0.552989,0.986924,0.9387345,-0.23138219,0.7313024,-0.10780966,0.80862516,0.4658585,-0.48321176,0.69926363,0.69607955,-0.44979656,-0.40798455,1.2970139,-0.37840962,-0.22407305,-0.3256545,0.69649357,0.26584765,-0.25402975,-0.17939705,0.40870923,-0.552035,0.78018963,-0.43677908,-0.84387887,0.26569328,-0.25506175,-0.46696538,-0.6659186,-0.44715023,0.81889766,0.6015699,0.5980626,-0.12574875,0.57045007,0.4468416,-0.08229607,0.21275684,-0.57698137,1.1590824,-0.6062393,1.4392141,-0.4067775,-0.058536112,0.3434768,-0.025841415,0.9051845,-0.45967525,-0.29248607,0.3236456,-0.2895667,-0.1287871,-0.5626557,-0.21763039,-0.4463604,-0.7667931,0.5673532,-0.3600795,-1.4591113,-0.28437373,0.30860403,0.13070415,-1.5104402,0.63070554,-0.73174196,-0.14487559,0.38441595,0.08496274,-0.3078644,-0.6657101,1.1626362,0.05732827,0.5468197,1.7001693,0.8845081,-0.69711065,-0.38097432,-0.5388631,-0.4766548,-0.16462518,0.22457229,1.1122217,0.52559316,0.29986218,0.20947048,0.6324946,0.024085917,-1.4204667,0.0292476,-0.062296174,0.79376423,-0.5031668,-0.5017668,1.3200468,0.5829986,0.02421654,-0.59551674,0.35833412,0.04093393,-1.1499602,-0.39407396,-0.09482792,0.9499301,0.012535557,-0.61642265,-0.55047446,0.19038811,0.23787503,-0.4090452,0.025408871,0.57741076,-1.0107243,1.0193889,-0.037862793,-0.11959727,-0.495152,0.0032722056,-1.4062746,-0.34744218,0.050515592,-0.76187176,0.36201876,0.4444457,-1.0207303,0.38367993,-0.4710678,-0.13674206,1.0448778,-0.5979005,-0.81069493,-0.4292497,-0.7000957,-0.42876104,0.07639782,-0.44584426,-0.2826403,-0.6100755,0.21445066,-0.10140863,0.31437105,0.14796598,0.62749225,-0.46648625,-0.069907434,-0.1447685,-0.16874975,0.43749097,0.02448935,-0.15356532,-1.0077524,0.7796447,0.35473487,0.567192,0.042749852,-0.97711843,0.11771945,-1.0468602,-1.2469988,0.6441173,0.1911054,1.095715,1.3554714,0.18510589,-0.5093551,-0.74042064,0.9785706,0.7009253,0.93701535,0.459467,-0.5623944,0.23831803,0.0047048256,-1.4687346,-1.3935486,0.219347,0.42050788,0.36331546,0.22301833,-0.39412925,-0.71617705,0.23418003,-0.7273881,-1.3821267,-0.31148672
45,0.4129456,0.1919565,0.10791486,-0.53548765,0.20893008,0.43401048,-0.43857473,-0.1361975,-0.26659828,0.4383182,0.702346,-0.3012377,-0.5289096,-0.25852132,0.2909942,0.028070388,-0.23884183,0.14225335,-0.19991803,-0.36530328,0.12303299,-0.043483794,0.7018806,0.13007501,-0.4550261,0.38054886,-0.052699685,0.08195912,0.13336606,-0.39047313,0.09519477,-0.3567248,-0.059694707,-0.23415571,0.14146067,0.4970941,-0.33764672,-0.279527,-0.48087245,0.19581443,-0.36271024,-0.24023974,-0.55967474,0.3351502,0.18118536,-0.5030701,0.3575,-0.36311853,0.30927694,0.54614705,-0.062195122,-0.69382036,-0.3298123,-0.5540059,0.22781864,0.22349319,0.51841545,0.2656692,-0.42213637,-0.17113858,-0.07504785,0.3158369,-0.2541567,0.33871385,-0.018384993,0.48867866,0.44320658,0.17663625,0.49826133,-0.2854088,0.5489284,0.25929987,0.5436359,0.5668552,0.35237327,0.26754552,-0.11027604,0.6451066,0.58231837,-0.28968155,0.4743298,0.4556423,-0.35845774,-0.12838471,0.67751306,-0.15547073,-0.13245642,-0.106924,0.554691,0.17701168,0.013138498,-0.08532816,0.26698092,-0.3391453,0.5206236,-0.09744966,-0.5892415,-0.17176527,-0.19949108,-0.3138885,-0.47975248,-0.21121413,0.5812814,0.23802477,0.3537996,0.020137245,0.35245466,0.44367325,-0.059822977,0.19349256,-0.46593052,0.6685524,-0.41609073,0.6750912,-0.36387253,-0.073783696,0.031093186,0.061207213,0.28322834,-0.09377402,-0.020216286,0.21750647,-0.13565469,-0.09534675,-0.3155449,-0.07474285,-0.027506888,-0.5495794,0.24616215,-0.60681766,-1.2011037,-0.16911578,0.6506064,0.69279724,-1.2823792,0.6693703,-0.35975048,-0.44240573,0.4952641,-0.34853005,-1.0222992,-0.71320456,0.55502003,-0.39865637,0.323244,1.7177569,0.47127962,0.2750823,-0.27716962,-0.56724685,-0.74219084,-0.21209767,0.6612261,1.0275117,0.9090222,0.19482625,-0.18243693,-0.19678113,0.07910885,-0.9542426,0.28635782,0.20141822,0.5909042,0.13230088,-0.26451933,1.3091255,0.9128044,-0.009727374,-0.9915662,0.1280718,-0.20674619,-1.4171021,-0.5321479,-0.2392968,0.3503368,0.0040173978,-0.69261,-0.3218985,0.35461235,0.27893215,-0.81495094,0.3483283,0.83294934,-0.969514,0.59788567,0.45513687,-0.2579902,-0.52700645,0.27023095,-1.3333567,-0.4404343,-0.50186974,-1.3139476,0.72300714,0.27945042,-0.4430697,0.4985075,-0.54815507,-0.07695283,0.5213956,-0.5753396,-0.66957796,-0.5322191,-0.7886836,-0.4022029,0.3263779,-0.7622355,0.3891808,-0.118242756,-0.13617952,0.016136914,-0.24761277,-0.13022286,0.07188696,-0.48692673,0.121540636,-0.30011857,-0.004575819,0.41920537,0.6301371,0.038855687,-1.3731189,0.5803939,0.7905827,0.1948667,-0.46209934,-0.874923,-0.4637301,-1.4242532,-0.33190706,0.22881907,0.40637577,0.48192757,0.87007785,-0.39412543,-0.74606764,-0.5892321,1.2728238,0.61907446,0.74787587,0.3794848,-0.5800431,0.2564571,0.40802795,-1.6351504,-1.3938552,-0.11733085,0.036829818,0.8432211,0.8532885,-0.35870537,-0.9650403,-0.2823425,-1.1136848,-0.8668125,-0.470509
46,0.7412158,0.49498168,0.4264664,-0.7532098,0.48146498,0.7335471,-0.61643493,0.077462524,-0.57912064,0.6604458,1.4510808,-0.6266034,-0.70045996,-0.47070312,0.15384275,0.17475012,-0.4364614,0.03189233,-0.5814233,-0.3991297,0.4624937,-0.19547611,1.3676736,0.6135622,-0.772253,0.80141884,0.21727155,0.63301736,0.594147,-0.635492,-0.13289696,-0.23899794,-0.3181758,-0.4964593,0.15487495,1.085728,-0.4017402,-0.5714773,-0.63787234,0.35722372,-0.52173185,-0.622753,-0.7635895,0.7019418,0.2635871,-0.6882992,0.68728775,-0.5971302,0.43669096,1.0643059,-0.17122948,-0.87434274,-0.75656503,-0.77207816,0.14780787,-0.057716012,0.8566863,0.5666205,-0.5950769,-0.23062176,-0.15668052,0.65780926,-0.36140454,0.42763612,-0.045360744,0.109051876,1.0466839,0.3719765,0.97336495,-0.3723004,0.9659935,0.5298274,1.101552,1.0110308,-0.15315515,0.7626355,-0.15765041,0.94169754,0.57970446,-0.52899706,0.7799535,0.74456286,-0.45976925,-0.4123549,1.3537486,-0.3474688,-0.23875666,-0.3358575,0.79626375,0.27668545,-0.22349066,-0.18984324,0.5279768,-0.5706713,0.84334564,-0.42210317,-0.86430603,0.23427638,-0.29722017,-0.507599,-0.69423306,-0.48140365,0.89992326,0.64631027,0.703027,-0.14391929,0.62742263,0.551409,-0.11299497,0.25743583,-0.630916,1.2951443,-0.6569406,1.5359309,-0.44178212,0.021464804,0.2888506,-0.045447886,1.0089905,-0.4358698,-0.3034343,0.33257398,-0.31985742,-0.19162703,-0.60926354,-0.15444803,-0.43702215,-0.7934694,0.1053483,-0.67016137,-1.2646221,-0.11120195,1.0933938,1.1246188,-1.5180509,0.64135635,-0.046701133,-0.76324016,0.93510175,-0.4462361,-1.0555371,-1.4606575,0.9751096,-0.6019664,0.6445843,2.4202342,0.7907176,0.4601156,-0.65944326,-0.5731577,-1.3538613,-0.4917408,0.5739583,1.5006009,1.478526,0.40932733,-0.45145655,-0.47721118,-0.47194305,-1.1733841,0.16925003,0.492068,0.45677736,0.41656122,0.15957505,1.7773033,1.5510887,-0.2664126,-1.1657352,0.04643475,-0.49216002,-1.7231683,-0.56217647,-0.45825788,0.1651458,-0.34481493,-1.086212,-0.48782474,0.0016237497,0.45580587,-1.6286963,0.69194597,0.6947178,-1.1705155,0.88330853,0.47737736,-0.4651323,-0.64105505,-0.43869764,-1.4995751,-0.12181303,-0.76717615,-1.5698653,1.3115134,0.08567749,-0.3656896,0.9774936,-0.5794467,0.15489356,1.1720164,-0.6230929,-0.63490945,-0.6188682,-0.8157387,-0.8254201,0.58753455,-1.0351254,0.73546296,0.15930235,0.042510528,-0.14117892,-0.8414459,-0.17565796,0.08877345,-0.40346107,0.017658453,-0.22824547,0.14781108,0.84805965,0.9515284,-0.3146441,-1.6264901,0.84450126,1.3379843,0.026986696,-0.31024322,-1.1572523,-0.839441,-1.7562273,-0.15842895,0.720278,0.77700895,0.81415987,0.99688375,-0.8701489,-1.1815267,-1.0010273,1.7538253,0.70293856,0.77818185,0.7289748,-0.72007734,0.91565543,0.8172815,-2.0000951,-1.7280401,-0.059272237,-0.28820947,1.1898872,1.2791269,-0.48884115,-1.3241334,-0.053099312,-1.5055519,-0.8206171,-0.34156787
47,0.6242094,0.46986428,0.3962721,-0.707595,0.46431708,0.6181372,-0.5790559,0.10387193,-0.56271744,0.550267,1.3274281,-0.5965375,-0.65158904,-0.44741684,0.12320106,0.1912347,-0.37898397,-0.009674072,-0.56737983,-0.34252048,0.4512952,-0.22781646,1.237701,0.59251654,-0.749884,0.73880106,0.25158882,0.6620465,0.5889637,-0.60974693,-0.18662316,-0.19780898,-0.3266877,-0.4753583,0.12871584,0.9972235,-0.3315736,-0.5517442,-0.5810088,0.3189361,-0.47937995,-0.6027291,-0.71888757,0.6207401,0.23149055,-0.65154207,0.6102553,-0.5447097,0.35614395,0.9560915,-0.15117407,-0.8377569,-0.7442131,-0.7287446,0.112709425,-0.11671662,0.7524422,0.5284779,-0.5495379,-0.20389265,-0.13826466,0.5933451,-0.32751656,0.36119747,-0.050047755,-0.011726141,0.97649604,0.31067756,0.8726854,-0.3542009,0.8871711,0.4716636,0.9704025,0.91325176,-0.23913646,0.7104881,-0.120060384,0.8028097,0.46237996,-0.494479,0.6878982,0.67412186,-0.40993667,-0.40209234,1.2408588,-0.34933168,-0.22915584,-0.31493187,0.702192,0.24497442,-0.22834134,-0.18811703,0.4604836,-0.5318953,0.7280813,-0.41858673,-0.84211856,0.2996506,-0.25234658,-0.48001456,-0.6553498,-0.45848584,0.76772654,0.59985185,0.61586183,-0.14608628,0.5498566,0.4543568,-0.08835161,0.1974045,-0.562312,1.1598226,-0.617255,1.4156462,-0.40645963,0.02858635,0.2576488,-0.06560379,0.97467977,-0.45560068,-0.3109653,0.2997076,-0.2948442,-0.163454,-0.5717705,-0.17584336,-0.45395982,-0.7552393,0.010724087,-0.6967024,-0.747632,-0.023941696,0.47886622,0.73378754,-0.99252677,0.3890615,-0.011172213,-0.16932277,0.48314247,-0.13134208,-0.6349709,-0.66338617,0.35663348,-0.4861023,0.48397458,1.4233345,0.49080953,0.38624683,-0.21939754,-0.4939067,-0.7507549,-0.45913306,0.52548254,0.9193352,0.8892348,0.18912908,-0.3239714,-0.44434744,-0.037410498,-0.588043,0.38091183,0.44062462,0.25312474,0.53801596,0.029446859,0.9958958,0.94964045,0.16809964,-0.73151976,-0.036172256,-0.40450048,-1.106113,-0.22828333,-0.20801763,0.09097599,-0.13717964,-0.64496285,-0.26215392,-0.11937867,0.28504938,-0.85446846,0.53937024,0.48866913,-0.67572254,0.44382992,0.41745088,-0.18840557,-0.20425144,-0.077184364,-0.9977564,-0.29702976,-0.3935423,-0.97260076,0.6588377,0.10233341,-0.30265713,0.6374053,-0.31293768,0.2073333,0.51862663,-0.21555625,-0.53996223,-0.18528593,-0.41957703,-0.23980305,0.1687732,-0.50399697,0.39655003,0.38600257,-0.0797927,-0.067505635,-0.58694476,0.06373628,0.061981186,-0.15446728,0.074861795,0.042708542,-0.20139095,0.45135787,0.5519193,-0.029277738,-0.8657319,0.34931412,0.7214529,0.11773675,-0.22686772,-0.8891016,-0.76669234,-1.1492121,-0.04164083,0.27083513,0.4258068,0.29612646,0.45659438,-0.5257421,-0.6484565,-0.6580056,0.8269126,0.39239907,0.55824786,0.43367764,-0.56024987,0.39198393,0.3724589,-1.2170949,-1.0959717,-0.13395621,-0.1778922,0.7850338,0.83895695,-0.10031684,-0.72539973,-0.09935777,-1.0634916,-0.3085158,-0.20296738
48,0.5609603,0.5274155,0.38258126,-0.7207744,0.4918319,0.7113836,-0.6117579,0.061568554,-0.5758581,0.5260712,1.3004396,-0.5858582,-0.6542493,-0.44629312,0.104910925,0.21246934,-0.43172568,0.02406058,-0.5531142,-0.3456065,0.4937515,-0.24747783,1.2734071,0.5810036,-0.76017684,0.7703558,0.25476363,0.6631378,0.57602435,-0.59600943,-0.14377844,-0.16151434,-0.3498478,-0.48233986,0.18567486,0.98853713,-0.28908247,-0.58453107,-0.5780146,0.291456,-0.48397028,-0.61161023,-0.7215793,0.638585,0.28577355,-0.655619,0.6883662,-0.55928665,0.37078673,0.91372,-0.14652646,-0.84379286,-0.7374574,-0.7267854,0.10279451,-0.17320943,0.7283707,0.5406529,-0.5742649,-0.22370595,-0.17867923,0.64177203,-0.347349,0.34812525,-0.066218555,0.07075298,1.0127763,0.33262962,0.923267,-0.34698927,0.98037094,0.552989,0.986924,0.9387345,-0.23138219,0.7313024,-0.10780966,0.80862516,0.4658585,-0.48321176,0.69926363,0.69607955,-0.44979656,-0.40798455,1.2970139,-0.37840962,-0.22407305,-0.3256545,0.69649357,0.26584765,-0.25402975,-0.17939705,0.40870923,-0.552035,0.78018963,-0.43677908,-0.84387887,0.26569328,-0.25506175,-0.46696538,-0.6659186,-0.44715023,0.81889766,0.6015699,0.5980626,-0.12574875,0.57045007,0.4468416,-0.08229607,0.21275684,-0.57698137,1.1590824,-0.6062393,1.4392141,-0.4067775,-0.058536112,0.3434768,-0.025841415,0.9051845,-0.45967525,-0.29248607,0.3236456,-0.2895667,-0.1287871,-0.5626557,-0.21763039,-0.4463604,-0.7667931,0.5673532,-0.3600795,-1.4591113,-0.28437373,0.30860403,0.13070415,-1.5104402,0.63070554,-0.73174196,-0.14487559,0.38441595,0.08496274,-0.3078644,-0.6657101,1.1626362,0.05732827,0.5468197,1.7001693,0.8845081,-0.69711065,-0.38097432,-0.5388631,-0.4766548,-0.16462518,0.22457229,1.1122217,0.52559316,0.29986218,0.20947048,0.6324946,0.024085917,-1.4204667,0.0292476,-0.062296174,0.79376423,-0.5031668,-0.5017668,1.3200468,0.5829986,0.02421654,-0.59551674,0.35833412,0.04093393,-1.1499602,-0.39407396,-0.09482792,0.9499301,0.012535557,-0.61642265,-0.55047446,0.19038811,0.23787503,-0.4090452,0.025408871,0.57741076,-1.0107243,1.0193889,-0.037862793,-0.11959727,-0.495152,0.0032722056,-1.4062746,-0.34744218,0.050515592,-0.76187176,0.36201876,0.4444457,-1.0207303,0.38367993,-0.4710678,-0.13674206,1.0448778,-0.5979005,-0.81069493,-0.4292497,-0.7000957,-0.42876104,0.07639782,-0.44584426,-0.2826403,-0.6100755,0.21445066,-0.10140863,0.31437105,0.14796598,0.62749225,-0.46648625,-0.069907434,-0.1447685,-0.16874975,0.43749097,0.02448935,-0.15356532,-1.0077524,0.7796447,0.35473487,0.567192,0.042749852,-0.97711843,0.11771945,-1.0468602,-1.2469988,0.6441173,0.1911054,1.095715,1.3554714,0.18510589,-0.5093551,-0.74042064,0.9785706,0.7009253,0.93701535,0.459467,-0.5623944,0.23831803,0.0047048256,-1.4687346,-1.3935486,0.219347,0.42050788,0.36331546,0.22301833,-0.39412925,-0.71617705,0.23418003,-0.7273881,-1.3821267,-0.31148672
49,0.5609603,0.5274155,0.38258126,-0.7207744,0.4918319,0.7113836,-0.6117579,0.061568554,-0.5758581,0.5260712,1.3004396,-0.5858582,-0.6542493,-0.44629312,0.104910925,0.21246934,-0.43172568,0.02406058,-0.5531142,-0.3456065,0.4937515,-0.24747783,1.2734071,0.5810036,-0.76017684,0.7703558,0.25476363,0.6631378,0.57602435,-0.59600943,-0.14377844,-0.16151434,-0.3498478,-0.48233986,0.18567486,0.98853713,-0.28908247,-0.58453107,-0.5780146,0.291456,-0.48397028,-0.61161023,-0.7215793,0.638585,0.28577355,-0.655619,0.6883662,-0.55928665,0.37078673,0.91372,-0.14652646,-0.84379286,-0.7374574,-0.7267854,0.10279451,-0.17320943,0.7283707,0.5406529,-0.5742649,-0.22370595,-0.17867923,0.64177203,-0.347349,0.34812525,-0.066218555,0.07075298,1.0127763,0.33262962,0.923267,-0.34698927,0.98037094,0.552989,0.986924,0.9387345,-0.23138219,0.7313024,-0.10780966,0.80862516,0.4658585,-0.48321176,0.69926363,0.69607955,-0.44979656,-0.40798455,1.2970139,-0.37840962,-0.22407305,-0.3256545,0.69649357,0.26584765,-0.25402975,-0.17939705,0.40870923,-0.552035,0.78018963,-0.43677908,-0.84387887,0.26569328,-0.25506175,-0.46696538,-0.6659186,-0.44715023,0.81889766,0.6015699,0.5980626,-0.12574875,0.57045007,0.4468416,-0.08229607,0.21275684,-0.57698137,1.1590824,-0.6062393,1.4392141,-0.4067775,-0.058536112,0.3434768,-0.025841415,0.9051845,-0.45967525,-0.29248607,0.3236456,-0.2895667,-0.1287871,-0.5626557,-0.21763039,-0.4463604,-0.7667931,0.5673532,-0.3600795,-1.4591113,-0.28437373,0.30860403,0.13070415,-1.5104402,0.63070554,-0.73174196,-0.14487559,0.38441595,0.08496274,-0.3078644,-0.6657101,1.1626362,0.05732827,0.5468197,1.7001693,0.8845081,-0.69711065,-0.38097432,-0.5388631,-0.4766548,-0.16462518,0.22457229,1.1122217,0.52559316,0.29986218,0.20947048,0.6324946,0.024085917,-1.4204667,0.0292476,-0.062296174,0.79376423,-0.5031668,-0.5017668,1.3200468,0.5829986,0.02421654,-0.59551674,0.35833412,0.04093393,-1.1499602,-0.39407396,-0.09482792,0.9499301,0.012535557,-0.61642265,-0.55047446,0.19038811,0.23787503,-0.4090452,0.025408871,0.57741076,-1.0107243,1.0193889,-0.037862793,-0.11959727,-0.495152,0.0032722056,-1.4062746,-0.34744218,0.050515592,-0.76187176,0.36201876,0.4444457,-1.0207303,0.38367993,-0.4710678,-0.13674206,1.0448778,-0.5979005,-0.81069493,-0.4292497,-0.7000957,-0.42876104,0.07639782,-0.44584426,-0.2826403,-0.6100755,0.21445066,-0.10140863,0.31437105,0.14796598,0.62749225,-0.46648625,-0.069907434,-0.1447685,-0.16874975,0.43749097,0.02448935,-0.15356532,-1.0077524,0.7796447,0.35473487,0.567192,0.042749852,-0.97711843,0.11771945,-1.0468602,-1.2469988,0.6441173,0.1911054,1.095715,1.3554714,0.18510589,-0.5093551,-0.74042064,0.9785706,0.7009253,0.93701535,0.459467,-0.5623944,0.23831803,0.0047048256,-1.4687346,-1.3935486,0.219347,0.42050788,0.36331546,0.22301833,-0.39412925,-0.71617705,0.23418003,-0.7273881,-1.3821267,-0.31148672
50,0.64309895,0.519436,0.44964966,-0.72637653,0.49727055,0.6677902,-0.58778125,0.1667329,-0.59383607,0.55319977,1.3894312,-0.6267427,-0.6533151,-0.45895082,0.04875965,0.214066,-0.42174643,-0.035556197,-0.6066177,-0.3192218,0.5159378,-0.23938107,1.2971971,0.66809964,-0.7761083,0.7810247,0.3018114,0.74230576,0.6530817,-0.6213744,-0.20973343,-0.10477382,-0.3617931,-0.5009825,0.12773666,1.0561177,-0.31175202,-0.58553517,-0.5833272,0.32467893,-0.4831574,-0.64592195,-0.7303355,0.6743536,0.23765428,-0.65300655,0.66075784,-0.5746583,0.35911965,0.9827061,-0.16705817,-0.848401,-0.77875435,-0.7423501,0.067515925,-0.1923464,0.75379556,0.55276096,-0.5626503,-0.19866174,-0.15788966,0.6365894,-0.32780564,0.33661973,-0.05002117,-0.1079638,1.0432903,0.3497402,0.9274994,-0.32803363,0.9179554,0.5201508,1.0349183,0.9364247,-0.33078396,0.7929609,-0.1210019,0.7907386,0.40060622,-0.52122235,0.6991161,0.68353343,-0.4109407,-0.4384175,1.3023343,-0.36785477,-0.23230535,-0.35376585,0.67787987,0.24444269,-0.27742118,-0.19001734,0.47644466,-0.55563945,0.7560585,-0.4613369,-0.8598262,0.38342884,-0.2623164,-0.48326635,-0.6670775,-0.48669326,0.7933085,0.66116863,0.64843667,-0.17385697,0.57465965,0.43051264,-0.10022813,0.20065933,-0.5753001,1.2103846,-0.63179624,1.5151753,-0.38417155,0.038972497,0.34326595,-0.07734847,1.062514,-0.48981518,-0.3486892,0.30188408,-0.31787658,-0.17303807,-0.6041666,-0.18233407,-0.50066406,-0.77762145,0.13379276,-0.5664676,-0.97264963,-0.1348046,1.0669415,1.1593419,-1.4799227,0.48708206,0.11886972,-0.7961521,1.0588872,-0.0065489803,-0.4138086,-2.063273,1.3720909,-0.54020256,1.0688194,3.030127,1.2835217,0.34439668,-0.91581404,-0.5234539,-1.8635646,-0.7220088,-0.0066155633,2.0124109,1.7387948,0.53165424,-0.5938997,-0.21621132,-1.0186856,-1.5403851,0.330795,0.40219367,0.31875,0.61537725,0.8004274,1.7937266,1.9512907,-0.5531286,-1.1738557,-0.102809936,-0.9224772,-1.4497889,-0.34458083,-0.33176765,0.057345226,-0.6981363,-1.6949941,-0.45950878,-0.89708257,0.66028464,-2.0608327,0.8949754,0.4764841,-1.2903432,1.1437559,0.03922037,-0.31934357,-0.39139667,-1.4920144,-1.7023064,0.18620642,-0.5358774,-1.233954,1.5975597,-0.019890046,-0.4119196,1.5520691,-0.6199325,0.55407107,2.0430355,-0.60523796,-0.9056317,-0.52365875,-0.32574004,-1.149322,0.6799376,-0.9189376,0.6254734,0.7048257,0.43720567,-0.35889506,-0.943071,-0.10151714,0.2417779,-0.22296607,-0.0061435346,0.41467074,0.31828743,1.0956706,1.1281155,-0.8993155,-1.389995,1.3644725,1.5485697,0.10072747,-0.030952249,-1.5067394,-1.1436117,-1.9328268,0.091883615,1.2900853,1.0501326,1.4652731,0.9057453,-0.97544616,-1.1993295,-1.0825136,1.7914076,0.6695345,0.6341159,1.0320644,-0.5677806,1.5035961,0.7024714,-2.2191713,-1.8094385,-0.08099013,-0.78574204,1.0352069,1.3964812,-0.83673555,-1.2375377,0.80440605,-1.2322706,-1.0304722,-0.1059793
51,0.5609603,0.5274155,0.38258126,-0.7207744,0.4918319,0.7113836,-0.6117579,0.061568554,-0.5758581,0.5260712,1.3004396,-0.5858582,-0.6542493,-0.44629312,0.104910925,0.21246934,-0.43172568,0.02406058,-0.5531142,-0.3456065,0.4937515,-0.24747783,1.2734071,0.5810036,-0.76017684,0.7703558,0.25476363,0.6631378,0.57602435,-0.59600943,-0.14377844,-0.16151434,-0.3498478,-0.48233986,0.18567486,0.98853713,-0.28908247,-0.58453107,-0.5780146,0.291456,-0.48397028,-0.61161023,-0.7215793,0.638585,0.28577355,-0.655619,0.6883662,-0.55928665,0.37078673,0.91372,-0.14652646,-0.84379286,-0.7374574,-0.7267854,0.10279451,-0.17320943,0.7283707,0.5406529,-0.5742649,-0.22370595,-0.17867923,0.64177203,-0.347349,0.34812525,-0.066218555,0.07075298,1.0127763,0.33262962,0.923267,-0.34698927,0.98037094,0.552989,0.986924,0.9387345,-0.23138219,0.7313024,-0.10780966,0.80862516,0.4658585,-0.48321176,0.69926363,0.69607955,-0.44979656,-0.40798455,1.2970139,-0.37840962,-0.22407305,-0.3256545,0.69649357,0.26584765,-0.25402975,-0.17939705,0.40870923,-0.552035,0.78018963,-0.43677908,-0.84387887,0.26569328,-0.25506175,-0.46696538,-0.6659186,-0.44715023,0.81889766,0.6015699,0.5980626,-0.12574875,0.57045007,0.4468416,-0.08229607,0.21275684,-0.57698137,1.1590824,-0.6062393,1.4392141,-0.4067775,-0.058536112,0.3434768,-0.025841415,0.9051845,-0.45967525,-0.29248607,0.3236456,-0.2895667,-0.1287871,-0.5626557,-0.21763039,-0.4463604,-0.7667931,0.5673532,-0.3600795,-1.4591113,-0.28437373,0.30860403,0.13070415,-1.5104402,0.63070554,-0.73174196,-0.14487559,0.38441595,0.08496274,-0.3078644,-0.6657101,1.1626362,0.05732827,0.5468197,1.7001693,0.8845081,-0.69711065,-0.38097432,-0.5388631,-0.4766548,-0.16462518,0.22457229,1.1122217,0.52559316,0.29986218,0.20947048,0.6324946,0.024085917,-1.4204667,0.0292476,-0.062296174,0.79376423,-0.5031668,-0.5017668,1.3200468,0.5829986,0.02421654,-0.59551674,0.35833412,0.04093393,-1.1499602,-0.39407396,-0.09482792,0.9499301,0.012535557,-0.61642265,-0.55047446,0.19038811,0.23787503,-0.4090452,0.025408871,0.57741076,-1.0107243,1.0193889,-0.037862793,-0.11959727,-0.495152,0.0032722056,-1.4062746,-0.34744218,0.050515592,-0.76187176,0.36201876,0.4444457,-1.0207303,0.38367993,-0.4710678,-0.13674206,1.0448778,-0.5979005,-0.81069493,-0.4292497,-0.7000957,-0.42876104,0.07639782,-0.44584426,-0.2826403,-0.6100755,0.21445066,-0.10140863,0.31437105,0.14796598,0.62749225,-0.46648625,-0.069907434,-0.1447685,-0.16874975,0.43749097,0.02448935,-0.15356532,-1.0077524,0.7796447,0.35473487,0.567192,0.042749852,-0.97711843,0.11771945,-1.0468602,-1.2469988,0.6441173,0.1911054,1.095715,1.3554714,0.18510589,-0.5093551,-0.74042064,0.9785706,0.7009253,0.93701535,0.459467,-0.5623944,0.23831803,0.0047048256,-1.4687346,-1.3935486,0.219347,0.42050788,0.36331546,0.22301833,-0.39412925,-0.71617705,0.23418003,-0.7273881,-1.3821267,-0.31148672
52,0.11987063,0.056812473,-0.020539999,-0.18876398,0.10119034,0.024450902,-0.1667704,-0.069802165,-0.11989969,0.16386637,0.27227575,-0.07889539,-0.25970882,-0.14202976,0.19309011,0.019218432,0.046370428,0.018547192,-0.06408417,-0.17212737,0.03973249,-0.092255056,0.23357742,0.040829737,-0.17665124,0.14613003,0.005931424,0.08790033,0.038372166,-0.20368576,-0.032121837,-0.25847745,-0.01945126,-0.08452803,0.0043646074,0.16867381,-0.13363683,-0.09070945,-0.21324998,0.095173106,-0.14820814,-0.057190657,-0.2398929,0.082979836,0.06622106,-0.26987034,0.11008302,-0.070032835,0.03588605,0.17435874,0.021689283,-0.31604683,-0.16297376,-0.2626351,0.11553292,0.13705838,0.20400733,0.07741326,-0.13548183,-0.067751646,0.0116228685,0.08895504,-0.10889083,0.17949301,0.007727191,0.10417323,0.16739562,0.032779697,0.14416853,-0.17917413,0.1905765,0.022214925,0.17009152,0.23144206,0.1410757,0.084793866,-0.042021096,0.25623602,0.27437156,-0.09109253,0.2112315,0.1869739,-0.12813616,-0.024607062,0.24119793,-0.051038504,-0.0632624,0.019235663,0.25298506,0.06290765,0.030646646,-0.07219827,0.08647914,-0.1110487,0.1614365,-0.029309511,-0.28396255,-0.07045883,-0.029843569,-0.18426377,-0.19148797,-0.082068086,0.15128367,0.096958086,0.10604176,0.037331663,0.11631836,0.17709364,-0.022164762,0.019913116,-0.073999226,0.21359,-0.19507146,0.21936646,-0.20326811,0.04825022,-0.08980638,-0.024695396,0.19539906,-0.081528604,-0.014099479,0.07573609,-0.024104416,-0.013072431,-0.11897504,-0.09301776,-0.035325706,-0.19215459,0.045899916,-0.6063954,-0.86948705,-0.091400556,0.17199416,0.56895167,-0.97411567,0.32614332,-0.19253685,-0.08396837,0.25899538,-0.012434673,-0.20892137,-0.62241423,0.4910201,-0.6420524,0.1973498,1.1919194,0.41226056,-0.17619765,0.03897644,-0.65912366,-0.4809662,-0.44927764,0.75352174,0.6826455,0.6632104,0.32937065,0.10213338,-0.10213606,-0.3788753,-0.93732196,0.23928457,0.19833753,0.33394507,0.23993434,-0.1989675,0.8069068,0.435674,0.088238955,-0.2981323,0.4495554,-0.46955317,-0.7793556,-0.43251148,-0.52134174,0.29520074,-0.05303648,-0.64313793,-0.507626,0.15173776,-0.08681201,-0.4664441,0.27364567,0.5311978,-0.91479534,0.62446237,0.26358458,-0.3118098,-0.06252063,-0.11872436,-1.0217586,-0.4210287,-0.40649298,-0.9850702,0.32566467,-0.06263861,-0.5608039,0.3015787,-0.49355543,0.08039242,0.40955502,-0.6887717,-0.36303917,-0.3741832,-0.33353657,-0.6417283,0.70289326,-0.25948247,0.4081562,0.06250891,0.0531487,0.038420483,-0.22665593,0.1477499,0.24245201,-0.092846245,-0.34129366,-0.32578668,-0.05004359,0.5150966,0.56822866,-0.3077364,-0.79749876,-0.024298158,0.7983256,0.39451227,-0.21105644,-0.7557083,-0.38605314,-0.97663814,-0.52839464,0.2928859,0.21744429,0.086430185,0.7026547,-0.08821875,-0.90255415,-0.78085995,0.76547164,0.143611,0.4074264,0.103134364,-0.46514177,0.48580447,0.20881341,-1.3709683,-1.0772129,0.06873268,0.32507607,0.54946756,0.435204,0.20061362,-0.8410156,0.30123606,-0.7956627,-0.43961334,-0.4667939
53,0.11987063,0.056812473,-0.020539999,-0.18876398,0.10119034,0.024450902,-0.1667704,-0.069802165,-0.11989969,0.16386637,0.27227575,-0.07889539,-0.25970882,-0.14202976,0.19309011,0.019218432,0.046370428,0.018547192,-0.06408417,-0.17212737,0.03973249,-0.092255056,0.23357742,0.040829737,-0.17665124,0.14613003,0.005931424,0.08790033,0.038372166,-0.20368576,-0.032121837,-0.25847745,-0.01945126,-0.08452803,0.0043646074,0.16867381,-0.13363683,-0.09070945,-0.21324998,0.095173106,-0.14820814,-0.057190657,-0.2398929,0.082979836,0.06622106,-0.26987034,0.11008302,-0.070032835,0.03588605,0.17435874,0.021689283,-0.31604683,-0.16297376,-0.2626351,0.11553292,0.13705838,0.20400733,0.07741326,-0.13548183,-0.067751646,0.0116228685,0.08895504,-0.10889083,0.17949301,0.007727191,0.10417323,0.16739562,0.032779697,0.14416853,-0.17917413,0.1905765,0.022214925,0.17009152,0.23144206,0.1410757,0.084793866,-0.042021096,0.25623602,0.27437156,-0.09109253,0.2112315,0.1869739,-0.12813616,-0.024607062,0.24119793,-0.051038504,-0.0632624,0.019235663,0.25298506,0.06290765,0.030646646,-0.07219827,0.08647914,-0.1110487,0.1614365,-0.029309511,-0.28396255,-0.07045883,-0.029843569,-0.18426377,-0.19148797,-0.082068086,0.15128367,0.096958086,0.10604176,0.037331663,0.11631836,0.17709364,-0.022164762,0.019913116,-0.073999226,0.21359,-0.19507146,0.21936646,-0.20326811,0.04825022,-0.08980638,-0.024695396,0.19539906,-0.081528604,-0.014099479,0.07573609,-0.024104416,-0.013072431,-0.11897504,-0.09301776,-0.035325706,-0.19215459,0.045899916,-0.6063954,-0.86948705,-0.091400556,0.17199416,0.56895167,-0.97411567,0.32614332,-0.19253685,-0.08396837,0.25899538,-0.012434673,-0.20892137,-0.62241423,0.4910201,-0.6420524,0.1973498,1.1919194,0.41226056,-0.17619765,0.03897644,-0.65912366,-0.4809662,-0.44927764,0.75352174,0.6826455,0.6632104,0.32937065,0.10213338,-0.10213606,-0.3788753,-0.93732196,0.23928457,0.19833753,0.33394507,0.23993434,-0.1989675,0.8069068,0.435674,0.088238955,-0.2981323,0.4495554,-0.46955317,-0.7793556,-0.43251148,-0.52134174,0.29520074,-0.05303648,-0.64313793,-0.507626,0.15173776,-0.08681201,-0.4664441,0.27364567,0.5311978,-0.91479534,0.62446237,0.26358458,-0.3118098,-0.06252063,-0.11872436,-1.0217586,-0.4210287,-0.40649298,-0.9850702,0.32566467,-0.06263861,-0.5608039,0.3015787,-0.49355543,0.08039242,0.40955502,-0.6887717,-0.36303917,-0.3741832,-0.33353657,-0.6417283,0.70289326,-0.25948247,0.4081562,0.06250891,0.0531487,0.038420483,-0.22665593,0.1477499,0.24245201,-0.092846245,-0.34129366,-0.32578668,-0.05004359,0.5150966,0.56822866,-0.3077364,-0.79749876,-0.024298158,0.7983256,0.39451227,-0.21105644,-0.7557083,-0.38605314,-0.97663814,-0.52839464,0.2928859,0.21744429,0.086430185,0.7026547,-0.08821875,-0.90255415,-0.78085995,0.76547164,0.143611,0.4074264,0.103134364,-0.46514177,0.48580447,0.20881341,-1.3709683,-1.0772129,0.06873268,0.32507607,0.54946756,0.435204,0.20061362,-0.8410156,0.30123606,-0.7956627,-0.43961334,-0.4667939
54,0.74194163,0.49419332,0.42695215,-0.75303066,0.4811436,0.7322092,-0.6157522,0.07858082,-0.57897955,0.66049206,1.451434,-0.6267845,-0.7002287,-0.4706003,0.15341803,0.17456147,-0.43595922,0.031069545,-0.58184934,-0.39877623,0.46231225,-0.19528401,1.3667809,0.6141145,-0.77221906,0.80080014,0.21739051,0.63348705,0.5943578,-0.63559556,-0.13377392,-0.238796,-0.3179533,-0.4963417,0.15381908,1.0860633,-0.40211117,-0.571084,-0.6378385,0.35747367,-0.5214714,-0.62276244,-0.76350677,0.7018295,0.26275375,-0.6880894,0.68622625,-0.59704685,0.43634582,1.0646644,-0.17141014,-0.8742431,-0.75680876,-0.772075,0.14759518,-0.057448566,0.85682505,0.5662882,-0.5946283,-0.2301994,-0.15631473,0.6570866,-0.36103565,0.42748204,-0.044921517,0.106789455,1.0462554,0.37179244,0.972576,-0.3719393,0.964488,0.5287312,1.101319,1.0102968,-0.15410954,0.7625952,-0.1578067,0.94087785,0.57888997,-0.52924126,0.7796477,0.7438737,-0.45891595,-0.4123962,1.3527544,-0.34707373,-0.23884434,-0.335854,0.7959174,0.27625188,-0.22339076,-0.18980521,0.52863574,-0.5703842,0.8423555,-0.4220928,-0.86427814,0.23519184,-0.29719824,-0.5076,-0.69403553,-0.48161876,0.8988486,0.64647484,0.70323247,-0.14446372,0.62690187,0.5508719,-0.11327511,0.2569859,-0.63063806,1.2948587,-0.65707135,1.5358182,-0.44142234,0.02279014,0.28824672,-0.046117067,1.0103254,-0.43596303,-0.30393898,0.33206683,-0.32003498,-0.19219393,-0.60946965,-0.15382332,-0.43752134,-0.7933662,-0.01820274,-0.56307626,-0.91872436,-0.09629938,0.7526991,1.1058991,-1.2696477,0.6164851,0.078842044,-0.4394879,0.6163348,-0.3066302,-0.9878998,-1.0432901,0.61771387,-0.73164,0.39627573,1.7533318,0.61768365,0.4868031,-0.18649434,-0.72345066,-0.9569709,-0.58141166,0.5776475,1.0649586,1.1826178,0.19948822,-0.38049588,-0.73445857,-0.3747683,-0.89640266,0.33927047,0.47949812,0.27136296,0.63465387,0.11276041,1.2579786,1.0038877,0.0665956,-0.6962596,0.36540663,-0.6076671,-1.1649041,-0.4592746,-0.3882715,0.037008777,-0.40887722,-0.9339043,-0.44781363,0.16425607,0.19533269,-1.1948754,0.62699914,0.6224311,-0.8434868,0.4902619,0.72085595,-0.60607266,-0.2599681,-0.20407742,-1.1861432,-0.3244008,-0.57397753,-1.4711806,0.8704927,-0.027480274,-0.1892338,0.4755598,-0.6708496,0.14723817,0.6123003,-0.49433208,-0.46398187,-0.47165158,-0.60071284,-0.79384834,0.6911308,-0.7764648,0.8122382,0.3936916,-0.19565617,-0.11944759,-0.74981755,0.007568747,-0.0145499185,-0.17456008,0.09060785,-0.266776,-0.02812618,0.6571685,0.9789526,-0.2010292,-1.3870687,0.3081104,1.1660784,0.13588314,-0.4764499,-0.948322,-0.8340753,-1.2888488,0.027355134,0.39268863,0.4608225,0.18014061,0.5234742,-0.61423916,-1.1040639,-0.84689236,1.3871855,0.30408928,0.3623522,0.4400649,-0.5546372,0.60709804,0.7533487,-1.5161682,-1.470933,-0.18874262,-0.11798512,0.88786465,1.0553229,0.044947043,-1.3112924,-0.044292867,-1.2254887,-0.12912755,-0.45787925
55,0.20530252,0.099429786,0.055737928,-0.44838923,0.19879319,0.35736912,-0.36606002,-0.07573557,-0.16342819,0.31170884,0.55949384,-0.18551207,-0.41111302,-0.17176014,0.32326952,0.039469834,-0.13832587,0.12336689,-0.13018775,-0.307926,0.07117164,-0.03649813,0.46331984,0.0503142,-0.40255243,0.23647508,-0.10448599,0.07988957,0.12438771,-0.33160156,0.01510407,-0.38333344,0.0030718138,-0.15340674,0.11912541,0.38232064,-0.22472912,-0.1840626,-0.37770098,0.1814806,-0.27617735,-0.09989077,-0.4545393,0.3296265,0.08264077,-0.37838602,0.23288657,-0.27984393,0.25019276,0.3343344,-0.022125304,-0.6035982,-0.21716481,-0.43991315,0.3115058,0.2346137,0.4295471,0.15916076,-0.37096417,-0.07505071,-0.031906605,0.23196886,-0.19997317,0.24497408,-0.009924769,0.5196483,0.21721397,0.047845587,0.40756243,-0.21239877,0.43520463,0.20501423,0.372528,0.37322775,0.33830076,0.17354752,-0.008732498,0.4390262,0.4812887,-0.29255986,0.3030229,0.4045879,-0.2910235,-0.041850626,0.51865894,-0.16692287,-0.1766296,-0.05332905,0.45452464,0.07786135,0.06986722,-0.07826936,0.172582,-0.24975187,0.43475866,-0.056028187,-0.44554055,-0.21597844,-0.20869935,-0.19714844,-0.37164366,-0.15604424,0.44263655,0.15266474,0.21245871,-0.009299219,0.26403967,0.35786515,-0.04889238,0.04334154,-0.40529335,0.44771385,-0.3076998,0.5420663,-0.35461837,-0.16526473,-0.014395356,0.11835836,0.076922596,-0.100676835,-0.0018103719,0.22719488,-0.09852177,-0.07299787,-0.16112232,-0.15434974,-0.029635191,-0.48544347,-0.2935358,-0.16581622,-0.55322415,-0.16637588,0.5456679,0.7785248,-0.82191175,0.4885111,0.028940924,-0.31402194,0.49597692,-0.111780666,-0.08044756,-0.65566164,0.78572685,-0.26778486,0.15003291,0.8234976,0.32384342,0.22307257,-0.29597652,-0.5367922,-0.6827621,-0.48969072,0.38651198,0.8685729,0.4806136,0.42414343,0.16061415,-0.1564946,-0.29046628,-0.7969449,0.14940143,0.1851636,0.37316796,-0.053741224,-0.04839129,0.80842507,0.50457406,-0.3387023,-0.24609904,0.087768696,-0.6309189,-0.33618394,-0.37099618,-0.6619409,0.2054966,-0.41005027,-1.1742018,-0.11678844,-0.1332339,0.13501248,-0.70490927,0.23722821,0.24230787,-0.85993266,0.8717388,0.13756831,0.0693972,-0.16938086,-0.24243088,-0.6050295,-0.44259658,-0.15937813,-0.9103878,0.35178182,-0.032728244,-0.22839084,0.42170426,-0.052253604,0.031626843,0.30043793,-0.755834,-0.48573998,-0.3090068,-0.12952565,-0.2630081,0.74715245,-0.31284136,0.47591493,0.04636306,0.037662074,0.023269242,-0.4449931,-0.0056011714,0.4861297,-0.08336419,-0.1745284,-0.024366232,0.19517559,0.46410376,0.5476744,-0.06288494,-0.598273,0.43634397,0.933863,0.13257813,-0.28148597,-0.8612743,-0.635429,-0.86702394,-0.23627649,0.59883326,0.5726243,0.34977594,0.7005899,-0.19694127,-0.5511049,-0.81916815,0.61308026,0.07968844,-0.034009904,0.34614816,-0.5288049,0.6078244,0.3600708,-1.2504718,-1.1040859,-0.15231572,0.09257678,0.6578331,0.32559958,-0.06757365,-0.47981986,0.17709741,-0.78452337,-0.46049988,-0.35992792
56,0.20530252,0.099429786,0.055737928,-0.44838923,0.19879319,0.35736912,-0.36606002,-0.07573557,-0.16342819,0.31170884,0.55949384,-0.18551207,-0.41111302,-0.17176014,0.32326952,0.039469834,-0.13832587,0.12336689,-0.13018775,-0.307926,0.07117164,-0.03649813,0.46331984,0.0503142,-0.40255243,0.23647508,-0.10448599,0.07988957,0.12438771,-0.33160156,0.01510407,-0.38333344,0.0030718138,-0.15340674,0.11912541,0.38232064,-0.22472912,-0.1840626,-0.37770098,0.1814806,-0.27617735,-0.09989077,-0.4545393,0.3296265,0.08264077,-0.37838602,0.23288657,-0.27984393,0.25019276,0.3343344,-0.022125304,-0.6035982,-0.21716481,-0.43991315,0.3115058,0.2346137,0.4295471,0.15916076,-0.37096417,-0.07505071,-0.031906605,0.23196886,-0.19997317,0.24497408,-0.009924769,0.5196483,0.21721397,0.047845587,0.40756243,-0.21239877,0.43520463,0.20501423,0.372528,0.37322775,0.33830076,0.17354752,-0.008732498,0.4390262,0.4812887,-0.29255986,0.3030229,0.4045879,-0.2910235,-0.041850626,0.51865894,-0.16692287,-0.1766296,-0.05332905,0.45452464,0.07786135,0.06986722,-0.07826936,0.172582,-0.24975187,0.43475866,-0.056028187,-0.44554055,-0.21597844,-0.20869935,-0.19714844,-0.37164366,-0.15604424,0.44263655,0.15266474,0.21245871,-0.009299219,0.26403967,0.35786515,-0.04889238,0.04334154,-0.40529335,0.44771385,-0.3076998,0.5420663,-0.35461837,-0.16526473,-0.014395356,0.11835836,0.076922596,-0.100676835,-0.0018103719,0.22719488,-0.09852177,-0.07299787,-0.16112232,-0.15434974,-0.029635191,-0.48544347,-0.2935358,-0.16581622,-0.55322415,-0.16637588,0.5456679,0.7785248,-0.82191175,0.4885111,0.028940924,-0.31402194,0.49597692,-0.111780666,-0.08044756,-0.65566164,0.78572685,-0.26778486,0.15003291,0.8234976,0.32384342,0.22307257,-0.29597652,-0.5367922,-0.6827621,-0.48969072,0.38651198,0.8685729,0.4806136,0.42414343,0.16061415,-0.1564946,-0.29046628,-0.7969449,0.14940143,0.1851636,0.37316796,-0.053741224,-0.04839129,0.80842507,0.50457406,-0.3387023,-0.24609904,0.087768696,-0.6309189,-0.33618394,-0.37099618,-0.6619409,0.2054966,-0.41005027,-1.1742018,-0.11678844,-0.1332339,0.13501248,-0.70490927,0.23722821,0.24230787,-0.85993266,0.8717388,0.13756831,0.0693972,-0.16938086,-0.24243088,-0.6050295,-0.44259658,-0.15937813,-0.9103878,0.35178182,-0.032728244,-0.22839084,0.42170426,-0.052253604,0.031626843,0.30043793,-0.755834,-0.48573998,-0.3090068,-0.12952565,-0.2630081,0.74715245,-0.31284136,0.47591493,0.04636306,0.037662074,0.023269242,-0.4449931,-0.0056011714,0.4861297,-0.08336419,-0.1745284,-0.024366232,0.19517559,0.46410376,0.5476744,-0.06288494,-0.598273,0.43634397,0.933863,0.13257813,-0.28148597,-0.8612743,-0.635429,-0.86702394,-0.23627649,0.59883326,0.5726243,0.34977594,0.7005899,-0.19694127,-0.5511049,-0.81916815,0.61308026,0.07968844,-0.034009904,0.34614816,-0.5288049,0.6078244,0.3600708,-1.2504718,-1.1040859,-0.15231572,0.09257678,0.6578331,0.32559958,-0.06757365,-0.47981986,0.17709741,-0.78452337,-0.46049988,-0.35992792
57,0.20530252,0.099429786,0.055737928,-0.44838923,0.19879319,0.35736912,-0.36606002,-0.07573557,-0.16342819,0.31170884,0.55949384,-0.18551207,-0.41111302,-0.17176014,0.32326952,0.039469834,-0.13832587,0.12336689,-0.13018775,-0.307926,0.07117164,-0.03649813,0.46331984,0.0503142,-0.40255243,0.23647508,-0.10448599,0.07988957,0.12438771,-0.33160156,0.01510407,-0.38333344,0.0030718138,-0.15340674,0.11912541,0.38232064,-0.22472912,-0.1840626,-0.37770098,0.1814806,-0.27617735,-0.09989077,-0.4545393,0.3296265,0.08264077,-0.37838602,0.23288657,-0.27984393,0.25019276,0.3343344,-0.022125304,-0.6035982,-0.21716481,-0.43991315,0.3115058,0.2346137,0.4295471,0.15916076,-0.37096417,-0.07505071,-0.031906605,0.23196886,-0.19997317,0.24497408,-0.009924769,0.5196483,0.21721397,0.047845587,0.40756243,-0.21239877,0.43520463,0.20501423,0.372528,0.37322775,0.33830076,0.17354752,-0.008732498,0.4390262,0.4812887,-0.29255986,0.3030229,0.4045879,-0.2910235,-0.041850626,0.51865894,-0.16692287,-0.1766296,-0.05332905,0.45452464,0.07786135,0.06986722,-0.07826936,0.172582,-0.24975187,0.43475866,-0.056028187,-0.44554055,-0.21597844,-0.20869935,-0.19714844,-0.37164366,-0.15604424,0.44263655,0.15266474,0.21245871,-0.009299219,0.26403967,0.35786515,-0.04889238,0.04334154,-0.40529335,0.44771385,-0.3076998,0.5420663,-0.35461837,-0.16526473,-0.014395356,0.11835836,0.076922596,-0.100676835,-0.0018103719,0.22719488,-0.09852177,-0.07299787,-0.16112232,-0.15434974,-0.029635191,-0.48544347,-0.2935358,-0.16581622,-0.55322415,-0.16637588,0.5456679,0.7785248,-0.82191175,0.4885111,0.028940924,-0.31402194,0.49597692,-0.111780666,-0.08044756,-0.65566164,0.78572685,-0.26778486,0.15003291,0.8234976,0.32384342,0.22307257,-0.29597652,-0.5367922,-0.6827621,-0.48969072,0.38651198,0.8685729,0.4806136,0.42414343,0.16061415,-0.1564946,-0.29046628,-0.7969449,0.14940143,0.1851636,0.37316796,-0.053741224,-0.04839129,0.80842507,0.50457406,-0.3387023,-0.24609904,0.087768696,-0.6309189,-0.33618394,-0.37099618,-0.6619409,0.2054966,-0.41005027,-1.1742018,-0.11678844,-0.1332339,0.13501248,-0.70490927,0.23722821,0.24230787,-0.85993266,0.8717388,0.13756831,0.0693972,-0.16938086,-0.24243088,-0.6050295,-0.44259658,-0.15937813,-0.9103878,0.35178182,-0.032728244,-0.22839084,0.42170426,-0.052253604,0.031626843,0.30043793,-0.755834,-0.48573998,-0.3090068,-0.12952565,-0.2630081,0.74715245,-0.31284136,0.47591493,0.04636306,0.037662074,0.023269242,-0.4449931,-0.0056011714,0.4861297,-0.08336419,-0.1745284,-0.024366232,0.19517559,0.46410376,0.5476744,-0.06288494,-0.598273,0.43634397,0.933863,0.13257813,-0.28148597,-0.8612743,-0.635429,-0.86702394,-0.23627649,0.59883326,0.5726243,0.34977594,0.7005899,-0.19694127,-0.5511049,-0.81916815,0.61308026,0.07968844,-0.034009904,0.34614816,-0.5288049,0.6078244,0.3600708,-1.2504718,-1.1040859,-0.15231572,0.09257678,0.6578331,0.32559958,-0.06757365,-0.47981986,0.17709741,-0.78452337,-0.46049988,-0.35992792
58,0.20530252,0.099429786,0.055737928,-0.44838923,0.19879319,0.35736912,-0.36606002,-0.07573557,-0.16342819,0.31170884,0.55949384,-0.18551207,-0.41111302,-0.17176014,0.32326952,0.039469834,-0.13832587,0.12336689,-0.13018775,-0.307926,0.07117164,-0.03649813,0.46331984,0.0503142,-0.40255243,0.23647508,-0.10448599,0.07988957,0.12438771,-0.33160156,0.01510407,-0.38333344,0.0030718138,-0.15340674,0.11912541,0.38232064,-0.22472912,-0.1840626,-0.37770098,0.1814806,-0.27617735,-0.09989077,-0.4545393,0.3296265,0.08264077,-0.37838602,0.23288657,-0.27984393,0.25019276,0.3343344,-0.022125304,-0.6035982,-0.21716481,-0.43991315,0.3115058,0.2346137,0.4295471,0.15916076,-0.37096417,-0.07505071,-0.031906605,0.23196886,-0.19997317,0.24497408,-0.009924769,0.5196483,0.21721397,0.047845587,0.40756243,-0.21239877,0.43520463,0.20501423,0.372528,0.37322775,0.33830076,0.17354752,-0.008732498,0.4390262,0.4812887,-0.29255986,0.3030229,0.4045879,-0.2910235,-0.041850626,0.51865894,-0.16692287,-0.1766296,-0.05332905,0.45452464,0.07786135,0.06986722,-0.07826936,0.172582,-0.24975187,0.43475866,-0.056028187,-0.44554055,-0.21597844,-0.20869935,-0.19714844,-0.37164366,-0.15604424,0.44263655,0.15266474,0.21245871,-0.009299219,0.26403967,0.35786515,-0.04889238,0.04334154,-0.40529335,0.44771385,-0.3076998,0.5420663,-0.35461837,-0.16526473,-0.014395356,0.11835836,0.076922596,-0.100676835,-0.0018103719,0.22719488,-0.09852177,-0.07299787,-0.16112232,-0.15434974,-0.029635191,-0.48544347,-0.2935358,-0.16581622,-0.55322415,-0.16637588,0.5456679,0.7785248,-0.82191175,0.4885111,0.028940924,-0.31402194,0.49597692,-0.111780666,-0.08044756,-0.65566164,0.78572685,-0.26778486,0.15003291,0.8234976,0.32384342,0.22307257,-0.29597652,-0.5367922,-0.6827621,-0.48969072,0.38651198,0.8685729,0.4806136,0.42414343,0.16061415,-0.1564946,-0.29046628,-0.7969449,0.14940143,0.1851636,0.37316796,-0.053741224,-0.04839129,0.80842507,0.50457406,-0.3387023,-0.24609904,0.087768696,-0.6309189,-0.33618394,-0.37099618,-0.6619409,0.2054966,-0.41005027,-1.1742018,-0.11678844,-0.1332339,0.13501248,-0.70490927,0.23722821,0.24230787,-0.85993266,0.8717388,0.13756831,0.0693972,-0.16938086,-0.24243088,-0.6050295,-0.44259658,-0.15937813,-0.9103878,0.35178182,-0.032728244,-0.22839084,0.42170426,-0.052253604,0.031626843,0.30043793,-0.755834,-0.48573998,-0.3090068,-0.12952565,-0.2630081,0.74715245,-0.31284136,0.47591493,0.04636306,0.037662074,0.023269242,-0.4449931,-0.0056011714,0.4861297,-0.08336419,-0.1745284,-0.024366232,0.19517559,0.46410376,0.5476744,-0.06288494,-0.598273,0.43634397,0.933863,0.13257813,-0.28148597,-0.8612743,-0.635429,-0.86702394,-0.23627649,0.59883326,0.5726243,0.34977594,0.7005899,-0.19694127,-0.5511049,-0.81916815,0.61308026,0.07968844,-0.034009904,0.34614816,-0.5288049,0.6078244,0.3600708,-1.2504718,-1.1040859,-0.15231572,0.09257678,0.6578331,0.32559958,-0.06757365,-0.47981986,0.17709741,-0.78452337,-0.46049988,-0.35992792
59,0.25759906,0.1348948,0.0549137,-0.5041492,0.22971648,0.44877487,-0.38594127,-0.07201314,-0.15785897,0.37842727,0.65489364,-0.22911865,-0.47707903,-0.1983602,0.38106692,0.050844602,-0.16195887,0.1664955,-0.13793504,-0.3513074,0.07443757,-0.026640296,0.5455456,0.044431042,-0.4454795,0.2979817,-0.13033015,0.045011982,0.15972604,-0.37900376,0.039471183,-0.4568618,0.03424204,-0.17664242,0.12794752,0.46038976,-0.2621976,-0.18617964,-0.43527275,0.20192555,-0.32422632,-0.12524033,-0.5139396,0.3741002,0.112418346,-0.4337536,0.2709693,-0.31216246,0.29600984,0.38000807,-0.044646144,-0.6624321,-0.24086368,-0.5087508,0.35204256,0.2740891,0.50736266,0.18469203,-0.43068415,-0.0867461,-0.032910407,0.27829176,-0.23405647,0.3149053,-0.03655231,0.6415797,0.25720918,0.048925303,0.4765542,-0.24565166,0.5265393,0.22576827,0.4452191,0.42329288,0.43753374,0.1971855,-0.02108568,0.5177501,0.59582007,-0.33647817,0.36660063,0.46990338,-0.3408345,-0.061663985,0.5983781,-0.17927253,-0.21228403,-0.06672782,0.54909074,0.10724146,0.09846164,-0.0848403,0.19452156,-0.28245854,0.4911056,-0.03556013,-0.5000613,-0.26599783,-0.25512987,-0.24132568,-0.42228127,-0.1615178,0.53649855,0.16623242,0.2380282,0.0071647298,0.32788724,0.43078843,-0.052383125,0.06507223,-0.4597053,0.5143578,-0.3597924,0.645906,-0.4033953,-0.18660718,-0.034359455,0.15500116,0.07383992,-0.09995043,0.011624811,0.25201923,-0.11883032,-0.0887658,-0.19721895,-0.16199559,0.01661522,-0.5344253,-0.18167895,0.110133365,-1.1068534,-0.20767474,0.5360857,0.91097534,-0.98579025,0.94083863,-0.35280645,-0.117801204,0.69103485,-0.07435553,-0.2745316,-0.4396282,0.81329536,-0.5085016,0.1613317,0.99237484,0.72067046,-0.41409835,-0.041255016,-1.1594914,-0.59711003,-0.6006159,0.9918767,0.907403,0.7604127,0.081479035,0.08423795,-0.102742106,-0.01924251,-1.1512567,0.46800596,0.323796,0.6859641,-0.16010463,-0.54439944,1.0657707,0.38365906,-2.7928501e-05,-0.47884429,0.3571288,-0.72513247,-0.42228246,-0.7993101,-0.6961518,0.10272068,-0.06003308,-1.3368609,-0.8645522,0.17766343,-0.23711601,-0.26656577,0.16196382,0.60427386,-1.1137812,0.73863906,0.76480657,-0.57971364,-0.1820351,0.042989746,-0.51281434,-0.73502266,0.099577,-1.4965866,-0.10633424,0.19060525,-0.15051682,0.10187539,-0.50375473,-0.5423042,0.13098396,-0.8491224,-0.45047417,-0.25456703,-0.72106326,-0.23540364,0.5429055,-0.0031263381,0.63766235,-0.15316083,-0.17031223,0.26189348,-0.3982895,-0.0555199,0.6998519,-0.074659415,-0.21127959,-0.28234312,-0.054039016,0.22630796,0.33240724,-0.09614946,-0.90714383,0.18202071,0.6120448,0.55867076,-0.47515318,-0.6765111,-0.6273194,-0.69987285,-0.65563834,0.45289397,0.15604696,0.101619825,1.137187,-0.08326465,-0.9660279,-0.54287845,1.2544518,0.084860906,0.34147042,0.35422757,-0.56504285,0.3612758,0.30518138,-1.6086726,-1.6158694,0.14823459,0.42524272,0.5936157,0.15351847,0.35180566,-1.0741587,0.0088076405,-1.2162156,-0.41653576,-0.28853524
60,0.41359788,0.17594858,0.10635665,-0.53008926,0.21734679,0.40781507,-0.42072088,-0.10341263,-0.25548327,0.4412004,0.7351823,-0.31077713,-0.5301402,-0.2577731,0.31858826,0.031398624,-0.19613159,0.121563904,-0.21255457,-0.36636257,0.11471356,-0.04934317,0.68929017,0.13386832,-0.46685982,0.36686534,-0.057508647,0.10038046,0.15359594,-0.41242975,0.053266954,-0.39122236,-0.03897941,-0.2315101,0.12219503,0.5199516,-0.34159046,-0.2514993,-0.4797806,0.21686232,-0.36484534,-0.2298894,-0.56284773,0.34830698,0.1575072,-0.5013288,0.3265402,-0.35405177,0.29959747,0.54789096,-0.05449754,-0.69380176,-0.35157233,-0.5600016,0.25887364,0.25700092,0.5350748,0.26411438,-0.4176215,-0.15159208,-0.052846074,0.29620576,-0.25571972,0.3538986,-0.010302007,0.46644276,0.42072645,0.14596537,0.4895869,-0.28969163,0.53013015,0.22782974,0.53509074,0.54960793,0.34849387,0.26488557,-0.09711337,0.62692887,0.5877379,-0.3125456,0.47140568,0.46676877,-0.34144557,-0.12002033,0.66954577,-0.1552391,-0.16107112,-0.09584391,0.57335424,0.15931927,0.030336665,-0.096785426,0.27915058,-0.32723552,0.5009211,-0.08920866,-0.59219414,-0.16630673,-0.21111709,-0.3200664,-0.4752953,-0.21701819,0.5570093,0.2397687,0.3497726,0.008589887,0.34854114,0.4460346,-0.06267935,0.16932338,-0.45707017,0.6548833,-0.42798072,0.6928216,-0.37641108,-0.056622922,-0.013559997,0.053565428,0.3006586,-0.10660344,-0.04192251,0.21884033,-0.1361742,-0.10742903,-0.3147245,-0.080548584,-0.04284537,-0.5500279,0.06653244,-0.30373633,-0.9799028,-0.078115515,0.4904324,0.54460275,-1.0301291,0.9324174,-0.32581404,0.047649898,0.5758428,-0.06578809,-0.6064753,-0.11902642,0.41842133,-0.6688914,0.06008856,0.8983283,0.31534207,-0.015076365,0.22521338,-0.8767738,-0.19876546,-0.3426536,0.9268398,0.565236,0.54314196,-0.0037357863,-0.038863376,-0.52773553,0.14764196,-0.8510413,0.27050996,0.27925494,0.3979212,0.28788164,-0.51170695,0.8139394,0.34814474,0.4143544,-0.49097314,0.35518375,-0.30645558,-0.7396204,-0.5529427,-0.2993079,-0.0442623,0.09480729,-0.41639447,-0.84518933,0.63020617,-0.26067176,-0.26089814,0.11937502,0.5498679,-0.63811016,0.015488993,0.8786825,-0.48974884,-0.25513774,0.41462886,-0.5241023,-0.502119,-0.024272785,-1.2331549,-0.13567963,0.19182815,-0.16216882,-0.023617452,-0.5398545,-0.35375875,-0.111199915,-0.4636058,-0.29215372,-0.20583701,-0.7664656,-0.1595288,0.22479692,-0.08952523,0.37942517,-0.32162896,-0.2517309,0.09047888,-0.4639301,-0.00799907,0.12797861,-0.025468342,-0.23830806,-0.55821365,-0.28890043,0.101292126,0.4435418,0.16586034,-0.95433867,-0.00014603138,0.56991553,0.3059103,-0.56486887,-0.4144237,-0.24672934,-0.5706661,-0.5890076,-0.06956282,-0.09823216,-0.10742052,0.9074998,-0.041326165,-0.78552425,-0.47958523,0.818209,0.30560794,0.48756644,0.13326268,-0.57752895,-0.06375329,0.39870834,-1.1740024,-1.0901332,0.059504,0.52095485,0.4988775,0.17820445,0.47889468,-1.1437235,-0.61081034,-1.2327666,-0.38194078,-0.30318215
61,0.44256645,0.17212102,0.11203199,-0.5321921,0.19951072,0.42042533,-0.41978687,-0.118165195,-0.24560642,0.4551397,0.7189681,-0.3047076,-0.52964216,-0.25015187,0.30183625,0.021605153,-0.22190738,0.13278753,-0.20416689,-0.3659231,0.100975126,-0.020068526,0.68764925,0.12433314,-0.44760144,0.35977003,-0.07102668,0.06467477,0.12558623,-0.40093744,0.0933073,-0.37444937,-0.03576529,-0.22134966,0.11773588,0.50732106,-0.36437172,-0.24832284,-0.49008316,0.20908922,-0.36470842,-0.2313518,-0.5634158,0.34890032,0.16227844,-0.49854386,0.3332137,-0.3663742,0.31866172,0.5681549,-0.06064886,-0.69447875,-0.32888222,-0.56315756,0.24019745,0.27061638,0.5353523,0.2596377,-0.41466534,-0.16410482,-0.05944997,0.3005485,-0.24929291,0.35018182,-0.008065045,0.48561648,0.41920513,0.16548291,0.4859038,-0.28141403,0.51244915,0.2281764,0.5399542,0.55206907,0.37302294,0.25803155,-0.114739776,0.6495464,0.5986515,-0.30445027,0.4712904,0.44996884,-0.34527034,-0.11548811,0.64941925,-0.13811517,-0.13671899,-0.103814006,0.56343096,0.16620976,0.038842704,-0.08323264,0.28687227,-0.32167995,0.5088481,-0.075812936,-0.5864434,-0.18019968,-0.20470136,-0.3139668,-0.4730901,-0.20923084,0.57667637,0.22971448,0.36004364,0.015665978,0.3512896,0.4566856,-0.061855435,0.1973103,-0.4698223,0.6722723,-0.42493647,0.66774106,-0.36422062,-0.050715625,-0.0017103553,0.0606182,0.29355967,-0.07094622,-0.027320445,0.20634133,-0.14164436,-0.109681785,-0.32007384,-0.05282104,-0.01186049,-0.5475188,-0.10255697,-0.6029167,-1.038212,-0.10333248,0.67091614,1.0015846,-1.4239402,0.8196817,-0.15001315,-0.4921611,0.7440096,-0.37628636,-1.045619,-0.7249174,0.59676987,-0.6983439,0.23470695,1.7673173,0.43872708,0.34384176,-0.112215355,-0.8438738,-0.65070504,-0.32107598,0.8668773,0.88983285,1.130383,0.27210453,-0.35261884,-0.6187532,0.20612662,-0.90959394,0.42812824,0.53870016,0.42436582,0.55730045,-0.3099911,1.3650833,0.74830127,0.18119304,-0.9359045,0.16977994,-0.40222216,-1.118524,-0.5010921,-0.36803487,0.15595815,-0.048034318,-0.8107858,-0.6530992,0.6592016,0.19960013,-0.7005162,0.3493482,0.82147825,-1.0567025,0.28185546,0.9708035,-0.49236688,-0.56417775,0.102981985,-0.99236125,-0.6760564,-0.5414711,-1.34135,0.66042507,-0.078442514,-0.39076078,0.5080857,-0.5561814,-0.16127124,0.11124866,-0.6669727,-0.59024495,-0.50861925,-0.5549014,-0.53984976,0.38031676,-0.5548048,0.64867646,-0.10368032,-0.10552908,0.06317501,-0.67746985,-0.30954477,-0.11461347,-0.34734008,-0.12441812,-0.41125768,-0.010503247,0.25377643,0.6830172,-0.095697716,-1.4004923,0.20547135,1.0746068,0.07964105,-0.6833932,-0.8652096,-0.52148175,-1.37842,-0.18773395,0.1291992,0.32946676,0.02612643,0.6593825,-0.6118763,-0.8711582,-0.5788842,1.1495396,0.5421057,0.5047808,0.33142516,-0.59706897,0.18712406,0.67171746,-1.6850891,-1.1811821,-0.3218337,0.05087658,0.8039474,0.8098384,-0.035522237,-1.3844872,-0.4453619,-1.3347296,-0.4199582,-0.51095814
62,0.6226924,0.4900574,0.4149361,-0.71644175,0.47800428,0.65839046,-0.5820754,0.14025347,-0.57007754,0.5593854,1.3497508,-0.607921,-0.6466686,-0.44486856,0.08378736,0.20959197,-0.40088683,-0.020907462,-0.5804323,-0.3284821,0.47882307,-0.22809601,1.247171,0.6271968,-0.76350737,0.7395998,0.2630471,0.6931734,0.62181646,-0.6111762,-0.18696743,-0.15262163,-0.3361296,-0.48129654,0.13541807,1.0286204,-0.32661235,-0.5650043,-0.5827535,0.3297685,-0.47363317,-0.616657,-0.7227533,0.65519816,0.22128733,-0.6476189,0.6293906,-0.55628777,0.37109238,0.9515055,-0.16071326,-0.8416912,-0.7573275,-0.73488975,0.10384225,-0.13503462,0.75798434,0.53080606,-0.55454564,-0.20535856,-0.15586722,0.60912335,-0.32851368,0.3428335,-0.04337728,-0.041162252,0.9900889,0.32638028,0.8928858,-0.34294182,0.89728314,0.494542,0.9920241,0.91354513,-0.27079028,0.7378295,-0.11801088,0.783108,0.4365086,-0.5106054,0.6927412,0.67005193,-0.40127861,-0.41526622,1.2610449,-0.35654444,-0.23179364,-0.33250904,0.6928187,0.22670853,-0.24263531,-0.1825391,0.4611602,-0.54139364,0.7324025,-0.4423837,-0.8463483,0.31683674,-0.26139706,-0.4759379,-0.65768945,-0.46125168,0.7770323,0.6130498,0.62705827,-0.15832311,0.5535907,0.43454304,-0.09573752,0.1964566,-0.5699258,1.1744831,-0.6218319,1.4608169,-0.39684737,0.02401601,0.3002596,-0.054694533,1.0081843,-0.4647364,-0.33033895,0.2913766,-0.3032865,-0.17609048,-0.58107305,-0.16421843,-0.47586155,-0.76656276,-0.095869064,-0.48258466,-0.97311634,-0.37883234,0.74677503,0.89241624,-1.5612282,0.8902849,-0.47909942,-0.2380076,0.6993594,-0.24371123,-0.67746526,-0.69014823,0.67387897,-0.6122848,0.35812768,1.6669707,0.5269507,-0.07342889,0.30144373,-1.4376439,-0.63108355,-0.7685451,0.8994287,0.8679888,0.90756947,0.2541938,0.10577312,-0.5780568,-0.50095105,-1.3345075,0.50036293,0.3203988,0.513622,0.12909018,-0.22657439,1.3235809,0.4968133,0.22349502,-0.6402899,0.3330698,-0.36497423,-0.8400398,-0.8361633,-0.6364896,-0.10207801,-0.05667109,-1.0446831,-0.9913163,0.54239976,-0.3155723,-0.711117,0.5267135,0.79401666,-1.232607,0.634635,0.5516535,-0.40694353,-0.2617502,-0.06791887,-1.4304336,-0.5340777,-0.24902177,-1.6701453,0.42748293,-0.11767689,-0.37255123,0.042090226,-0.41941765,-0.09219625,0.52611023,-1.0248892,-0.5961303,-0.39511135,-0.6312566,-0.53010744,0.8411508,-0.2165197,0.647745,-0.027195621,-0.20606808,0.019090425,-0.44964844,-0.25726417,0.631127,-0.3086736,-0.46806604,-0.6231116,0.18182023,0.6252129,0.68457174,-0.31530288,-1.3514931,0.06931305,0.9598061,0.4024907,-0.5349444,-0.9141686,-0.3514074,-1.4114103,-0.7611728,0.30490646,0.2237164,0.31435078,1.0849745,-0.39274064,-1.2093325,-1.049839,1.3180808,0.34320164,0.4404153,0.24946356,-0.84126145,0.1941838,0.6621183,-2.047936,-1.92979,0.040867917,0.21644914,0.70512205,0.72463465,0.3357071,-1.7048438,-0.17406766,-1.4037939,-0.6777535,-0.50299865
63,0.6226924,0.4900574,0.4149361,-0.71644175,0.47800428,0.65839046,-0.5820754,0.14025347,-0.57007754,0.5593854,1.3497508,-0.607921,-0.6466686,-0.44486856,0.08378736,0.20959197,-0.40088683,-0.020907462,-0.5804323,-0.3284821,0.47882307,-0.22809601,1.247171,0.6271968,-0.76350737,0.7395998,0.2630471,0.6931734,0.62181646,-0.6111762,-0.18696743,-0.15262163,-0.3361296,-0.48129654,0.13541807,1.0286204,-0.32661235,-0.5650043,-0.5827535,0.3297685,-0.47363317,-0.616657,-0.7227533,0.65519816,0.22128733,-0.6476189,0.6293906,-0.55628777,0.37109238,0.9515055,-0.16071326,-0.8416912,-0.7573275,-0.73488975,0.10384225,-0.13503462,0.75798434,0.53080606,-0.55454564,-0.20535856,-0.15586722,0.60912335,-0.32851368,0.3428335,-0.04337728,-0.041162252,0.9900889,0.32638028,0.8928858,-0.34294182,0.89728314,0.494542,0.9920241,0.91354513,-0.27079028,0.7378295,-0.11801088,0.783108,0.4365086,-0.5106054,0.6927412,0.67005193,-0.40127861,-0.41526622,1.2610449,-0.35654444,-0.23179364,-0.33250904,0.6928187,0.22670853,-0.24263531,-0.1825391,0.4611602,-0.54139364,0.7324025,-0.4423837,-0.8463483,0.31683674,-0.26139706,-0.4759379,-0.65768945,-0.46125168,0.7770323,0.6130498,0.62705827,-0.15832311,0.5535907,0.43454304,-0.09573752,0.1964566,-0.5699258,1.1744831,-0.6218319,1.4608169,-0.39684737,0.02401601,0.3002596,-0.054694533,1.0081843,-0.4647364,-0.33033895,0.2913766,-0.3032865,-0.17609048,-0.58107305,-0.16421843,-0.47586155,-0.76656276,-0.095869064,-0.48258466,-0.97311634,-0.37883234,0.74677503,0.89241624,-1.5612282,0.8902849,-0.47909942,-0.2380076,0.6993594,-0.24371123,-0.67746526,-0.69014823,0.67387897,-0.6122848,0.35812768,1.6669707,0.5269507,-0.07342889,0.30144373,-1.4376439,-0.63108355,-0.7685451,0.8994287,0.8679888,0.90756947,0.2541938,0.10577312,-0.5780568,-0.50095105,-1.3345075,0.50036293,0.3203988,0.513622,0.12909018,-0.22657439,1.3235809,0.4968133,0.22349502,-0.6402899,0.3330698,-0.36497423,-0.8400398,-0.8361633,-0.6364896,-0.10207801,-0.05667109,-1.0446831,-0.9913163,0.54239976,-0.3155723,-0.711117,0.5267135,0.79401666,-1.232607,0.634635,0.5516535,-0.40694353,-0.2617502,-0.06791887,-1.4304336,-0.5340777,-0.24902177,-1.6701453,0.42748293,-0.11767689,-0.37255123,0.042090226,-0.41941765,-0.09219625,0.52611023,-1.0248892,-0.5961303,-0.39511135,-0.6312566,-0.53010744,0.8411508,-0.2165197,0.647745,-0.027195621,-0.20606808,0.019090425,-0.44964844,-0.25726417,0.631127,-0.3086736,-0.46806604,-0.6231116,0.18182023,0.6252129,0.68457174,-0.31530288,-1.3514931,0.06931305,0.9598061,0.4024907,-0.5349444,-0.9141686,-0.3514074,-1.4114103,-0.7611728,0.30490646,0.2237164,0.31435078,1.0849745,-0.39274064,-1.2093325,-1.049839,1.3180808,0.34320164,0.4404153,0.24946356,-0.84126145,0.1941838,0.6621183,-2.047936,-1.92979,0.040867917,0.21644914,0.70512205,0.72463465,0.3357071,-1.7048438,-0.17406766,-1.4037939,-0.6777535,-0.50299865
64,0.18507566,0.10411109,0.045420095,-0.3413551,0.14155857,0.21185008,-0.27503693,-0.045568526,-0.14620823,0.24888536,0.42423767,-0.17468095,-0.3221603,-0.14973491,0.18828622,0.053536028,-0.08685398,0.06176228,-0.11766267,-0.21143341,0.07226522,-0.058891714,0.3656428,0.09296547,-0.31627578,0.1822972,-0.018818438,0.09792914,0.123913266,-0.26398432,0.008354511,-0.25361973,-0.035196006,-0.13469964,0.07695856,0.31929314,-0.20202303,-0.16303194,-0.301031,0.1408083,-0.20151782,-0.11103928,-0.35729158,0.20423761,0.0602919,-0.3251357,0.16792218,-0.18706328,0.16907243,0.28658968,-0.030045211,-0.46989405,-0.22513348,-0.36676204,0.17740571,0.16503684,0.32493067,0.13431108,-0.25908965,-0.104445875,-0.03627312,0.16553423,-0.1549015,0.18599485,0.0036360575,0.2522979,0.21670136,0.06434605,0.25818515,-0.20657998,0.31322524,0.11410536,0.26897368,0.30436614,0.19037338,0.13754757,-0.03832102,0.32655782,0.33112428,-0.20321363,0.2669448,0.25614783,-0.17950886,-0.07227105,0.378541,-0.11736363,-0.10546565,-0.054280102,0.33923137,0.054528434,0.03955806,-0.046644747,0.13400479,-0.19498122,0.2531663,-0.08507508,-0.37646937,-0.105107844,-0.11344808,-0.19792557,-0.29545343,-0.10337007,0.29512382,0.11203136,0.18728125,0.0046362816,0.18039751,0.223183,-0.02925688,0.07115052,-0.2624274,0.36102557,-0.26337367,0.40885484,-0.2585978,-0.042769194,-0.018308759,0.0539307,0.20346515,-0.09530145,-0.043220997,0.11212312,-0.06436658,-0.073218346,-0.16506296,-0.047214746,-0.06408119,-0.35906565,-0.024670677,-0.3257777,-0.6390635,-0.31621692,0.5392898,0.51008743,-1.0265093,0.6889975,-0.37811172,-0.03654723,0.5315467,-0.020045802,-0.44601226,-0.35270816,0.49961677,-0.56943095,0.17124873,0.9922732,0.28419125,0.07903041,0.30034393,-0.96971613,-0.2982952,-0.5788288,0.5990771,0.5663729,0.5562634,0.20870227,0.024854816,-0.5342872,-0.25781965,-0.8910287,0.33446652,0.15000539,0.36636707,0.18557975,-0.043718316,0.72103566,0.33249933,0.31659204,-0.36802498,0.20975776,-0.2255931,-0.66351044,-0.50726414,-0.26403305,-0.19162115,-0.060378674,-0.62847406,-0.56805164,0.26177964,-0.20759626,-0.60094136,0.39590377,0.46266368,-0.72137505,0.23486818,0.5354151,-0.35031325,-0.092208266,-0.04499054,-0.920615,-0.24385245,-0.10479332,-1.0367295,0.18597035,0.07012429,-0.15694451,0.02139779,-0.3107859,-0.08387317,0.27198285,-0.5313604,-0.31983528,-0.2258614,-0.5259045,-0.29858658,0.5883507,-0.115898184,0.3610306,-0.05596154,-0.25867605,0.00032058358,-0.4215561,-0.01044976,0.3542557,-0.029048353,-0.2811216,-0.49714252,0.07314543,0.35747316,0.56065786,-0.17688137,-0.82282335,0.15247844,0.68097097,0.2740104,-0.49527666,-0.60194737,-0.24986205,-0.78765625,-0.37946895,0.03996114,0.103609264,0.10738085,0.8727435,-0.14886796,-0.7330777,-0.71785504,0.8544301,0.3004353,0.36530238,0.11587344,-0.5881452,0.09621376,0.30197534,-1.3760532,-1.3458287,-0.014124218,0.25662547,0.39422852,0.2840989,0.34541672,-1.1810621,-0.2814982,-1.0326724,-0.45166996,-0.39199322
65,0.44767892,0.1647679,0.10222784,-0.5913137,0.2412813,0.5370484,-0.4589823,-0.13114661,-0.21789652,0.5226151,0.8185729,-0.31037647,-0.5769038,-0.26164025,0.42657667,0.02303148,-0.24186736,0.20182002,-0.18484896,-0.43050003,0.08784768,0.006350245,0.73747045,0.08617757,-0.49379528,0.39262676,-0.14031082,0.01968973,0.16499504,-0.44069886,0.11827351,-0.48960942,0.02925871,-0.22995484,0.15351915,0.57391065,-0.3840363,-0.23807544,-0.537419,0.2524698,-0.39967614,-0.19298643,-0.61067617,0.43559653,0.1581464,-0.5303806,0.35846803,-0.39853632,0.38774547,0.5695305,-0.070236325,-0.75229406,-0.2979626,-0.60873944,0.37179744,0.3597127,0.6429053,0.2530738,-0.48891878,-0.15232497,-0.054057956,0.3536296,-0.2793594,0.40746424,-0.029696465,0.73491174,0.3842535,0.14154327,0.58203006,-0.30375665,0.6136005,0.27312225,0.6052937,0.58325046,0.5506765,0.2559607,-0.0999859,0.72885007,0.74526125,-0.3738839,0.5008873,0.5532611,-0.40325582,-0.09825587,0.7399525,-0.16705096,-0.20067418,-0.10271424,0.6787045,0.16765119,0.10147064,-0.090284765,0.30599502,-0.3564561,0.6236377,-0.04184282,-0.6029128,-0.29228592,-0.2835415,-0.31828797,-0.51049626,-0.21609765,0.6941732,0.23020265,0.36548355,0.019201178,0.4159841,0.5611866,-0.07671666,0.16706912,-0.54880786,0.7179305,-0.45337486,0.77579236,-0.44928497,-0.14883369,-0.018601954,0.14162244,0.19389789,-0.07135719,0.013150761,0.2778634,-0.1587193,-0.13006741,-0.304461,-0.110880315,0.045947336,-0.6117212,-0.026596349,-0.12811534,-1.2516382,-0.3387488,0.631073,0.8893182,-1.307526,1.0837044,-0.5922493,-0.018746303,0.7065152,-0.17045169,-0.55548,-0.4583009,0.63304305,-0.6049474,0.2568682,1.3504384,0.7555607,-0.55240905,0.3118536,-1.5699309,-0.5504476,-0.7133518,1.1119015,0.7830952,0.9141972,0.007063456,0.12418224,-0.33714157,-0.1755433,-1.3573261,0.63855946,0.34137216,0.71468043,-0.0049268976,-0.54690087,1.173067,0.32904914,0.32185686,-0.64629346,0.44273305,-0.5206975,-0.6655419,-0.9974256,-0.5852474,-0.1037688,0.10651459,-1.1737384,-1.3084282,0.55901265,-0.49659836,-0.27076942,0.2769398,0.8487026,-1.2987752,0.5532665,0.8732204,-0.7744288,-0.13058065,0.08041099,-0.95659685,-0.7410008,0.07326487,-1.8039069,-0.04656686,0.053793915,-0.22924538,-0.046706364,-0.6857691,-0.53081673,0.31863713,-0.8962947,-0.4424199,-0.20885779,-0.9768029,-0.3850755,0.5888536,0.10112563,0.64508414,-0.10818393,-0.27862757,0.22154939,-0.3680313,-0.11523327,0.71391016,-0.1664818,-0.42029828,-0.5870782,-0.097463176,0.3664997,0.39011842,-0.29201677,-1.2284966,-0.0717566,0.51806533,0.683658,-0.64444005,-0.64813626,-0.42777157,-0.9700685,-0.9615172,0.26148403,-0.082883805,0.10515565,1.2874541,-0.23423092,-1.2420453,-0.64108133,1.5482357,0.23157653,0.5848036,0.28673887,-0.6704537,0.06892626,0.4711048,-1.8891723,-1.937326,0.23819315,0.39480639,0.57564086,0.3544459,0.4377284,-1.6620834,-0.16386423,-1.4861358,-0.5727097,-0.25673777
66,0.6226924,0.4900574,0.4149361,-0.71644175,0.47800428,0.65839046,-0.5820754,0.14025347,-0.57007754,0.5593854,1.3497508,-0.607921,-0.6466686,-0.44486856,0.08378736,0.20959197,-0.40088683,-0.020907462,-0.5804323,-0.3284821,0.47882307,-0.22809601,1.247171,0.6271968,-0.76350737,0.7395998,0.2630471,0.6931734,0.62181646,-0.6111762,-0.18696743,-0.15262163,-0.3361296,-0.48129654,0.13541807,1.0286204,-0.32661235,-0.5650043,-0.5827535,0.3297685,-0.47363317,-0.616657,-0.7227533,0.65519816,0.22128733,-0.6476189,0.6293906,-0.55628777,0.37109238,0.9515055,-0.16071326,-0.8416912,-0.7573275,-0.73488975,0.10384225,-0.13503462,0.75798434,0.53080606,-0.55454564,-0.20535856,-0.15586722,0.60912335,-0.32851368,0.3428335,-0.04337728,-0.041162252,0.9900889,0.32638028,0.8928858,-0.34294182,0.89728314,0.494542,0.9920241,0.91354513,-0.27079028,0.7378295,-0.11801088,0.783108,0.4365086,-0.5106054,0.6927412,0.67005193,-0.40127861,-0.41526622,1.2610449,-0.35654444,-0.23179364,-0.33250904,0.6928187,0.22670853,-0.24263531,-0.1825391,0.4611602,-0.54139364,0.7324025,-0.4423837,-0.8463483,0.31683674,-0.26139706,-0.4759379,-0.65768945,-0.46125168,0.7770323,0.6130498,0.62705827,-0.15832311,0.5535907,0.43454304,-0.09573752,0.1964566,-0.5699258,1.1744831,-0.6218319,1.4608169,-0.39684737,0.02401601,0.3002596,-0.054694533,1.0081843,-0.4647364,-0.33033895,0.2913766,-0.3032865,-0.17609048,-0.58107305,-0.16421843,-0.47586155,-0.76656276,-0.095869064,-0.48258466,-0.97311634,-0.37883234,0.74677503,0.89241624,-1.5612282,0.8902849,-0.47909942,-0.2380076,0.6993594,-0.24371123,-0.67746526,-0.69014823,0.67387897,-0.6122848,0.35812768,1.6669707,0.5269507,-0.07342889,0.30144373,-1.4376439,-0.63108355,-0.7685451,0.8994287,0.8679888,0.90756947,0.2541938,0.10577312,-0.5780568,-0.50095105,-1.3345075,0.50036293,0.3203988,0.513622,0.12909018,-0.22657439,1.3235809,0.4968133,0.22349502,-0.6402899,0.3330698,-0.36497423,-0.8400398,-0.8361633,-0.6364896,-0.10207801,-0.05667109,-1.0446831,-0.9913163,0.54239976,-0.3155723,-0.711117,0.5267135,0.79401666,-1.232607,0.634635,0.5516535,-0.40694353,-0.2617502,-0.06791887,-1.4304336,-0.5340777,-0.24902177,-1.6701453,0.42748293,-0.11767689,-0.37255123,0.042090226,-0.41941765,-0.09219625,0.52611023,-1.0248892,-0.5961303,-0.39511135,-0.6312566,-0.53010744,0.8411508,-0.2165197,0.647745,-0.027195621,-0.20606808,0.019090425,-0.44964844,-0.25726417,0.631127,-0.3086736,-0.46806604,-0.6231116,0.18182023,0.6252129,0.68457174,-0.31530288,-1.3514931,0.06931305,0.9598061,0.4024907,-0.5349444,-0.9141686,-0.3514074,-1.4114103,-0.7611728,0.30490646,0.2237164,0.31435078,1.0849745,-0.39274064,-1.2093325,-1.049839,1.3180808,0.34320164,0.4404153,0.24946356,-0.84126145,0.1941838,0.6621183,-2.047936,-1.92979,0.040867917,0.21644914,0.70512205,0.72463465,0.3357071,-1.7048438,-0.17406766,-1.4037939,-0.6777535,-0.50299865
67,0.6226924,0.4900574,0.4149361,-0.71644175,0.47800428,0.65839046,-0.5820754,0.14025347,-0.57007754,0.5593854,1.3497508,-0.607921,-0.6466686,-0.44486856,0.08378736,0.20959197,-0.40088683,-0.020907462,-0.5804323,-0.3284821,0.47882307,-0.22809601,1.247171,0.6271968,-0.76350737,0.7395998,0.2630471,0.6931734,0.62181646,-0.6111762,-0.18696743,-0.15262163,-0.3361296,-0.48129654,0.13541807,1.0286204,-0.32661235,-0.5650043,-0.5827535,0.3297685,-0.47363317,-0.616657,-0.7227533,0.65519816,0.22128733,-0.6476189,0.6293906,-0.55628777,0.37109238,0.9515055,-0.16071326,-0.8416912,-0.7573275,-0.73488975,0.10384225,-0.13503462,0.75798434,0.53080606,-0.55454564,-0.20535856,-0.15586722,0.60912335,-0.32851368,0.3428335,-0.04337728,-0.041162252,0.9900889,0.32638028,0.8928858,-0.34294182,0.89728314,0.494542,0.9920241,0.91354513,-0.27079028,0.7378295,-0.11801088,0.783108,0.4365086,-0.5106054,0.6927412,0.67005193,-0.40127861,-0.41526622,1.2610449,-0.35654444,-0.23179364,-0.33250904,0.6928187,0.22670853,-0.24263531,-0.1825391,0.4611602,-0.54139364,0.7324025,-0.4423837,-0.8463483,0.31683674,-0.26139706,-0.4759379,-0.65768945,-0.46125168,0.7770323,0.6130498,0.62705827,-0.15832311,0.5535907,0.43454304,-0.09573752,0.1964566,-0.5699258,1.1744831,-0.6218319,1.4608169,-0.39684737,0.02401601,0.3002596,-0.054694533,1.0081843,-0.4647364,-0.33033895,0.2913766,-0.3032865,-0.17609048,-0.58107305,-0.16421843,-0.47586155,-0.76656276,-0.095869064,-0.48258466,-0.97311634,-0.37883234,0.74677503,0.89241624,-1.5612282,0.8902849,-0.47909942,-0.2380076,0.6993594,-0.24371123,-0.67746526,-0.69014823,0.67387897,-0.6122848,0.35812768,1.6669707,0.5269507,-0.07342889,0.30144373,-1.4376439,-0.63108355,-0.7685451,0.8994287,0.8679888,0.90756947,0.2541938,0.10577312,-0.5780568,-0.50095105,-1.3345075,0.50036293,0.3203988,0.513622,0.12909018,-0.22657439,1.3235809,0.4968133,0.22349502,-0.6402899,0.3330698,-0.36497423,-0.8400398,-0.8361633,-0.6364896,-0.10207801,-0.05667109,-1.0446831,-0.9913163,0.54239976,-0.3155723,-0.711117,0.5267135,0.79401666,-1.232607,0.634635,0.5516535,-0.40694353,-0.2617502,-0.06791887,-1.4304336,-0.5340777,-0.24902177,-1.6701453,0.42748293,-0.11767689,-0.37255123,0.042090226,-0.41941765,-0.09219625,0.52611023,-1.0248892,-0.5961303,-0.39511135,-0.6312566,-0.53010744,0.8411508,-0.2165197,0.647745,-0.027195621,-0.20606808,0.019090425,-0.44964844,-0.25726417,0.631127,-0.3086736,-0.46806604,-0.6231116,0.18182023,0.6252129,0.68457174,-0.31530288,-1.3514931,0.06931305,0.9598061,0.4024907,-0.5349444,-0.9141686,-0.3514074,-1.4114103,-0.7611728,0.30490646,0.2237164,0.31435078,1.0849745,-0.39274064,-1.2093325,-1.049839,1.3180808,0.34320164,0.4404153,0.24946356,-0.84126145,0.1941838,0.6621183,-2.047936,-1.92979,0.040867917,0.21644914,0.70512205,0.72463465,0.3357071,-1.7048438,-0.17406766,-1.4037939,-0.6777535,-0.50299865
68,0.16765478,0.090261735,-0.0025384426,-0.27449167,0.12943986,0.09936386,-0.24072027,-0.07240367,-0.15517187,0.21120591,0.37523124,-0.14185572,-0.32082325,-0.17312801,0.23112845,0.030743135,0.009075388,0.035435826,-0.09163898,-0.20848268,0.057371534,-0.09835112,0.3353946,0.059728306,-0.26039732,0.19360164,0.0041647786,0.10915932,0.08335941,-0.26014102,-0.022490501,-0.29708064,-0.038233936,-0.12861335,0.04338825,0.26429144,-0.18083227,-0.12091249,-0.26723564,0.12753767,-0.20611995,-0.083140075,-0.3167714,0.12672862,0.08476862,-0.3297677,0.13929151,-0.12493509,0.08427081,0.26780286,0.02204916,-0.4143514,-0.21183115,-0.33458143,0.16025692,0.17322555,0.2864467,0.123311654,-0.19796681,-0.091643274,0.00096959434,0.12823924,-0.14870292,0.21878399,0.0108027775,0.16653398,0.22032805,0.044228956,0.20603612,-0.22346658,0.27230775,0.052164633,0.22849339,0.30169243,0.18227862,0.108864054,-0.041653395,0.32423735,0.31994247,-0.14247096,0.2849955,0.24872877,-0.1643889,-0.048640072,0.337848,-0.080054164,-0.095052004,0.007937016,0.32704905,0.0707638,0.038333103,-0.07095575,0.119830295,-0.16480601,0.21076517,-0.052108884,-0.36734098,-0.07621986,-0.067776084,-0.23079771,-0.26696974,-0.1101343,0.22481877,0.117853716,0.15281114,0.033283606,0.15791462,0.23142904,-0.022243917,0.056956314,-0.16319627,0.29505515,-0.2519105,0.32252863,-0.25352168,0.03514235,-0.097485244,-0.01465112,0.23200805,-0.09376085,-0.028415024,0.09788178,-0.03340262,-0.04181391,-0.15822446,-0.073530376,-0.04698968,-0.27417845,-0.027179621,-0.6173092,-0.7662241,-0.11991058,0.28833312,0.44968012,-0.8659109,0.6226068,-0.34914786,0.12230608,0.087933525,-0.07650455,-0.4110631,-0.28123492,0.2425424,-0.73390603,0.22130477,0.97300726,0.32773027,-0.071922444,0.21797666,-0.64192295,-0.3294743,-0.5175953,0.8170009,0.45305628,0.3455931,0.09278672,0.023535728,-0.38977593,-0.11486003,-0.7662337,0.43477526,0.31379393,0.36103407,0.27932638,-0.21259852,0.66778356,0.22125702,0.54562825,-0.14691654,0.58124125,-0.23798712,-0.6709597,-0.50180924,-0.30014953,0.15671322,0.13254742,-0.22758636,-0.54545975,0.31497136,-0.24147132,-0.09011767,0.2199648,0.40874448,-0.50681883,0.1097958,0.41052577,-0.19271815,-0.025198478,0.042212844,-0.7907131,-0.48805624,-0.019635752,-0.9220268,-0.09087202,0.070358574,-0.1805597,0.14994715,-0.24347377,0.033817038,0.11580673,-0.48255205,-0.3094846,-0.17409717,-0.40898353,-0.26018888,0.29420727,0.061188653,0.40939343,-0.05847948,-0.10853557,0.029934797,-0.25967753,0.20920587,0.2526284,0.10544403,-0.22083451,-0.41758332,-0.17970622,0.249405,0.4657445,-0.035821337,-0.69992465,-0.14198937,0.4318874,0.22280927,-0.32502553,-0.43716556,-0.32474583,-0.6171941,-0.5051862,0.060561597,-0.009484699,0.064233944,0.6521261,-0.06756228,-0.752574,-0.61342686,0.55960697,0.13767026,0.28172076,0.0048063174,-0.5337467,-0.009543356,0.008595921,-1.1369942,-1.0893029,-0.13337852,0.20946133,0.3413994,0.30308807,0.42925838,-0.8504494,-0.17642415,-0.8869101,-0.30903098,-0.43063125
69,0.64304084,0.5191622,0.4492271,-0.72648853,0.49734032,0.6683529,-0.5878985,0.16636994,-0.5935399,0.55362123,1.3897076,-0.62659025,-0.6535263,-0.4588765,0.049943723,0.21395047,-0.4215777,-0.03505218,-0.6063239,-0.3197775,0.5154405,-0.23917949,1.2971358,0.66735864,-0.7761056,0.78090495,0.30091244,0.7415371,0.6527934,-0.6214707,-0.20943522,-0.10645825,-0.3612978,-0.5008178,0.12795669,1.0562096,-0.31206965,-0.5852747,-0.5835866,0.32494664,-0.48333675,-0.64558053,-0.7304839,0.6746416,0.23764198,-0.6531295,0.66060376,-0.5746417,0.35960314,0.9825772,-0.16698837,-0.8485393,-0.77851367,-0.74246097,0.06859782,-0.19134676,0.7544311,0.55262417,-0.5629116,-0.19861078,-0.15777874,0.63654464,-0.32804072,0.3371544,-0.05006814,-0.106048584,1.0427163,0.3493286,0.92777,-0.3283227,0.91834074,0.520131,1.0349367,0.9364753,-0.32951504,0.79244626,-0.12087518,0.7912281,0.40191302,-0.5213837,0.69935244,0.6840876,-0.411236,-0.4380759,1.3024663,-0.36785161,-0.23268074,-0.35349613,0.6787581,0.24439457,-0.27684528,-0.19005865,0.476452,-0.55561054,0.75650597,-0.46096224,-0.8597659,0.3819674,-0.26275784,-0.4832664,-0.6671741,-0.48651588,0.79383504,0.6607736,0.6482803,-0.17366773,0.5748715,0.43126523,-0.1002205,0.20052655,-0.57563174,1.2103436,-0.631838,1.5152416,-0.38478804,0.038264386,0.34255627,-0.07679516,1.061363,-0.4895242,-0.34834003,0.30223942,-0.31782138,-0.17307508,-0.60392725,-0.1825242,-0.5002178,-0.7776984,-0.22511192,-0.63513005,-0.6513349,-0.22726098,1.395489,1.6469482,-1.6469474,0.7802722,0.25664392,-0.8300992,1.2469923,-0.20942332,-0.73751056,-2.0907016,1.0255334,-0.9742518,0.9435077,3.0890844,1.1006552,0.80321866,-0.46062872,-1.0722249,-1.9148204,-1.1702158,0.40541422,1.8321946,1.984229,0.51416284,-0.68330926,-0.973077,-1.2897158,-1.4852275,0.7005518,0.6199689,0.13703196,1.1134119,0.9610809,1.8681482,1.8696178,-0.3378154,-1.1533234,-0.027300186,-1.1811556,-1.2497058,-0.62546116,-0.5854029,-0.54669756,-0.7258973,-1.9226071,-0.8566629,-0.72115695,0.3707989,-2.2011955,1.1863408,0.6216654,-1.4437588,0.8752756,0.4780245,-0.5560252,-0.26479006,-1.5402912,-1.7390858,0.06982134,-0.6540721,-1.8066932,1.5886472,-0.34986368,-0.037742235,1.3184103,-0.68005157,0.5097057,1.6994987,-0.8763443,-0.76905686,-0.48216254,-0.35893363,-1.295313,1.2151151,-0.762807,1.2164252,1.137965,0.17882688,-0.27624,-1.4330015,-0.31180483,0.24696033,-0.027457662,-0.2868794,0.057324972,0.5758775,1.200769,1.5124924,-1.0139678,-1.6819966,0.90126586,1.9692789,0.0879616,-0.4591026,-1.4787316,-1.4666119,-2.1486802,0.41408095,0.975823,1.1214411,0.9850399,0.8094352,-1.2871708,-1.6343118,-1.2810278,1.9576933,0.447396,0.30528066,0.9176948,-0.7979772,1.4109601,1.1839361,-2.6323225,-2.2820826,-0.19174182,-0.88238186,1.1831459,1.6959555,-0.37628946,-1.9458324,0.5468261,-1.651697,-0.50851387,-0.27236894
70,0.62399316,0.48192137,0.4074658,-0.71293044,0.47267842,0.64092964,-0.5811423,0.12461433,-0.56752497,0.5555938,1.3416575,-0.6035252,-0.64922833,-0.4465497,0.100943394,0.20186456,-0.39159572,-0.01630038,-0.575439,-0.33475322,0.4675319,-0.2285214,1.2446667,0.6130675,-0.75807476,0.7404436,0.25890818,0.68102795,0.6084891,-0.61106825,-0.18755639,-0.17259628,-0.3326611,-0.47928554,0.13240977,1.0160595,-0.32877958,-0.5598043,-0.58224666,0.32523778,-0.47656685,-0.61127996,-0.7214136,0.64059293,0.2261,-0.64979196,0.6216717,-0.5516094,0.36451268,0.9548577,-0.15671033,-0.8402591,-0.7522678,-0.7325567,0.10740861,-0.12792599,0.75620204,0.5306115,-0.5526755,-0.2048353,-0.14822632,0.6029906,-0.32828587,0.35112375,-0.0465222,-0.029538155,0.9857393,0.31978792,0.88504696,-0.34823495,0.8939068,0.48501447,0.9836691,0.9145605,-0.2582274,0.7269705,-0.11896789,0.79249674,0.44773415,-0.5039237,0.69123465,0.67258793,-0.40539885,-0.4101106,1.2538226,-0.35388172,-0.23086089,-0.32525605,0.69747174,0.23519167,-0.236938,-0.18535185,0.46141872,-0.53767633,0.7311778,-0.43261856,-0.8449366,0.31067178,-0.25748307,-0.47822857,-0.6570999,-0.46065986,0.7734936,0.60827905,0.62283605,-0.15331,0.5525629,0.44348055,-0.09249568,0.19691546,-0.5668066,1.1694798,-0.62027466,1.4428742,-0.40131074,0.026329588,0.28192192,-0.0599854,0.9952703,-0.4615484,-0.32242692,0.2954211,-0.29995716,-0.17059523,-0.57754266,-0.16982353,-0.46709883,-0.76200354,-0.16741616,-0.44611976,-0.544315,-0.21742034,1.0335423,1.045211,-1.1856695,0.6554735,0.12553169,-0.4317526,0.9312953,-0.058733948,-0.57074845,-1.3783267,0.73562557,-0.8325718,0.59870434,2.0954382,0.7608906,0.60839516,-0.19344185,-0.76800245,-1.1690214,-0.89503837,0.31280085,1.2728568,1.3329234,0.36390525,-0.4603133,-0.83044934,-0.81319785,-1.0264851,0.46129405,0.42745003,0.1501584,0.87498885,0.717093,1.1867394,1.246219,-0.07772197,-0.7822551,-0.0225102,-0.79347,-0.9830988,-0.3907155,-0.2589032,-0.48285764,-0.5155096,-1.2415705,-0.4939428,-0.52020615,0.2123505,-1.6055845,0.87713844,0.44426113,-0.9451182,0.4763797,0.5103148,-0.4470398,-0.084486775,-1.0291914,-1.1605617,0.103269435,-0.4050181,-1.2168602,1.0031976,-0.075333014,0.060947485,0.9270275,-0.43309453,0.27197284,1.0921186,-0.50152606,-0.48593298,-0.31252426,-0.3659549,-0.8494202,0.8454473,-0.54233235,0.7834267,0.7751985,-0.0044131903,-0.21732913,-1.0952107,-0.058839355,0.17306547,0.14361702,-0.15230998,-0.042572983,0.35317022,0.7671762,1.1487643,-0.6636417,-1.170808,0.69490546,1.4087094,0.10227286,-0.45338342,-1.0729076,-0.98676395,-1.3921735,0.34865877,0.53254634,0.7476499,0.6054266,0.71435016,-0.8356813,-1.1350658,-0.9105945,1.3037711,0.3619094,0.27867988,0.58960634,-0.59527475,0.89180714,0.7062737,-1.8422362,-1.6653656,-0.2261987,-0.5148727,0.7450951,1.0114343,-0.13230813,-1.4408159,0.18784647,-1.2978411,-0.3240121,-0.22142367
71,0.6235016,0.46902943,0.39543682,-0.707209,0.4636895,0.6175678,-0.57865965,0.10336988,-0.56204575,0.54991776,1.325841,-0.5959257,-0.6512908,-0.44695258,0.12385227,0.19081958,-0.3784781,-0.009314954,-0.5666575,-0.34259433,0.45035884,-0.22739786,1.2361084,0.5912059,-0.7493787,0.73773706,0.250694,0.6605212,0.5878342,-0.6093306,-0.18611622,-0.19857597,-0.32598144,-0.4748034,0.12868658,0.9959453,-0.33154434,-0.5510671,-0.5807394,0.3186921,-0.4790886,-0.60196984,-0.71853566,0.620053,0.23123194,-0.651177,0.6094178,-0.5442493,0.35595998,0.95485646,-0.15089083,-0.8374714,-0.7435541,-0.7283764,0.11325257,-0.11575335,0.751873,0.5277076,-0.5492364,-0.20369244,-0.13800257,0.5925314,-0.32732862,0.36118189,-0.049948454,-0.010331929,0.97484076,0.3101095,0.8716518,-0.35402066,0.886213,0.47096002,0.96913224,0.91215855,-0.23779523,0.7092365,-0.119920254,0.8022245,0.46274522,-0.49409825,0.6872435,0.6736117,-0.409751,-0.40143275,1.2392796,-0.3489008,-0.22906494,-0.31439,0.70188075,0.24467927,-0.2276715,-0.18789351,0.45993194,-0.5314038,0.72744143,-0.41784328,-0.8416933,0.29824498,-0.2522983,-0.479609,-0.6549332,-0.45792848,0.7671088,0.59883314,0.6150334,-0.14571851,0.5493028,0.45433867,-0.08828175,0.19720815,-0.56205213,1.1583266,-0.61682665,1.4137254,-0.40643102,0.028256401,0.25683263,-0.06523794,0.97270703,-0.45490104,-0.31034654,0.29954755,-0.29444104,-0.16331208,-0.5711756,-0.17568839,-0.45311427,-0.7548357,-0.03830617,-0.46755785,-0.8600982,-0.14168555,0.55296576,0.8867925,-0.99226046,0.81119,-0.09668948,-0.094016485,0.4563029,-0.1056452,-0.78887844,-0.70875907,0.30189505,-0.55294466,0.31149018,1.2634168,0.6869726,0.029978711,-0.13577087,-0.58476686,-0.588871,-0.62811404,0.6879543,0.896218,0.9200018,0.09677664,-0.26129147,-0.56835824,-0.12512602,-0.78527546,0.35312775,0.39003482,0.17504786,0.382803,-0.1289958,0.9450735,0.7625026,0.38117176,-0.49400046,0.43056962,-0.63038456,-0.99691814,-0.46390942,-0.20816527,-0.040103573,-0.14881134,-0.6747485,-0.47972262,0.09722349,0.16753384,-0.52389866,0.54502267,0.4070663,-0.62165344,0.17264156,0.6948768,-0.39530578,-0.19386056,-0.06138341,-0.7795869,-0.3221809,-0.24113923,-1.2596883,0.43878764,0.22610201,-0.04592,0.3741229,-0.42368498,-0.07482392,0.3464233,-0.26859125,-0.3351168,-0.14601955,-0.66282433,-0.39374694,0.36582318,-0.3657008,0.7067739,0.09097902,-0.17027035,0.085069485,-0.6195193,0.057114564,0.14696924,-0.13759689,0.1218614,-0.079523034,-0.1373749,0.30510473,0.6458177,-0.076853015,-0.89953077,0.22802752,0.667609,0.26420853,-0.5162413,-0.7263106,-0.76957494,-0.98956233,-0.13356821,0.27071854,0.34530273,0.19086143,0.5364129,-0.4879563,-0.9918261,-0.5819091,1.0580934,0.17548355,0.427135,0.29823443,-0.58831465,0.38341424,0.3726743,-1.4187478,-1.3655525,-0.23865665,0.04440337,0.8276219,0.7438744,0.33801296,-1.0838071,-0.26002127,-1.0145589,-0.12489666,-0.36978897
72,0.74549305,0.49470958,0.42750725,-0.7541748,0.48146805,0.7352054,-0.6169065,0.0774045,-0.57933855,0.6638985,1.4549123,-0.62755007,-0.70167106,-0.4713412,0.15501034,0.17392892,-0.4371491,0.032505106,-0.5820093,-0.4005875,0.462079,-0.19420189,1.3706555,0.6142988,-0.7726739,0.80261075,0.2162397,0.6321449,0.59446645,-0.6363771,-0.13206637,-0.2406807,-0.31752533,-0.49690694,0.15466547,1.0882912,-0.40418756,-0.5714607,-0.6393739,0.35873097,-0.5227815,-0.6231346,-0.7646794,0.70388234,0.2635817,-0.6891947,0.6881225,-0.5982717,0.43868542,1.0679787,-0.17184752,-0.87514794,-0.7569851,-0.7731962,0.14895715,-0.054964542,0.85996187,0.56745934,-0.59589136,-0.2310301,-0.15651488,0.65878063,-0.36200255,0.42969757,-0.04495728,0.111093834,1.0479941,0.37330782,0.9753004,-0.37290603,0.9666227,0.5300877,1.1048915,1.0133014,-0.15072834,0.7637062,-0.15886271,0.94545037,0.58291966,-0.53008,0.7823088,0.7461424,-0.46046817,-0.41252333,1.3559164,-0.34691143,-0.23909748,-0.3362428,0.7989617,0.2772177,-0.22290486,-0.19002604,0.53069013,-0.57137984,0.84567523,-0.42187715,-0.8648407,0.23297766,-0.29838264,-0.5085343,-0.6950824,-0.48218733,0.9027405,0.64754397,0.7057222,-0.14417791,0.62922394,0.55423045,-0.113765,0.25885177,-0.6324488,1.2988782,-0.65813124,1.5388262,-0.44272584,0.022722252,0.28828543,-0.045526564,1.0110321,-0.43521738,-0.3035074,0.33308676,-0.32061195,-0.19293112,-0.6103778,-0.15311223,-0.4366454,-0.79426837,-0.07387984,-0.618391,-0.9401636,-0.2355336,0.92561865,1.21526,-1.4514948,0.56234694,-0.0952792,-0.7005959,0.7490754,-0.6291462,-1.2225249,-1.020441,0.5847657,-0.54730785,0.26046672,1.8822111,0.4135213,0.584741,-0.21547993,-0.74418557,-0.98190284,-0.30133632,0.92209816,1.0756781,1.2936432,0.20547011,-0.32889453,-0.6083188,-0.10349381,-0.95273674,0.36855558,0.36710113,0.4357233,0.47845876,-0.21121003,1.5980924,1.1199921,-0.098750144,-1.1440266,-0.0020180643,-0.57770187,-1.4911357,-0.5429708,-0.45361114,0.18341647,-0.22854394,-1.0866328,-0.44561923,0.471712,0.20715019,-1.2263871,0.47304928,0.8978494,-1.2241542,0.657891,0.72312105,-0.4657206,-0.6341566,0.13174689,-1.5136948,-0.5644484,-1.0103691,-1.6819843,1.2469711,0.0070513487,-0.41675073,0.51892245,-0.71405476,-0.110372126,0.32031828,-0.7901754,-0.68154293,-0.6719653,-0.7807463,-0.7042267,0.7678712,-0.902933,0.8672828,0.052799433,-0.06425275,0.06657685,-0.66739637,-0.4688823,-0.018694729,-0.59487414,-0.009884238,-0.44411176,0.293458,0.78052604,0.9607528,-0.0378241,-1.7622689,0.5182712,1.3496499,0.09020753,-0.74928993,-0.9235115,-0.7794229,-1.8571827,-0.09355222,0.16909114,0.6898342,0.27358702,0.8594544,-0.80686694,-1.163081,-0.844085,1.4935293,0.535255,0.5414984,0.50054485,-0.67275405,0.40125436,0.8991369,-1.9997455,-1.5256981,-0.13546607,-0.10030965,1.2811341,1.173137,-0.31559008,-1.3348027,-0.3656903,-1.2855374,-0.583085,-0.61772484
73,0.7396045,0.49440786,0.42630824,-0.75303334,0.48221642,0.7337815,-0.6158501,0.07971353,-0.5784987,0.65973103,1.4518023,-0.626547,-0.70003814,-0.47024554,0.15508592,0.17525595,-0.4353627,0.03145961,-0.5815455,-0.39881068,0.46217608,-0.1956327,1.3659348,0.6131341,-0.7725769,0.8005268,0.21632926,0.633785,0.5955076,-0.6357955,-0.13449281,-0.24082446,-0.3173645,-0.49614245,0.15425675,1.086278,-0.40095425,-0.57077324,-0.63753533,0.35787782,-0.52146876,-0.622433,-0.76342565,0.70294684,0.2623087,-0.6878129,0.685636,-0.59673285,0.43657705,1.0626,-0.17110991,-0.8742534,-0.75666994,-0.771931,0.1495891,-0.057097673,0.8569025,0.5659375,-0.5950986,-0.22924548,-0.15603209,0.6569931,-0.36121535,0.42720133,-0.04541403,0.10947762,1.0446919,0.369962,0.97336656,-0.37200403,0.9654677,0.5291624,1.1006418,1.009259,-0.15341496,0.7621981,-0.15640873,0.9394805,0.57937235,-0.5299239,0.77878535,0.74501246,-0.45917493,-0.4119867,1.3529419,-0.34783012,-0.24019033,-0.335593,0.7964468,0.2754117,-0.22280943,-0.19003987,0.5275284,-0.57022583,0.84264404,-0.4218719,-0.86415875,0.23378201,-0.298212,-0.50716054,-0.6939306,-0.48129678,0.8989847,0.6458242,0.70164555,-0.14460814,0.6269561,0.5510872,-0.11286944,0.25530836,-0.63077325,1.2934976,-0.6567638,1.5366559,-0.44225752,0.020330112,0.2875033,-0.044619203,1.0077645,-0.43640685,-0.3039049,0.33287832,-0.3200019,-0.19185692,-0.60869515,-0.15542132,-0.43752348,-0.79350424,-0.14013484,-0.33395058,-1.1412195,-0.18238018,0.962904,1.2159075,-1.2094944,1.0040367,-0.019785397,-0.5035393,0.9154156,-0.25243714,-1.0696406,-1.0796762,0.5463897,-0.8881473,0.33219156,2.031747,0.7674524,0.2366091,-0.15831546,-0.7707348,-0.8324922,-0.73114574,0.8506059,1.2256229,1.479434,0.09795921,-0.52719724,-0.6749588,-0.16451615,-1.0711737,0.38059074,0.69604236,0.3766701,0.50944626,-0.11041574,1.5039535,1.1758046,0.20837952,-0.96311164,0.4282924,-0.8266345,-1.2086755,-0.59002006,-0.41420794,-0.1545336,-0.24043533,-1.2774898,-0.8300615,0.13485003,0.1011101,-0.95011383,0.5617423,0.6387518,-1.0226265,0.43224755,1.0488871,-0.7786372,-0.4588399,-0.30048424,-0.818472,-0.37254432,-0.4767515,-1.5856718,0.6293004,0.29634845,-0.20507951,0.69848007,-0.5637365,-0.1405986,0.7285359,-0.7838528,-0.5079623,-0.51170576,-0.87552476,-0.6400335,0.49138063,-0.55933106,0.9687143,0.32587767,-0.19640164,0.021116704,-0.9660362,-0.1481598,-0.044684358,-0.14083758,0.078639165,-0.34644812,0.05367563,0.585039,0.8979237,-0.15925117,-1.5029391,0.34666947,1.0294716,0.36072317,-0.58904624,-0.8676668,-1.0122366,-1.4188334,0.036336847,0.6640725,0.31933478,0.27305079,0.9301179,-0.566544,-1.244889,-0.5145551,1.49461,0.44275507,0.39582217,0.34288064,-0.61012346,0.57162684,0.83498704,-1.9663092,-1.8544303,-0.032615826,-0.16039449,1.0198995,0.97791106,0.17201702,-1.4649734,-0.3453566,-1.622876,-0.35996705,-0.24437839
74,0.6963749,0.50644594,0.437934,-0.7412611,0.48906472,0.70312345,-0.60325927,0.12005235,-0.5862218,0.61100274,1.4236139,-0.6270926,-0.67947537,-0.46540356,0.10457399,0.19311698,-0.42974913,-0.00020599365,-0.59385574,-0.36309218,0.48768294,-0.21609777,1.3354067,0.6397651,-0.7743203,0.79220587,0.2568772,0.6846148,0.62242424,-0.6292934,-0.17006099,-0.17896438,-0.3389008,-0.49879086,0.14185463,1.0728892,-0.36166048,-0.57815397,-0.61361414,0.3425103,-0.5042516,-0.63408256,-0.7488537,0.6898337,0.25115648,-0.67239124,0.67494154,-0.5871098,0.40074605,1.0270381,-0.16952235,-0.8630223,-0.7675625,-0.758939,0.11036646,-0.12305945,0.8093244,0.5603541,-0.58038616,-0.21566552,-0.15713185,0.6481197,-0.34592897,0.385301,-0.047407687,0.003986556,1.0454936,0.3618377,0.95248884,-0.35190105,0.9434544,0.52531695,1.0713439,0.976468,-0.24178284,0.77750087,-0.14087129,0.87149143,0.4960737,-0.5259104,0.74252504,0.71635365,-0.43738914,-0.42492956,1.3302739,-0.35703254,-0.23599786,-0.3445812,0.7412821,0.2614913,-0.24928021,-0.19003367,0.50467783,-0.56389046,0.8028996,-0.4409737,-0.8624314,0.30447364,-0.28149313,-0.4965765,-0.6820009,-0.4842692,0.8504989,0.6538959,0.6781881,-0.15844685,0.6031498,0.49523586,-0.10729492,0.23090738,-0.60620844,1.2564288,-0.6457622,1.5274904,-0.4156279,0.030208342,0.31434476,-0.060676396,1.0352076,-0.46194565,-0.3253836,0.31827432,-0.31927353,-0.18346351,-0.6073068,-0.1673274,-0.46808952,-0.7864762,-0.2921332,-0.60777235,-0.3016862,-0.13154319,1.633458,2.286007,-1.6064556,0.31073424,0.8421908,-1.4907851,1.7358922,-0.12776849,-0.42548817,-3.327165,1.5963684,-0.8237171,1.3789858,4.076952,1.5647748,1.178154,-1.2193732,-0.6960829,-3.049759,-1.2283275,-0.13705577,2.6962848,2.987954,0.90939015,-1.2028068,-0.9470651,-1.9695561,-1.7047064,0.6531113,0.6852079,-0.16915715,1.6390631,1.653579,2.328595,2.957743,-1.0269651,-1.4979239,-0.47746214,-1.962206,-1.5919974,-0.36454785,-0.7793983,-0.66100067,-1.448816,-3.0416303,-0.6686348,-1.7859672,1.0003039,-3.4562714,1.5433983,0.3383922,-1.8067815,1.5216775,0.20619288,-0.45003843,-0.35971168,-2.823629,-2.113787,0.48187426,-1.1701148,-1.8017316,2.9465249,-0.73370725,-0.13288718,2.2945693,-0.97588706,1.0013628,2.8346822,-0.80821097,-1.0905161,-0.7456946,-0.03284143,-2.1228108,1.6495993,-1.2562983,1.5861703,1.8695445,0.79759216,-0.4428325,-2.1251364,-0.5336228,0.026950207,-0.14913589,-0.2310167,0.6722152,1.0557669,1.8635821,2.165711,-1.6708841,-1.9547894,1.698403,2.7954946,-0.13365145,-0.1559338,-2.0584092,-2.325334,-2.9178553,1.0222557,1.7265967,2.007151,1.650785,0.63327414,-1.9661832,-1.9322474,-1.5904274,2.466051,0.4714324,0.12064482,1.4665644,-0.66158044,2.7214072,1.595145,-3.117781,-2.3197525,-0.19776456,-1.6574444,1.7090545,2.464808,-1.1771657,-1.9033982,1.4914297,-1.3534919,-0.60398346,-0.058002755
75,0.6963749,0.50644594,0.437934,-0.7412611,0.48906472,0.70312345,-0.60325927,0.12005235,-0.5862218,0.61100274,1.4236139,-0.6270926,-0.67947537,-0.46540356,0.10457399,0.19311698,-0.42974913,-0.00020599365,-0.59385574,-0.36309218,0.48768294,-0.21609777,1.3354067,0.6397651,-0.7743203,0.79220587,0.2568772,0.6846148,0.62242424,-0.6292934,-0.17006099,-0.17896438,-0.3389008,-0.49879086,0.14185463,1.0728892,-0.36166048,-0.57815397,-0.61361414,0.3425103,-0.5042516,-0.63408256,-0.7488537,0.6898337,0.25115648,-0.67239124,0.67494154,-0.5871098,0.40074605,1.0270381,-0.16952235,-0.8630223,-0.7675625,-0.758939,0.11036646,-0.12305945,0.8093244,0.5603541,-0.58038616,-0.21566552,-0.15713185,0.6481197,-0.34592897,0.385301,-0.047407687,0.003986556,1.0454936,0.3618377,0.95248884,-0.35190105,0.9434544,0.52531695,1.0713439,0.976468,-0.24178284,0.77750087,-0.14087129,0.87149143,0.4960737,-0.5259104,0.74252504,0.71635365,-0.43738914,-0.42492956,1.3302739,-0.35703254,-0.23599786,-0.3445812,0.7412821,0.2614913,-0.24928021,-0.19003367,0.50467783,-0.56389046,0.8028996,-0.4409737,-0.8624314,0.30447364,-0.28149313,-0.4965765,-0.6820009,-0.4842692,0.8504989,0.6538959,0.6781881,-0.15844685,0.6031498,0.49523586,-0.10729492,0.23090738,-0.60620844,1.2564288,-0.6457622,1.5274904,-0.4156279,0.030208342,0.31434476,-0.060676396,1.0352076,-0.46194565,-0.3253836,0.31827432,-0.31927353,-0.18346351,-0.6073068,-0.1673274,-0.46808952,-0.7864762,-0.2921332,-0.60777235,-0.3016862,-0.13154319,1.633458,2.286007,-1.6064556,0.31073424,0.8421908,-1.4907851,1.7358922,-0.12776849,-0.42548817,-3.327165,1.5963684,-0.8237171,1.3789858,4.076952,1.5647748,1.178154,-1.2193732,-0.6960829,-3.049759,-1.2283275,-0.13705577,2.6962848,2.987954,0.90939015,-1.2028068,-0.9470651,-1.9695561,-1.7047064,0.6531113,0.6852079,-0.16915715,1.6390631,1.653579,2.328595,2.957743,-1.0269651,-1.4979239,-0.47746214,-1.962206,-1.5919974,-0.36454785,-0.7793983,-0.66100067,-1.448816,-3.0416303,-0.6686348,-1.7859672,1.0003039,-3.4562714,1.5433983,0.3383922,-1.8067815,1.5216775,0.20619288,-0.45003843,-0.35971168,-2.823629,-2.113787,0.48187426,-1.1701148,-1.8017316,2.9465249,-0.73370725,-0.13288718,2.2945693,-0.97588706,1.0013628,2.8346822,-0.80821097,-1.0905161,-0.7456946,-0.03284143,-2.1228108,1.6495993,-1.2562983,1.5861703,1.8695445,0.79759216,-0.4428325,-2.1251364,-0.5336228,0.026950207,-0.14913589,-0.2310167,0.6722152,1.0557669,1.8635821,2.165711,-1.6708841,-1.9547894,1.698403,2.7954946,-0.13365145,-0.1559338,-2.0584092,-2.325334,-2.9178553,1.0222557,1.7265967,2.007151,1.650785,0.63327414,-1.9661832,-1.9322474,-1.5904274,2.466051,0.4714324,0.12064482,1.4665644,-0.66158044,2.7214072,1.595145,-3.117781,-2.3197525,-0.19776456,-1.6574444,1.7090545,2.464808,-1.1771657,-1.9033982,1.4914297,-1.3534919,-0.60398346,-0.058002755
76,0.6430036,0.5190583,0.44902292,-0.72655165,0.49739122,0.66866237,-0.5879761,0.16618238,-0.59340715,0.5538256,1.3898547,-0.62652016,-0.65363884,-0.45884877,0.050522573,0.213902,-0.42151088,-0.034793854,-0.60618126,-0.32005477,0.515214,-0.23908925,1.2971479,0.6670008,-0.77611053,0.78087735,0.30048642,0.7411722,0.6526685,-0.6215215,-0.20928323,-0.10727191,-0.3610695,-0.50074846,0.12808572,1.0562592,-0.31220818,-0.5851631,-0.58371377,0.32507402,-0.4834354,-0.64542454,-0.73056173,0.67479515,0.23765686,-0.6531974,0.66056144,-0.57464117,0.35984313,0.9825189,-0.16695207,-0.8486122,-0.7783998,-0.7425184,0.06912138,-0.19088125,0.7547388,0.55257463,-0.56305444,-0.19859165,-0.15773034,0.6365496,-0.32816368,0.3374168,-0.05010575,-0.10508835,1.0424638,0.3491369,0.927935,-0.3284707,0.9185705,0.52015465,1.0349677,0.93652606,-0.32889962,0.79221773,-0.120808005,0.79148996,0.40255794,-0.52146333,0.69947594,0.6843831,-0.4114055,-0.43791717,1.3025715,-0.36786413,-0.2328648,-0.35337275,0.6791915,0.24438457,-0.2765774,-0.19008529,0.47644794,-0.55560863,0.75675607,-0.46078646,-0.8597426,0.3812603,-0.2629757,-0.48327065,-0.6672297,-0.48643446,0.79412365,0.6605954,0.64820707,-0.17356998,0.57499665,0.43164703,-0.10020983,0.20047131,-0.5758033,1.2103463,-0.6318594,1.5153015,-0.3850966,0.037894607,0.34223372,-0.0765174,1.0607936,-0.4893915,-0.3481676,0.30242944,-0.3177961,-0.17307967,-0.60381395,-0.18263805,-0.49999976,-0.77774304,-0.18576664,-0.2302218,-1.0989641,-0.2090669,1.2622547,1.9071945,-1.4759853,0.9485753,0.11475538,-0.7342087,1.3961248,-0.13158643,-0.5743033,-2.070558,1.1786058,-0.86222434,0.88971066,3.0620446,1.5283116,0.18531185,-0.52005804,-1.2998005,-2.0065422,-1.1187599,0.7273042,1.9952728,2.2769008,0.3596475,-0.7546827,-0.59259313,-1.0316586,-1.6708125,0.7781152,0.7247723,0.39988342,0.8492045,0.5225256,1.9844177,1.846897,-0.37221187,-1.2441112,0.047265626,-1.5990341,-1.2455716,-0.77466613,-0.63062876,-0.44325948,-0.668175,-2.5408874,-1.1894848,-0.7565019,0.31480795,-1.8443561,0.9086193,0.7102821,-1.7331543,1.1032952,0.8774445,-0.95975506,-0.24199781,-1.4535283,-1.4126172,-0.24483666,-0.48064947,-2.0404747,1.3766731,-0.1508087,-0.1576554,1.3599292,-1.021739,-0.0025221072,1.7307454,-0.8940788,-0.81623095,-0.48810908,-0.765976,-1.3668755,1.0392082,-0.5226633,1.3384887,1.0770859,0.18836953,-0.033410028,-1.3868222,-0.32725498,0.4104698,-0.07274985,-0.2189571,0.13988793,0.40900922,1.0805833,1.3303562,-1.0314552,-1.6990108,0.9459612,1.6814587,0.44533503,-0.4906027,-1.3802652,-1.6630539,-2.0356104,0.10629162,1.2068931,0.9268579,0.89408934,1.108974,-1.1825981,-1.8405848,-0.96083486,2.4094605,0.3687587,0.4525307,0.94235945,-0.67593807,1.5474461,1.0152378,-2.7536583,-2.4086683,0.11776145,-0.6692257,1.2759006,1.5222145,-0.27939844,-1.9525747,0.6766,-1.6827792,-0.5424626,-0.07202622
77,0.7167964,0.5016422,0.43372947,-0.74667907,0.4859007,0.71629363,-0.6089493,0.102473736,-0.583459,0.6328625,1.4365684,-0.6273315,-0.6888359,-0.46789813,0.1252051,0.18518434,-0.4328704,0.013226701,-0.58907145,-0.3788017,0.47718644,-0.20713323,1.3500621,0.62940234,-0.77364546,0.7965604,0.24024436,0.6630512,0.61091805,-0.6322359,-0.15459764,-0.20478964,-0.33024216,-0.4980569,0.14710337,1.0792828,-0.37960154,-0.57545555,-0.62446666,0.34918875,-0.5119873,-0.6296754,-0.7555177,0.69560945,0.2563023,-0.6794455,0.6804446,-0.59178877,0.41637212,1.0440807,-0.17051136,-0.86816466,-0.763305,-0.7649424,0.12611298,-0.095694244,0.8301965,0.5633403,-0.5868318,-0.22208321,-0.15689683,0.6525575,-0.35258925,0.4035952,-0.046376824,0.047869243,1.0466816,0.36670282,0.96189797,-0.36063093,0.95296437,0.5272956,1.08528,0.9917442,-0.20563948,0.7719221,-0.14841616,0.9020641,0.53178406,-0.52761996,0.75898075,0.7285838,-0.4470089,-0.41990864,1.3408933,-0.3528514,-0.23720062,-0.34120947,0.76500535,0.26802316,-0.23859906,-0.19002557,0.5154921,-0.5670241,0.82054126,-0.43323022,-0.86345595,0.27518898,-0.2884524,-0.5015792,-0.6874765,-0.4834624,0.8720501,0.65137637,0.68966866,-0.15261555,0.61392456,0.5195353,-0.10999322,0.24253169,-0.6172477,1.2740738,-0.6509473,1.5322096,-0.42688805,0.027297914,0.30370334,-0.054568768,1.0254989,-0.45109773,-0.31649518,0.3243331,-0.31985152,-0.18740982,-0.6086537,-0.16140312,-0.4553939,-0.7897324,-0.20171894,-0.71253836,-1.0056207,-0.12933356,1.527039,1.9365187,-1.8156023,0.63172275,0.37345356,-1.2531389,1.3827409,-0.8053515,-1.3634174,-2.1121604,1.1225969,-0.73129976,0.73505837,3.0827317,0.91082144,1.0371904,-0.76461285,-0.7568993,-1.9445608,-0.6874501,0.7061259,1.8332753,2.3054247,0.55023813,-0.8156895,-0.9983365,-0.8907809,-1.3041265,0.33533067,0.7486515,0.16884121,1.024831,0.44323358,2.3157403,2.186122,-0.46311855,-1.4813079,-0.10480294,-1.0384852,-2.0710542,-0.6591766,-0.7461562,-0.14196575,-0.8184702,-1.7774838,-0.72326416,-0.15149893,0.60325944,-2.4853256,1.0218078,0.72120064,-1.5615693,1.1291941,0.86342144,-0.7064594,-0.7451225,-1.0092131,-1.8748273,-0.10177275,-1.366909,-2.086798,2.2643769,-0.21695623,-0.31435916,1.2612671,-0.90126413,0.23867553,1.3597758,-0.84491366,-0.7515221,-0.82010955,-0.90004617,-1.435659,1.2157239,-1.3603655,1.4028803,0.61952394,0.23437756,-0.17359711,-1.6004544,-0.5484437,-0.10581106,-0.45616734,-0.14328533,-0.32597074,0.63587004,1.4061223,1.6214049,-0.6107692,-2.3139777,1.0030053,2.123096,-0.14672554,-0.5495788,-1.4482857,-1.4530327,-2.476126,0.28754196,0.8773196,1.4355431,0.79203045,1.0360042,-1.4795727,-1.7084287,-1.3698918,2.262233,0.6664638,0.6095918,0.96204615,-0.8812284,1.4706844,1.5310363,-2.6648772,-2.1681166,-0.050340883,-0.6303656,1.8331463,1.8895135,-0.5610272,-1.9403687,0.079139456,-1.7315066,-0.4866237,-0.49432674
78,0.7167964,0.5016422,0.43372947,-0.74667907,0.4859007,0.71629363,-0.6089493,0.102473736,-0.583459,0.6328625,1.4365684,-0.6273315,-0.6888359,-0.46789813,0.1252051,0.18518434,-0.4328704,0.013226701,-0.58907145,-0.3788017,0.47718644,-0.20713323,1.3500621,0.62940234,-0.77364546,0.7965604,0.24024436,0.6630512,0.61091805,-0.6322359,-0.15459764,-0.20478964,-0.33024216,-0.4980569,0.14710337,1.0792828,-0.37960154,-0.57545555,-0.62446666,0.34918875,-0.5119873,-0.6296754,-0.7555177,0.69560945,0.2563023,-0.6794455,0.6804446,-0.59178877,0.41637212,1.0440807,-0.17051136,-0.86816466,-0.763305,-0.7649424,0.12611298,-0.095694244,0.8301965,0.5633403,-0.5868318,-0.22208321,-0.15689683,0.6525575,-0.35258925,0.4035952,-0.046376824,0.047869243,1.0466816,0.36670282,0.96189797,-0.36063093,0.95296437,0.5272956,1.08528,0.9917442,-0.20563948,0.7719221,-0.14841616,0.9020641,0.53178406,-0.52761996,0.75898075,0.7285838,-0.4470089,-0.41990864,1.3408933,-0.3528514,-0.23720062,-0.34120947,0.76500535,0.26802316,-0.23859906,-0.19002557,0.5154921,-0.5670241,0.82054126,-0.43323022,-0.86345595,0.27518898,-0.2884524,-0.5015792,-0.6874765,-0.4834624,0.8720501,0.65137637,0.68966866,-0.15261555,0.61392456,0.5195353,-0.10999322,0.24253169,-0.6172477,1.2740738,-0.6509473,1.5322096,-0.42688805,0.027297914,0.30370334,-0.054568768,1.0254989,-0.45109773,-0.31649518,0.3243331,-0.31985152,-0.18740982,-0.6086537,-0.16140312,-0.4553939,-0.7897324,-0.20171894,-0.71253836,-1.0056207,-0.12933356,1.527039,1.9365187,-1.8156023,0.63172275,0.37345356,-1.2531389,1.3827409,-0.8053515,-1.3634174,-2.1121604,1.1225969,-0.73129976,0.73505837,3.0827317,0.91082144,1.0371904,-0.76461285,-0.7568993,-1.9445608,-0.6874501,0.7061259,1.8332753,2.3054247,0.55023813,-0.8156895,-0.9983365,-0.8907809,-1.3041265,0.33533067,0.7486515,0.16884121,1.024831,0.44323358,2.3157403,2.186122,-0.46311855,-1.4813079,-0.10480294,-1.0384852,-2.0710542,-0.6591766,-0.7461562,-0.14196575,-0.8184702,-1.7774838,-0.72326416,-0.15149893,0.60325944,-2.4853256,1.0218078,0.72120064,-1.5615693,1.1291941,0.86342144,-0.7064594,-0.7451225,-1.0092131,-1.8748273,-0.10177275,-1.366909,-2.086798,2.2643769,-0.21695623,-0.31435916,1.2612671,-0.90126413,0.23867553,1.3597758,-0.84491366,-0.7515221,-0.82010955,-0.90004617,-1.435659,1.2157239,-1.3603655,1.4028803,0.61952394,0.23437756,-0.17359711,-1.6004544,-0.5484437,-0.10581106,-0.45616734,-0.14328533,-0.32597074,0.63587004,1.4061223,1.6214049,-0.6107692,-2.3139777,1.0030053,2.123096,-0.14672554,-0.5495788,-1.4482857,-1.4530327,-2.476126,0.28754196,0.8773196,1.4355431,0.79203045,1.0360042,-1.4795727,-1.7084287,-1.3698918,2.262233,0.6664638,0.6095918,0.96204615,-0.8812284,1.4706844,1.5310363,-2.6648772,-2.1681166,-0.050340883,-0.6303656,1.8331463,1.8895135,-0.5610272,-1.9403687,0.079139456,-1.7315066,-0.4866237,-0.49432674
79,0.7167964,0.5016422,0.43372947,-0.74667907,0.4859007,0.71629363,-0.6089493,0.102473736,-0.583459,0.6328625,1.4365684,-0.6273315,-0.6888359,-0.46789813,0.1252051,0.18518434,-0.4328704,0.013226701,-0.58907145,-0.3788017,0.47718644,-0.20713323,1.3500621,0.62940234,-0.77364546,0.7965604,0.24024436,0.6630512,0.61091805,-0.6322359,-0.15459764,-0.20478964,-0.33024216,-0.4980569,0.14710337,1.0792828,-0.37960154,-0.57545555,-0.62446666,0.34918875,-0.5119873,-0.6296754,-0.7555177,0.69560945,0.2563023,-0.6794455,0.6804446,-0.59178877,0.41637212,1.0440807,-0.17051136,-0.86816466,-0.763305,-0.7649424,0.12611298,-0.095694244,0.8301965,0.5633403,-0.5868318,-0.22208321,-0.15689683,0.6525575,-0.35258925,0.4035952,-0.046376824,0.047869243,1.0466816,0.36670282,0.96189797,-0.36063093,0.95296437,0.5272956,1.08528,0.9917442,-0.20563948,0.7719221,-0.14841616,0.9020641,0.53178406,-0.52761996,0.75898075,0.7285838,-0.4470089,-0.41990864,1.3408933,-0.3528514,-0.23720062,-0.34120947,0.76500535,0.26802316,-0.23859906,-0.19002557,0.5154921,-0.5670241,0.82054126,-0.43323022,-0.86345595,0.27518898,-0.2884524,-0.5015792,-0.6874765,-0.4834624,0.8720501,0.65137637,0.68966866,-0.15261555,0.61392456,0.5195353,-0.10999322,0.24253169,-0.6172477,1.2740738,-0.6509473,1.5322096,-0.42688805,0.027297914,0.30370334,-0.054568768,1.0254989,-0.45109773,-0.31649518,0.3243331,-0.31985152,-0.18740982,-0.6086537,-0.16140312,-0.4553939,-0.7897324,-0.20171894,-0.71253836,-1.0056207,-0.12933356,1.527039,1.9365187,-1.8156023,0.63172275,0.37345356,-1.2531389,1.3827409,-0.8053515,-1.3634174,-2.1121604,1.1225969,-0.73129976,0.73505837,3.0827317,0.91082144,1.0371904,-0.76461285,-0.7568993,-1.9445608,-0.6874501,0.7061259,1.8332753,2.3054247,0.55023813,-0.8156895,-0.9983365,-0.8907809,-1.3041265,0.33533067,0.7486515,0.16884121,1.024831,0.44323358,2.3157403,2.186122,-0.46311855,-1.4813079,-0.10480294,-1.0384852,-2.0710542,-0.6591766,-0.7461562,-0.14196575,-0.8184702,-1.7774838,-0.72326416,-0.15149893,0.60325944,-2.4853256,1.0218078,0.72120064,-1.5615693,1.1291941,0.86342144,-0.7064594,-0.7451225,-1.0092131,-1.8748273,-0.10177275,-1.366909,-2.086798,2.2643769,-0.21695623,-0.31435916,1.2612671,-0.90126413,0.23867553,1.3597758,-0.84491366,-0.7515221,-0.82010955,-0.90004617,-1.435659,1.2157239,-1.3603655,1.4028803,0.61952394,0.23437756,-0.17359711,-1.6004544,-0.5484437,-0.10581106,-0.45616734,-0.14328533,-0.32597074,0.63587004,1.4061223,1.6214049,-0.6107692,-2.3139777,1.0030053,2.123096,-0.14672554,-0.5495788,-1.4482857,-1.4530327,-2.476126,0.28754196,0.8773196,1.4355431,0.79203045,1.0360042,-1.4795727,-1.7084287,-1.3698918,2.262233,0.6664638,0.6095918,0.96204615,-0.8812284,1.4706844,1.5310363,-2.6648772,-2.1681166,-0.050340883,-0.6303656,1.8331463,1.8895135,-0.5610272,-1.9403687,0.079139456,-1.7315066,-0.4866237,-0.49432674
80,0.6963749,0.50644594,0.437934,-0.7412611,0.48906472,0.70312345,-0.60325927,0.12005235,-0.5862218,0.61100274,1.4236139,-0.6270926,-0.67947537,-0.46540356,0.10457399,0.19311698,-0.42974913,-0.00020599365,-0.59385574,-0.36309218,0.48768294,-0.21609777,1.3354067,0.6397651,-0.7743203,0.79220587,0.2568772,0.6846148,0.62242424,-0.6292934,-0.17006099,-0.17896438,-0.3389008,-0.49879086,0.14185463,1.0728892,-0.36166048,-0.57815397,-0.61361414,0.3425103,-0.5042516,-0.63408256,-0.7488537,0.6898337,0.25115648,-0.67239124,0.67494154,-0.5871098,0.40074605,1.0270381,-0.16952235,-0.8630223,-0.7675625,-0.758939,0.11036646,-0.12305945,0.8093244,0.5603541,-0.58038616,-0.21566552,-0.15713185,0.6481197,-0.34592897,0.385301,-0.047407687,0.003986556,1.0454936,0.3618377,0.95248884,-0.35190105,0.9434544,0.52531695,1.0713439,0.976468,-0.24178284,0.77750087,-0.14087129,0.87149143,0.4960737,-0.5259104,0.74252504,0.71635365,-0.43738914,-0.42492956,1.3302739,-0.35703254,-0.23599786,-0.3445812,0.7412821,0.2614913,-0.24928021,-0.19003367,0.50467783,-0.56389046,0.8028996,-0.4409737,-0.8624314,0.30447364,-0.28149313,-0.4965765,-0.6820009,-0.4842692,0.8504989,0.6538959,0.6781881,-0.15844685,0.6031498,0.49523586,-0.10729492,0.23090738,-0.60620844,1.2564288,-0.6457622,1.5274904,-0.4156279,0.030208342,0.31434476,-0.060676396,1.0352076,-0.46194565,-0.3253836,0.31827432,-0.31927353,-0.18346351,-0.6073068,-0.1673274,-0.46808952,-0.7864762,-0.2921332,-0.60777235,-0.3016862,-0.13154319,1.633458,2.286007,-1.6064556,0.31073424,0.8421908,-1.4907851,1.7358922,-0.12776849,-0.42548817,-3.327165,1.5963684,-0.8237171,1.3789858,4.076952,1.5647748,1.178154,-1.2193732,-0.6960829,-3.049759,-1.2283275,-0.13705577,2.6962848,2.987954,0.90939015,-1.2028068,-0.9470651,-1.9695561,-1.7047064,0.6531113,0.6852079,-0.16915715,1.6390631,1.653579,2.328595,2.957743,-1.0269651,-1.4979239,-0.47746214,-1.962206,-1.5919974,-0.36454785,-0.7793983,-0.66100067,-1.448816,-3.0416303,-0.6686348,-1.7859672,1.0003039,-3.4562714,1.5433983,0.3383922,-1.8067815,1.5216775,0.20619288,-0.45003843,-0.35971168,-2.823629,-2.113787,0.48187426,-1.1701148,-1.8017316,2.9465249,-0.73370725,-0.13288718,2.2945693,-0.97588706,1.0013628,2.8346822,-0.80821097,-1.0905161,-0.7456946,-0.03284143,-2.1228108,1.6495993,-1.2562983,1.5861703,1.8695445,0.79759216,-0.4428325,-2.1251364,-0.5336228,0.026950207,-0.14913589,-0.2310167,0.6722152,1.0557669,1.8635821,2.165711,-1.6708841,-1.9547894,1.698403,2.7954946,-0.13365145,-0.1559338,-2.0584092,-2.325334,-2.9178553,1.0222557,1.7265967,2.007151,1.650785,0.63327414,-1.9661832,-1.9322474,-1.5904274,2.466051,0.4714324,0.12064482,1.4665644,-0.66158044,2.7214072,1.595145,-3.117781,-2.3197525,-0.19776456,-1.6574444,1.7090545,2.464808,-1.1771657,-1.9033982,1.4914297,-1.3534919,-0.60398346,-0.058002755
81,0.6963749,0.50644594,0.437934,-0.7412611,0.48906472,0.70312345,-0.60325927,0.12005235,-0.5862218,0.61100274,1.4236139,-0.6270926,-0.67947537,-0.46540356,0.10457399,0.19311698,-0.42974913,-0.00020599365,-0.59385574,-0.36309218,0.48768294,-0.21609777,1.3354067,0.6397651,-0.7743203,0.79220587,0.2568772,0.6846148,0.62242424,-0.6292934,-0.17006099,-0.17896438,-0.3389008,-0.49879086,0.14185463,1.0728892,-0.36166048,-0.57815397,-0.61361414,0.3425103,-0.5042516,-0.63408256,-0.7488537,0.6898337,0.25115648,-0.67239124,0.67494154,-0.5871098,0.40074605,1.0270381,-0.16952235,-0.8630223,-0.7675625,-0.758939,0.11036646,-0.12305945,0.8093244,0.5603541,-0.58038616,-0.21566552,-0.15713185,0.6481197,-0.34592897,0.385301,-0.047407687,0.003986556,1.0454936,0.3618377,0.95248884,-0.35190105,0.9434544,0.52531695,1.0713439,0.976468,-0.24178284,0.77750087,-0.14087129,0.87149143,0.4960737,-0.5259104,0.74252504,0.71635365,-0.43738914,-0.42492956,1.3302739,-0.35703254,-0.23599786,-0.3445812,0.7412821,0.2614913,-0.24928021,-0.19003367,0.50467783,-0.56389046,0.8028996,-0.4409737,-0.8624314,0.30447364,-0.28149313,-0.4965765,-0.6820009,-0.4842692,0.8504989,0.6538959,0.6781881,-0.15844685,0.6031498,0.49523586,-0.10729492,0.23090738,-0.60620844,1.2564288,-0.6457622,1.5274904,-0.4156279,0.030208342,0.31434476,-0.060676396,1.0352076,-0.46194565,-0.3253836,0.31827432,-0.31927353,-0.18346351,-0.6073068,-0.1673274,-0.46808952,-0.7864762,-0.2921332,-0.60777235,-0.3016862,-0.13154319,1.633458,2.286007,-1.6064556,0.31073424,0.8421908,-1.4907851,1.7358922,-0.12776849,-0.42548817,-3.327165,1.5963684,-0.8237171,1.3789858,4.076952,1.5647748,1.178154,-1.2193732,-0.6960829,-3.049759,-1.2283275,-0.13705577,2.6962848,2.987954,0.90939015,-1.2028068,-0.9470651,-1.9695561,-1.7047064,0.6531113,0.6852079,-0.16915715,1.6390631,1.653579,2.328595,2.957743,-1.0269651,-1.4979239,-0.47746214,-1.962206,-1.5919974,-0.36454785,-0.7793983,-0.66100067,-1.448816,-3.0416303,-0.6686348,-1.7859672,1.0003039,-3.4562714,1.5433983,0.3383922,-1.8067815,1.5216775,0.20619288,-0.45003843,-0.35971168,-2.823629,-2.113787,0.48187426,-1.1701148,-1.8017316,2.9465249,-0.73370725,-0.13288718,2.2945693,-0.97588706,1.0013628,2.8346822,-0.80821097,-1.0905161,-0.7456946,-0.03284143,-2.1228108,1.6495993,-1.2562983,1.5861703,1.8695445,0.79759216,-0.4428325,-2.1251364,-0.5336228,0.026950207,-0.14913589,-0.2310167,0.6722152,1.0557669,1.8635821,2.165711,-1.6708841,-1.9547894,1.698403,2.7954946,-0.13365145,-0.1559338,-2.0584092,-2.325334,-2.9178553,1.0222557,1.7265967,2.007151,1.650785,0.63327414,-1.9661832,-1.9322474,-1.5904274,2.466051,0.4714324,0.12064482,1.4665644,-0.66158044,2.7214072,1.595145,-3.117781,-2.3197525,-0.19776456,-1.6574444,1.7090545,2.464808,-1.1771657,-1.9033982,1.4914297,-1.3534919,-0.60398346,-0.058002755
82,0.6273831,0.48653966,0.40529755,-0.72605085,0.49074608,0.6928847,-0.5912577,0.123821884,-0.5632472,0.57302076,1.3806691,-0.60655886,-0.6627617,-0.4481439,0.14345388,0.19914716,-0.39854807,0.005049843,-0.5735369,-0.35653567,0.46478716,-0.22384816,1.2684361,0.59526974,-0.7680218,0.7561874,0.22581759,0.6689194,0.61252546,-0.62113893,-0.18145782,-0.22723007,-0.31849647,-0.48071927,0.14152512,1.0403894,-0.33376324,-0.5576118,-0.5961895,0.3365288,-0.49213046,-0.6104289,-0.73444474,0.6747729,0.23716322,-0.657202,0.63390684,-0.5633421,0.3889532,0.9591129,-0.15655553,-0.8523965,-0.75126505,-0.74298704,0.14804822,-0.105832994,0.7875947,0.53647864,-0.57318926,-0.19526148,-0.14698076,0.61741257,-0.34178102,0.3719862,-0.052018702,0.052045185,0.9828246,0.3083911,0.9246258,-0.35201013,0.93132627,0.5060542,1.0121999,0.9273299,-0.21735108,0.7323613,-0.11068112,0.81677467,0.49464202,-0.5214791,0.7056945,0.711143,-0.42768008,-0.4030447,1.284365,-0.36231172,-0.25403517,-0.32328415,0.7354561,0.24127752,-0.22558808,-0.18770725,0.46518993,-0.54497933,0.77318096,-0.42358172,-0.8493699,0.2642464,-0.28750473,-0.47933465,-0.66777515,-0.4632309,0.8143431,0.6113383,0.6228336,-0.15382785,0.5760439,0.47985494,-0.09477705,0.18962869,-0.5907693,1.1853731,-0.6271404,1.481879,-0.4244966,-0.013603628,0.27542537,-0.03534776,0.955544,-0.4588536,-0.31375623,0.32102355,-0.30716842,-0.17026919,-0.5756496,-0.19237804,-0.45724243,-0.7745131,-0.21383028,-0.159225,-0.9146118,-0.22438453,0.97254395,1.360779,-1.1408134,1.0231566,0.008148409,-0.4572277,1.0179969,-0.036388494,-0.7575742,-1.442313,0.7470207,-0.93110186,0.5182236,2.3728302,1.1052843,0.1037349,-0.20432624,-0.9302646,-1.1170284,-0.9910994,0.6501753,1.4755082,1.6403931,0.1305043,-0.60023475,-0.61639327,-0.5467629,-1.3032697,0.58219784,0.69777393,0.3605334,0.64427215,0.26823014,1.5493088,1.3675134,0.07899399,-0.9097686,0.33862647,-1.2166417,-0.96995467,-0.56771994,-0.41054958,-0.3887551,-0.34282812,-1.7940911,-0.8850459,-0.3511123,0.10682441,-1.0701364,0.6780796,0.540807,-1.1237786,0.5794172,0.8224376,-0.78316045,-0.24857213,-0.91177624,-0.9127217,-0.31373405,-0.25357586,-1.6116208,0.6357689,0.12500767,-0.15209034,0.9979417,-0.6734548,0.050308004,1.2011795,-0.8546499,-0.5854159,-0.48155737,-0.5708086,-0.77521545,0.62974733,-0.42083454,1.048913,0.77611935,-0.02460703,-0.038035482,-1.0916654,-0.107930295,0.13806415,0.021825485,-0.003797982,-0.08642826,0.20385157,0.6014928,0.950477,-0.5761778,-1.3629932,0.50847334,1.0935979,0.4516106,-0.46992752,-1.0770712,-1.2113378,-1.5478221,0.17022236,0.9511142,0.45910817,0.53038263,0.9311075,-0.6669936,-1.3767043,-0.56991595,1.6085835,0.31412846,0.2589546,0.56040853,-0.5956163,0.907431,0.8061464,-2.1690278,-1.9287945,-0.056704033,-0.50476503,0.8676501,1.1449869,0.11126718,-1.5698851,0.14748596,-1.4634691,-0.30127788,-0.17629665
83,0.6431439,0.5194153,0.44968224,-0.7263726,0.49726364,0.6677519,-0.5877579,0.16679287,-0.59383774,0.5532098,1.3894671,-0.6267611,-0.65330815,-0.45895213,0.04873252,0.21406023,-0.42172897,-0.0355922,-0.6066414,-0.31920147,0.51593673,-0.23937285,1.2971854,0.66813886,-0.7761125,0.7810124,0.30182576,0.74234116,0.653116,-0.62138426,-0.20977014,-0.10474807,-0.36179173,-0.5009857,0.1276935,1.0561457,-0.31176823,-0.5855257,-0.5833263,0.32469666,-0.483153,-0.6459346,-0.7303355,0.6743634,0.23761958,-0.65299875,0.6607207,-0.57465935,0.3591109,0.9827366,-0.16706729,-0.84839886,-0.7787719,-0.74235386,0.06749962,-0.19234484,0.7538044,0.5527615,-0.56263447,-0.19864178,-0.15787297,0.6365683,-0.32778978,0.3366078,-0.050006688,-0.10806185,1.0432872,0.3497372,0.9274814,-0.3280226,0.9178972,0.520116,1.0349283,0.93640697,-0.33083117,0.7929784,-0.12100834,0.79071313,0.40056247,-0.5212391,0.6991049,0.6835127,-0.41090733,-0.43842643,1.302308,-0.3678419,-0.23230916,-0.3537739,0.6778636,0.24442525,-0.27742618,-0.19001698,0.47647905,-0.5556328,0.7560276,-0.46134335,-0.8598305,0.38348973,-0.26232016,-0.48327196,-0.6670718,-0.48670793,0.79327464,0.6611855,0.6484557,-0.17388487,0.57464784,0.4304968,-0.100236475,0.20064671,-0.57529306,1.2103964,-0.6318058,1.5151923,-0.3841533,0.039035365,0.34324843,-0.07737762,1.0625939,-0.48982465,-0.34871787,0.30186224,-0.3178903,-0.17306453,-0.6041825,-0.1823045,-0.5006902,-0.77762103,-0.281551,-0.34829137,-0.50166535,-0.21101362,1.1487511,1.5839015,-1.287417,0.8013904,0.36137778,-0.8838937,1.2436947,-0.037251897,-0.82938766,-2.1116724,1.0171942,-1.0195537,0.69811165,3.0840654,1.0696067,0.5621253,-0.5371518,-0.6207603,-1.6200246,-1.0548782,0.26622316,1.7873089,2.0880413,0.3583542,-0.8289023,-0.93331873,-0.9309079,-1.3828882,0.49020258,0.7384016,0.0479358,1.1334215,0.8244104,1.8283885,1.932243,-0.15711287,-1.121253,0.12967317,-1.408846,-1.195273,-0.44632995,-0.5614,-0.50742,-0.73857766,-2.0096714,-0.7271834,-0.796837,0.42322338,-1.8316739,1.1250507,0.33808094,-1.1515269,0.6828855,0.58709484,-0.5036597,-0.34566745,-1.5983377,-1.2760668,0.0035794973,-0.57664895,-1.5456519,1.3840396,-0.14288962,-0.23342197,1.4995762,-0.6668647,0.55458313,1.7282014,-0.9321648,-0.7345014,-0.70817477,-0.14454101,-1.160043,1.0026432,-0.8781348,1.1903597,1.1264335,0.35705006,-0.26587322,-1.5553597,-0.08793485,-0.094922796,-0.052471604,0.023101635,0.12527388,0.52102166,0.998132,1.4066731,-0.9184061,-1.5951434,0.84335345,1.6924117,0.1589743,-0.38550255,-1.5393082,-1.5232418,-2.123126,0.6220244,1.2324548,1.014547,0.9337131,0.76676744,-1.065117,-1.5550799,-0.88198733,1.652623,0.3984324,0.051341876,0.87760544,-0.63761157,1.4824858,1.2070888,-2.4695182,-1.893796,-0.35221264,-1.0562216,1.1204722,1.6921461,-0.26923442,-1.6856959,0.4978696,-1.3221444,-0.2667716,-0.23478182
84,0.6431439,0.5194153,0.44968224,-0.7263726,0.49726364,0.6677519,-0.5877579,0.16679287,-0.59383774,0.5532098,1.3894671,-0.6267611,-0.65330815,-0.45895213,0.04873252,0.21406023,-0.42172897,-0.0355922,-0.6066414,-0.31920147,0.51593673,-0.23937285,1.2971854,0.66813886,-0.7761125,0.7810124,0.30182576,0.74234116,0.653116,-0.62138426,-0.20977014,-0.10474807,-0.36179173,-0.5009857,0.1276935,1.0561457,-0.31176823,-0.5855257,-0.5833263,0.32469666,-0.483153,-0.6459346,-0.7303355,0.6743634,0.23761958,-0.65299875,0.6607207,-0.57465935,0.3591109,0.9827366,-0.16706729,-0.84839886,-0.7787719,-0.74235386,0.06749962,-0.19234484,0.7538044,0.5527615,-0.56263447,-0.19864178,-0.15787297,0.6365683,-0.32778978,0.3366078,-0.050006688,-0.10806185,1.0432872,0.3497372,0.9274814,-0.3280226,0.9178972,0.520116,1.0349283,0.93640697,-0.33083117,0.7929784,-0.12100834,0.79071313,0.40056247,-0.5212391,0.6991049,0.6835127,-0.41090733,-0.43842643,1.302308,-0.3678419,-0.23230916,-0.3537739,0.6778636,0.24442525,-0.27742618,-0.19001698,0.47647905,-0.5556328,0.7560276,-0.46134335,-0.8598305,0.38348973,-0.26232016,-0.48327196,-0.6670718,-0.48670793,0.79327464,0.6611855,0.6484557,-0.17388487,0.57464784,0.4304968,-0.100236475,0.20064671,-0.57529306,1.2103964,-0.6318058,1.5151923,-0.3841533,0.039035365,0.34324843,-0.07737762,1.0625939,-0.48982465,-0.34871787,0.30186224,-0.3178903,-0.17306453,-0.6041825,-0.1823045,-0.5006902,-0.77762103,-0.281551,-0.34829137,-0.50166535,-0.21101362,1.1487511,1.5839015,-1.287417,0.8013904,0.36137778,-0.8838937,1.2436947,-0.037251897,-0.82938766,-2.1116724,1.0171942,-1.0195537,0.69811165,3.0840654,1.0696067,0.5621253,-0.5371518,-0.6207603,-1.6200246,-1.0548782,0.26622316,1.7873089,2.0880413,0.3583542,-0.8289023,-0.93331873,-0.9309079,-1.3828882,0.49020258,0.7384016,0.0479358,1.1334215,0.8244104,1.8283885,1.932243,-0.15711287,-1.121253,0.12967317,-1.408846,-1.195273,-0.44632995,-0.5614,-0.50742,-0.73857766,-2.0096714,-0.7271834,-0.796837,0.42322338,-1.8316739,1.1250507,0.33808094,-1.1515269,0.6828855,0.58709484,-0.5036597,-0.34566745,-1.5983377,-1.2760668,0.0035794973,-0.57664895,-1.5456519,1.3840396,-0.14288962,-0.23342197,1.4995762,-0.6668647,0.55458313,1.7282014,-0.9321648,-0.7345014,-0.70817477,-0.14454101,-1.160043,1.0026432,-0.8781348,1.1903597,1.1264335,0.35705006,-0.26587322,-1.5553597,-0.08793485,-0.094922796,-0.052471604,0.023101635,0.12527388,0.52102166,0.998132,1.4066731,-0.9184061,-1.5951434,0.84335345,1.6924117,0.1589743,-0.38550255,-1.5393082,-1.5232418,-2.123126,0.6220244,1.2324548,1.014547,0.9337131,0.76676744,-1.065117,-1.5550799,-0.88198733,1.652623,0.3984324,0.051341876,0.87760544,-0.63761157,1.4824858,1.2070888,-2.4695182,-1.893796,-0.35221264,-1.0562216,1.1204722,1.6921461,-0.26923442,-1.6856959,0.4978696,-1.3221444,-0.2667716,-0.23478182
85,0.41400963,0.15882045,0.08824789,-0.51672554,0.1866549,0.4225618,-0.40674514,-0.13285089,-0.20438945,0.43884355,0.67286164,-0.26418805,-0.5142317,-0.22440106,0.31511325,0.01916878,-0.22050542,0.14886084,-0.16200858,-0.36141986,0.07311667,0.0014574942,0.64023316,0.07930825,-0.41377258,0.32390332,-0.101528585,0.0119515965,0.08469392,-0.38156092,0.1289712,-0.3873974,-0.0108652115,-0.19211984,0.113851614,0.47538286,-0.367126,-0.215585,-0.4840747,0.19534887,-0.35528636,-0.19438726,-0.54631126,0.34664086,0.16042836,-0.480233,0.3205022,-0.35763365,0.32475385,0.5385939,-0.04964912,-0.6788571,-0.2689438,-0.54861784,0.25278342,0.3003365,0.5215748,0.23761435,-0.40754056,-0.1648686,-0.056769848,0.29137644,-0.24155766,0.34423453,-0.008695006,0.5461273,0.36631045,0.14571333,0.46493843,-0.2669114,0.49065718,0.21299478,0.49735475,0.51682395,0.42873415,0.22155167,-0.10847151,0.63537234,0.6143215,-0.2905168,0.4436846,0.43204397,-0.34578794,-0.08354324,0.59665936,-0.12964529,-0.12627065,-0.0925889,0.552648,0.16012418,0.073645115,-0.066087246,0.26075396,-0.29222208,0.49808994,-0.03849858,-0.5511147,-0.2229982,-0.19916475,-0.2887637,-0.45104343,-0.17376572,0.57266784,0.18796514,0.3266791,0.033543397,0.3403752,0.4556167,-0.053109467,0.20086974,-0.46789247,0.63563836,-0.40215433,0.61220926,-0.35936707,-0.075324714,-0.014285147,0.09175006,0.22297794,-0.028261125,-0.00025898218,0.19887477,-0.13078749,-0.09858495,-0.28678572,-0.053765297,0.04848946,-0.528023,-0.08658019,-0.58795017,-1.193442,-0.14561486,0.15607895,0.98004633,-1.5516994,0.93253666,-0.36160013,-0.19509935,0.6722896,-0.07593153,-0.41857055,-0.5265008,0.94001323,-0.5271979,0.21205452,1.7940263,0.4907321,-0.38326243,-0.01007577,-1.006043,-0.47843495,-0.41821066,0.8885849,0.88680536,0.92292315,0.44256037,-0.1910779,-0.2797522,0.15435384,-1.307293,0.3206081,0.5094206,0.5076157,0.4069517,-0.52852994,1.3113825,0.38306424,0.40036288,-0.5835633,0.4517386,-0.4321376,-0.65310645,-0.6954143,-0.5734635,0.2723437,-0.068719834,-1.0558158,-1.0107644,0.67896205,0.05262459,-0.13720703,0.28059897,0.74199134,-1.1777514,0.40026388,0.97238785,-0.3131001,-0.5020547,-0.2279895,-0.70826864,-0.79055107,-0.062492058,-1.145067,0.23292494,-0.29873824,-0.60308146,0.48146218,-0.58132017,-0.2165306,0.24609518,-0.7921706,-0.79106355,-0.53778213,-0.30725923,-0.661242,0.3748051,-0.27261898,0.40299293,-0.26590875,0.21719706,0.084791824,-0.51429254,-0.15062107,0.2369525,-0.24135725,-0.46081847,-0.46184835,-0.07656159,0.14714862,0.5750637,-0.31987566,-1.1393317,0.105608694,0.874302,0.4009521,-0.4499152,-1.0112313,-0.18544492,-1.0896338,-0.8442796,0.33887386,0.18624988,0.014641933,0.8768005,-0.2250459,-0.8729074,-0.69511,0.91011816,0.4053391,0.32383573,0.21137775,-0.7365247,0.3050974,0.35140747,-1.6796819,-1.1672709,-0.27578935,0.3789095,0.52203107,0.5580999,0.27534512,-1.5938245,-0.09870206,-1.0811164,-0.44485107,-0.32106492
86,0.5609603,0.5274155,0.38258126,-0.7207744,0.4918319,0.7113836,-0.6117579,0.061568554,-0.5758581,0.5260712,1.3004396,-0.5858582,-0.6542493,-0.44629312,0.104910925,0.21246934,-0.43172568,0.02406058,-0.5531142,-0.3456065,0.4937515,-0.24747783,1.2734071,0.5810036,-0.76017684,0.7703558,0.25476363,0.6631378,0.57602435,-0.59600943,-0.14377844,-0.16151434,-0.3498478,-0.48233986,0.18567486,0.98853713,-0.28908247,-0.58453107,-0.5780146,0.291456,-0.48397028,-0.61161023,-0.7215793,0.638585,0.28577355,-0.655619,0.6883662,-0.55928665,0.37078673,0.91372,-0.14652646,-0.84379286,-0.7374574,-0.7267854,0.10279451,-0.17320943,0.7283707,0.5406529,-0.5742649,-0.22370595,-0.17867923,0.64177203,-0.347349,0.34812525,-0.066218555,0.07075298,1.0127763,0.33262962,0.923267,-0.34698927,0.98037094,0.552989,0.986924,0.9387345,-0.23138219,0.7313024,-0.10780966,0.80862516,0.4658585,-0.48321176,0.69926363,0.69607955,-0.44979656,-0.40798455,1.2970139,-0.37840962,-0.22407305,-0.3256545,0.69649357,0.26584765,-0.25402975,-0.17939705,0.40870923,-0.552035,0.78018963,-0.43677908,-0.84387887,0.26569328,-0.25506175,-0.46696538,-0.6659186,-0.44715023,0.81889766,0.6015699,0.5980626,-0.12574875,0.57045007,0.4468416,-0.08229607,0.21275684,-0.57698137,1.1590824,-0.6062393,1.4392141,-0.4067775,-0.058536112,0.3434768,-0.025841415,0.9051845,-0.45967525,-0.29248607,0.3236456,-0.2895667,-0.1287871,-0.5626557,-0.21763039,-0.4463604,-0.7667931,0.5673532,-0.3600795,-1.4591113,-0.28437373,0.30860403,0.13070415,-1.5104402,0.63070554,-0.73174196,-0.14487559,0.38441595,0.08496274,-0.3078644,-0.6657101,1.1626362,0.05732827,0.5468197,1.7001693,0.8845081,-0.69711065,-0.38097432,-0.5388631,-0.4766548,-0.16462518,0.22457229,1.1122217,0.52559316,0.29986218,0.20947048,0.6324946,0.024085917,-1.4204667,0.0292476,-0.062296174,0.79376423,-0.5031668,-0.5017668,1.3200468,0.5829986,0.02421654,-0.59551674,0.35833412,0.04093393,-1.1499602,-0.39407396,-0.09482792,0.9499301,0.012535557,-0.61642265,-0.55047446,0.19038811,0.23787503,-0.4090452,0.025408871,0.57741076,-1.0107243,1.0193889,-0.037862793,-0.11959727,-0.495152,0.0032722056,-1.4062746,-0.34744218,0.050515592,-0.76187176,0.36201876,0.4444457,-1.0207303,0.38367993,-0.4710678,-0.13674206,1.0448778,-0.5979005,-0.81069493,-0.4292497,-0.7000957,-0.42876104,0.07639782,-0.44584426,-0.2826403,-0.6100755,0.21445066,-0.10140863,0.31437105,0.14796598,0.62749225,-0.46648625,-0.069907434,-0.1447685,-0.16874975,0.43749097,0.02448935,-0.15356532,-1.0077524,0.7796447,0.35473487,0.567192,0.042749852,-0.97711843,0.11771945,-1.0468602,-1.2469988,0.6441173,0.1911054,1.095715,1.3554714,0.18510589,-0.5093551,-0.74042064,0.9785706,0.7009253,0.93701535,0.459467,-0.5623944,0.23831803,0.0047048256,-1.4687346,-1.3935486,0.219347,0.42050788,0.36331546,0.22301833,-0.39412925,-0.71617705,0.23418003,-0.7273881,-1.3821267,-0.31148672
87,0.5609603,0.5274155,0.38258126,-0.7207744,0.4918319,0.7113836,-0.6117579,0.061568554,-0.5758581,0.5260712,1.3004396,-0.5858582,-0.6542493,-0.44629312,0.104910925,0.21246934,-0.43172568,0.02406058,-0.5531142,-0.3456065,0.4937515,-0.24747783,1.2734071,0.5810036,-0.76017684,0.7703558,0.25476363,0.6631378,0.57602435,-0.59600943,-0.14377844,-0.16151434,-0.3498478,-0.48233986,0.18567486,0.98853713,-0.28908247,-0.58453107,-0.5780146,0.291456,-0.48397028,-0.61161023,-0.7215793,0.638585,0.28577355,-0.655619,0.6883662,-0.55928665,0.37078673,0.91372,-0.14652646,-0.84379286,-0.7374574,-0.7267854,0.10279451,-0.17320943,0.7283707,0.5406529,-0.5742649,-0.22370595,-0.17867923,0.64177203,-0.347349,0.34812525,-0.066218555,0.07075298,1.0127763,0.33262962,0.923267,-0.34698927,0.98037094,0.552989,0.986924,0.9387345,-0.23138219,0.7313024,-0.10780966,0.80862516,0.4658585,-0.48321176,0.69926363,0.69607955,-0.44979656,-0.40798455,1.2970139,-0.37840962,-0.22407305,-0.3256545,0.69649357,0.26584765,-0.25402975,-0.17939705,0.40870923,-0.552035,0.78018963,-0.43677908,-0.84387887,0.26569328,-0.25506175,-0.46696538,-0.6659186,-0.44715023,0.81889766,0.6015699,0.5980626,-0.12574875,0.57045007,0.4468416,-0.08229607,0.21275684,-0.57698137,1.1590824,-0.6062393,1.4392141,-0.4067775,-0.058536112,0.3434768,-0.025841415,0.9051845,-0.45967525,-0.29248607,0.3236456,-0.2895667,-0.1287871,-0.5626557,-0.21763039,-0.4463604,-0.7667931,0.5673532,-0.3600795,-1.4591113,-0.28437373,0.30860403,0.13070415,-1.5104402,0.63070554,-0.73174196,-0.14487559,0.38441595,0.08496274,-0.3078644,-0.6657101,1.1626362,0.05732827,0.5468197,1.7001693,0.8845081,-0.69711065,-0.38097432,-0.5388631,-0.4766548,-0.16462518,0.22457229,1.1122217,0.52559316,0.29986218,0.20947048,0.6324946,0.024085917,-1.4204667,0.0292476,-0.062296174,0.79376423,-0.5031668,-0.5017668,1.3200468,0.5829986,0.02421654,-0.59551674,0.35833412,0.04093393,-1.1499602,-0.39407396,-0.09482792,0.9499301,0.012535557,-0.61642265,-0.55047446,0.19038811,0.23787503,-0.4090452,0.025408871,0.57741076,-1.0107243,1.0193889,-0.037862793,-0.11959727,-0.495152,0.0032722056,-1.4062746,-0.34744218,0.050515592,-0.76187176,0.36201876,0.4444457,-1.0207303,0.38367993,-0.4710678,-0.13674206,1.0448778,-0.5979005,-0.81069493,-0.4292497,-0.7000957,-0.42876104,0.07639782,-0.44584426,-0.2826403,-0.6100755,0.21445066,-0.10140863,0.31437105,0.14796598,0.62749225,-0.46648625,-0.069907434,-0.1447685,-0.16874975,0.43749097,0.02448935,-0.15356532,-1.0077524,0.7796447,0.35473487,0.567192,0.042749852,-0.97711843,0.11771945,-1.0468602,-1.2469988,0.6441173,0.1911054,1.095715,1.3554714,0.18510589,-0.5093551,-0.74042064,0.9785706,0.7009253,0.93701535,0.459467,-0.5623944,0.23831803,0.0047048256,-1.4687346,-1.3935486,0.219347,0.42050788,0.36331546,0.22301833,-0.39412925,-0.71617705,0.23418003,-0.7273881,-1.3821267,-0.31148672
88,0.5609603,0.5274155,0.38258126,-0.7207744,0.4918319,0.7113836,-0.6117579,0.061568554,-0.5758581,0.5260712,1.3004396,-0.5858582,-0.6542493,-0.44629312,0.104910925,0.21246934,-0.43172568,0.02406058,-0.5531142,-0.3456065,0.4937515,-0.24747783,1.2734071,0.5810036,-0.76017684,0.7703558,0.25476363,0.6631378,0.57602435,-0.59600943,-0.14377844,-0.16151434,-0.3498478,-0.48233986,0.18567486,0.98853713,-0.28908247,-0.58453107,-0.5780146,0.291456,-0.48397028,-0.61161023,-0.7215793,0.638585,0.28577355,-0.655619,0.6883662,-0.55928665,0.37078673,0.91372,-0.14652646,-0.84379286,-0.7374574,-0.7267854,0.10279451,-0.17320943,0.7283707,0.5406529,-0.5742649,-0.22370595,-0.17867923,0.64177203,-0.347349,0.34812525,-0.066218555,0.07075298,1.0127763,0.33262962,0.923267,-0.34698927,0.98037094,0.552989,0.986924,0.9387345,-0.23138219,0.7313024,-0.10780966,0.80862516,0.4658585,-0.48321176,0.69926363,0.69607955,-0.44979656,-0.40798455,1.2970139,-0.37840962,-0.22407305,-0.3256545,0.69649357,0.26584765,-0.25402975,-0.17939705,0.40870923,-0.552035,0.78018963,-0.43677908,-0.84387887,0.26569328,-0.25506175,-0.46696538,-0.6659186,-0.44715023,0.81889766,0.6015699,0.5980626,-0.12574875,0.57045007,0.4468416,-0.08229607,0.21275684,-0.57698137,1.1590824,-0.6062393,1.4392141,-0.4067775,-0.058536112,0.3434768,-0.025841415,0.9051845,-0.45967525,-0.29248607,0.3236456,-0.2895667,-0.1287871,-0.5626557,-0.21763039,-0.4463604,-0.7667931,0.5673532,-0.3600795,-1.4591113,-0.28437373,0.30860403,0.13070415,-1.5104402,0.63070554,-0.73174196,-0.14487559,0.38441595,0.08496274,-0.3078644,-0.6657101,1.1626362,0.05732827,0.5468197,1.7001693,0.8845081,-0.69711065,-0.38097432,-0.5388631,-0.4766548,-0.16462518,0.22457229,1.1122217,0.52559316,0.29986218,0.20947048,0.6324946,0.024085917,-1.4204667,0.0292476,-0.062296174,0.79376423,-0.5031668,-0.5017668,1.3200468,0.5829986,0.02421654,-0.59551674,0.35833412,0.04093393,-1.1499602,-0.39407396,-0.09482792,0.9499301,0.012535557,-0.61642265,-0.55047446,0.19038811,0.23787503,-0.4090452,0.025408871,0.57741076,-1.0107243,1.0193889,-0.037862793,-0.11959727,-0.495152,0.0032722056,-1.4062746,-0.34744218,0.050515592,-0.76187176,0.36201876,0.4444457,-1.0207303,0.38367993,-0.4710678,-0.13674206,1.0448778,-0.5979005,-0.81069493,-0.4292497,-0.7000957,-0.42876104,0.07639782,-0.44584426,-0.2826403,-0.6100755,0.21445066,-0.10140863,0.31437105,0.14796598,0.62749225,-0.46648625,-0.069907434,-0.1447685,-0.16874975,0.43749097,0.02448935,-0.15356532,-1.0077524,0.7796447,0.35473487,0.567192,0.042749852,-0.97711843,0.11771945,-1.0468602,-1.2469988,0.6441173,0.1911054,1.095715,1.3554714,0.18510589,-0.5093551,-0.74042064,0.9785706,0.7009253,0.93701535,0.459467,-0.5623944,0.23831803,0.0047048256,-1.4687346,-1.3935486,0.219347,0.42050788,0.36331546,0.22301833,-0.39412925,-0.71617705,0.23418003,-0.7273881,-1.3821267,-0.31148672
89,0.5609603,0.5274155,0.38258126,-0.7207744,0.4918319,0.7113836,-0.6117579,0.061568554,-0.5758581,0.5260712,1.3004396,-0.5858582,-0.6542493,-0.44629312,0.104910925,0.21246934,-0.43172568,0.02406058,-0.5531142,-0.3456065,0.4937515,-0.24747783,1.2734071,0.5810036,-0.76017684,0.7703558,0.25476363,0.6631378,0.57602435,-0.59600943,-0.14377844,-0.16151434,-0.3498478,-0.48233986,0.18567486,0.98853713,-0.28908247,-0.58453107,-0.5780146,0.291456,-0.48397028,-0.61161023,-0.7215793,0.638585,0.28577355,-0.655619,0.6883662,-0.55928665,0.37078673,0.91372,-0.14652646,-0.84379286,-0.7374574,-0.7267854,0.10279451,-0.17320943,0.7283707,0.5406529,-0.5742649,-0.22370595,-0.17867923,0.64177203,-0.347349,0.34812525,-0.066218555,0.07075298,1.0127763,0.33262962,0.923267,-0.34698927,0.98037094,0.552989,0.986924,0.9387345,-0.23138219,0.7313024,-0.10780966,0.80862516,0.4658585,-0.48321176,0.69926363,0.69607955,-0.44979656,-0.40798455,1.2970139,-0.37840962,-0.22407305,-0.3256545,0.69649357,0.26584765,-0.25402975,-0.17939705,0.40870923,-0.552035,0.78018963,-0.43677908,-0.84387887,0.26569328,-0.25506175,-0.46696538,-0.6659186,-0.44715023,0.81889766,0.6015699,0.5980626,-0.12574875,0.57045007,0.4468416,-0.08229607,0.21275684,-0.57698137,1.1590824,-0.6062393,1.4392141,-0.4067775,-0.058536112,0.3434768,-0.025841415,0.9051845,-0.45967525,-0.29248607,0.3236456,-0.2895667,-0.1287871,-0.5626557,-0.21763039,-0.4463604,-0.7667931,0.5673532,-0.3600795,-1.4591113,-0.28437373,0.30860403,0.13070415,-1.5104402,0.63070554,-0.73174196,-0.14487559,0.38441595,0.08496274,-0.3078644,-0.6657101,1.1626362,0.05732827,0.5468197,1.7001693,0.8845081,-0.69711065,-0.38097432,-0.5388631,-0.4766548,-0.16462518,0.22457229,1.1122217,0.52559316,0.29986218,0.20947048,0.6324946,0.024085917,-1.4204667,0.0292476,-0.062296174,0.79376423,-0.5031668,-0.5017668,1.3200468,0.5829986,0.02421654,-0.59551674,0.35833412,0.04093393,-1.1499602,-0.39407396,-0.09482792,0.9499301,0.012535557,-0.61642265,-0.55047446,0.19038811,0.23787503,-0.4090452,0.025408871,0.57741076,-1.0107243,1.0193889,-0.037862793,-0.11959727,-0.495152,0.0032722056,-1.4062746,-0.34744218,0.050515592,-0.76187176,0.36201876,0.4444457,-1.0207303,0.38367993,-0.4710678,-0.13674206,1.0448778,-0.5979005,-0.81069493,-0.4292497,-0.7000957,-0.42876104,0.07639782,-0.44584426,-0.2826403,-0.6100755,0.21445066,-0.10140863,0.31437105,0.14796598,0.62749225,-0.46648625,-0.069907434,-0.1447685,-0.16874975,0.43749097,0.02448935,-0.15356532,-1.0077524,0.7796447,0.35473487,0.567192,0.042749852,-0.97711843,0.11771945,-1.0468602,-1.2469988,0.6441173,0.1911054,1.095715,1.3554714,0.18510589,-0.5093551,-0.74042064,0.9785706,0.7009253,0.93701535,0.459467,-0.5623944,0.23831803,0.0047048256,-1.4687346,-1.3935486,0.219347,0.42050788,0.36331546,0.22301833,-0.39412925,-0.71617705,0.23418003,-0.7273881,-1.3821267,-0.31148672
90,0.5609603,0.5274155,0.38258126,-0.7207744,0.4918319,0.7113836,-0.6117579,0.061568554,-0.5758581,0.5260712,1.3004396,-0.5858582,-0.6542493,-0.44629312,0.104910925,0.21246934,-0.43172568,0.02406058,-0.5531142,-0.3456065,0.4937515,-0.24747783,1.2734071,0.5810036,-0.76017684,0.7703558,0.25476363,0.6631378,0.57602435,-0.59600943,-0.14377844,-0.16151434,-0.3498478,-0.48233986,0.18567486,0.98853713,-0.28908247,-0.58453107,-0.5780146,0.291456,-0.48397028,-0.61161023,-0.7215793,0.638585,0.28577355,-0.655619,0.6883662,-0.55928665,0.37078673,0.91372,-0.14652646,-0.84379286,-0.7374574,-0.7267854,0.10279451,-0.17320943,0.7283707,0.5406529,-0.5742649,-0.22370595,-0.17867923,0.64177203,-0.347349,0.34812525,-0.066218555,0.07075298,1.0127763,0.33262962,0.923267,-0.34698927,0.98037094,0.552989,0.986924,0.9387345,-0.23138219,0.7313024,-0.10780966,0.80862516,0.4658585,-0.48321176,0.69926363,0.69607955,-0.44979656,-0.40798455,1.2970139,-0.37840962,-0.22407305,-0.3256545,0.69649357,0.26584765,-0.25402975,-0.17939705,0.40870923,-0.552035,0.78018963,-0.43677908,-0.84387887,0.26569328,-0.25506175,-0.46696538,-0.6659186,-0.44715023,0.81889766,0.6015699,0.5980626,-0.12574875,0.57045007,0.4468416,-0.08229607,0.21275684,-0.57698137,1.1590824,-0.6062393,1.4392141,-0.4067775,-0.058536112,0.3434768,-0.025841415,0.9051845,-0.45967525,-0.29248607,0.3236456,-0.2895667,-0.1287871,-0.5626557,-0.21763039,-0.4463604,-0.7667931,0.5673532,-0.3600795,-1.4591113,-0.28437373,0.30860403,0.13070415,-1.5104402,0.63070554,-0.73174196,-0.14487559,0.38441595,0.08496274,-0.3078644,-0.6657101,1.1626362,0.05732827,0.5468197,1.7001693,0.8845081,-0.69711065,-0.38097432,-0.5388631,-0.4766548,-0.16462518,0.22457229,1.1122217,0.52559316,0.29986218,0.20947048,0.6324946,0.024085917,-1.4204667,0.0292476,-0.062296174,0.79376423,-0.5031668,-0.5017668,1.3200468,0.5829986,0.02421654,-0.59551674,0.35833412,0.04093393,-1.1499602,-0.39407396,-0.09482792,0.9499301,0.012535557,-0.61642265,-0.55047446,0.19038811,0.23787503,-0.4090452,0.025408871,0.57741076,-1.0107243,1.0193889,-0.037862793,-0.11959727,-0.495152,0.0032722056,-1.4062746,-0.34744218,0.050515592,-0.76187176,0.36201876,0.4444457,-1.0207303,0.38367993,-0.4710678,-0.13674206,1.0448778,-0.5979005,-0.81069493,-0.4292497,-0.7000957,-0.42876104,0.07639782,-0.44584426,-0.2826403,-0.6100755,0.21445066,-0.10140863,0.31437105,0.14796598,0.62749225,-0.46648625,-0.069907434,-0.1447685,-0.16874975,0.43749097,0.02448935,-0.15356532,-1.0077524,0.7796447,0.35473487,0.567192,0.042749852,-0.97711843,0.11771945,-1.0468602,-1.2469988,0.6441173,0.1911054,1.095715,1.3554714,0.18510589,-0.5093551,-0.74042064,0.9785706,0.7009253,0.93701535,0.459467,-0.5623944,0.23831803,0.0047048256,-1.4687346,-1.3935486,0.219347,0.42050788,0.36331546,0.22301833,-0.39412925,-0.71617705,0.23418003,-0.7273881,-1.3821267,-0.31148672
91,0.1375064,0.07957111,-0.014776528,-0.19188768,0.09537196,0.106896125,-0.20630252,-0.10504931,-0.14598417,0.1408122,0.27496308,-0.07745725,-0.25630814,-0.14838123,0.19553131,0.03712824,0.015391809,0.008439713,-0.06764221,-0.17235589,0.048848357,-0.09315568,0.23595367,0.044162806,-0.22038132,0.15914726,0.005423231,0.09582881,0.022704948,-0.211694,-0.013902068,-0.25792098,-0.06144321,-0.10514039,0.013704302,0.20898047,-0.11211336,-0.052850783,-0.22188544,0.08492318,-0.16219658,-0.07617986,-0.23409247,0.1052665,0.09601397,-0.28109705,0.12629157,-0.09588063,0.070713535,0.21465252,0.06027765,-0.326765,-0.14417565,-0.26732415,0.15081733,0.12153895,0.2152703,0.07389541,-0.13888466,-0.06541771,-0.00063073635,0.09759034,-0.11118531,0.18343782,0.019379511,0.15238765,0.17293893,0.030596381,0.15383148,-0.19074994,0.2191753,0.02116955,0.14610913,0.25696394,0.1717221,0.06929314,-2.783537e-05,0.2547092,0.24531436,-0.10288197,0.23025039,0.20642892,-0.14204979,-0.043658555,0.25919738,-0.07850826,-0.06197816,0.05304134,0.2528423,0.05823455,0.028321676,-0.048622787,0.08306351,-0.11106485,0.18098287,-0.030671358,-0.30257976,-0.094376445,-0.0337857,-0.18481529,-0.20226198,-0.09778321,0.19859496,0.06538778,0.109148145,0.040603682,0.11445008,0.2140315,0.0070790406,0.029568586,-0.10344988,0.18250944,-0.17879528,0.21140668,-0.2189064,0.027257193,-0.09528035,-0.03268552,0.15681683,-0.07576221,0.00914334,0.10168027,-0.0152801275,-0.028285801,-0.10426766,-0.08637208,-0.05295837,-0.21847379,-0.006864674,-0.5595981,-0.51341075,-0.21667613,0.15349008,0.5139977,-0.8806051,0.51216507,-0.26062772,-0.009683367,0.12791264,0.12938488,-0.20742762,-0.60382736,0.48570475,-0.3984604,0.45251903,1.1283803,0.65012634,-0.37107083,-0.080473624,-0.43198407,-0.6767534,-0.26672712,0.7610407,0.6826562,0.6212515,0.29351762,0.016459808,-0.111117825,-0.0021702517,-0.8411373,0.30274758,0.28245336,0.39799625,0.08090485,-0.21557938,0.79691404,0.50014395,0.55913264,-0.16275403,0.4783961,-0.3715241,-0.78740764,-0.34866568,-0.4773771,0.4478211,-0.16205516,-0.65475667,-0.43079495,0.16972513,-0.015696902,-0.2717832,0.21709464,0.1789602,-0.7818048,0.3244487,0.36665517,0.15231802,-0.14258839,-0.25892627,-0.6983444,-0.4982439,-0.023167223,-0.97692907,0.32259902,-0.12948474,-0.31036907,0.3920996,-0.12436991,0.09788496,0.5282549,-0.39310637,-0.74990916,-0.14307664,-0.30804333,-0.38531587,0.33033264,0.008446533,0.6137622,-0.1091768,0.2216282,0.10969642,-0.36485204,0.13041247,0.24957518,-0.10687349,-0.09717187,-0.30576932,0.091101445,0.65563154,0.40488097,-0.18899846,-0.65753686,0.17038494,0.5605819,0.31783664,-0.16086605,-0.6298093,-0.59670126,-0.9560961,-0.60188836,0.35985744,0.41181734,0.31292853,0.67013246,-0.15912187,-0.87237406,-0.7029181,0.52612454,0.019369321,0.052463513,0.11702544,-0.52968305,0.17987038,-0.037410308,-1.1772016,-1.0318794,-0.2259062,0.085137695,0.5957348,0.32105368,0.115454845,-0.66506284,0.081824526,-0.42422548,-0.38712984,-0.4869506
92,0.1375064,0.07957111,-0.014776528,-0.19188768,0.09537196,0.106896125,-0.20630252,-0.10504931,-0.14598417,0.1408122,0.27496308,-0.07745725,-0.25630814,-0.14838123,0.19553131,0.03712824,0.015391809,0.008439713,-0.06764221,-0.17235589,0.048848357,-0.09315568,0.23595367,0.044162806,-0.22038132,0.15914726,0.005423231,0.09582881,0.022704948,-0.211694,-0.013902068,-0.25792098,-0.06144321,-0.10514039,0.013704302,0.20898047,-0.11211336,-0.052850783,-0.22188544,0.08492318,-0.16219658,-0.07617986,-0.23409247,0.1052665,0.09601397,-0.28109705,0.12629157,-0.09588063,0.070713535,0.21465252,0.06027765,-0.326765,-0.14417565,-0.26732415,0.15081733,0.12153895,0.2152703,0.07389541,-0.13888466,-0.06541771,-0.00063073635,0.09759034,-0.11118531,0.18343782,0.019379511,0.15238765,0.17293893,0.030596381,0.15383148,-0.19074994,0.2191753,0.02116955,0.14610913,0.25696394,0.1717221,0.06929314,-2.783537e-05,0.2547092,0.24531436,-0.10288197,0.23025039,0.20642892,-0.14204979,-0.043658555,0.25919738,-0.07850826,-0.06197816,0.05304134,0.2528423,0.05823455,0.028321676,-0.048622787,0.08306351,-0.11106485,0.18098287,-0.030671358,-0.30257976,-0.094376445,-0.0337857,-0.18481529,-0.20226198,-0.09778321,0.19859496,0.06538778,0.109148145,0.040603682,0.11445008,0.2140315,0.0070790406,0.029568586,-0.10344988,0.18250944,-0.17879528,0.21140668,-0.2189064,0.027257193,-0.09528035,-0.03268552,0.15681683,-0.07576221,0.00914334,0.10168027,-0.0152801275,-0.028285801,-0.10426766,-0.08637208,-0.05295837,-0.21847379,-0.006864674,-0.5595981,-0.51341075,-0.21667613,0.15349008,0.5139977,-0.8806051,0.51216507,-0.26062772,-0.009683367,0.12791264,0.12938488,-0.20742762,-0.60382736,0.48570475,-0.3984604,0.45251903,1.1283803,0.65012634,-0.37107083,-0.080473624,-0.43198407,-0.6767534,-0.26672712,0.7610407,0.6826562,0.6212515,0.29351762,0.016459808,-0.111117825,-0.0021702517,-0.8411373,0.30274758,0.28245336,0.39799625,0.08090485,-0.21557938,0.79691404,0.50014395,0.55913264,-0.16275403,0.4783961,-0.3715241,-0.78740764,-0.34866568,-0.4773771,0.4478211,-0.16205516,-0.65475667,-0.43079495,0.16972513,-0.015696902,-0.2717832,0.21709464,0.1789602,-0.7818048,0.3244487,0.36665517,0.15231802,-0.14258839,-0.25892627,-0.6983444,-0.4982439,-0.023167223,-0.97692907,0.32259902,-0.12948474,-0.31036907,0.3920996,-0.12436991,0.09788496,0.5282549,-0.39310637,-0.74990916,-0.14307664,-0.30804333,-0.38531587,0.33033264,0.008446533,0.6137622,-0.1091768,0.2216282,0.10969642,-0.36485204,0.13041247,0.24957518,-0.10687349,-0.09717187,-0.30576932,0.091101445,0.65563154,0.40488097,-0.18899846,-0.65753686,0.17038494,0.5605819,0.31783664,-0.16086605,-0.6298093,-0.59670126,-0.9560961,-0.60188836,0.35985744,0.41181734,0.31292853,0.67013246,-0.15912187,-0.87237406,-0.7029181,0.52612454,0.019369321,0.052463513,0.11702544,-0.52968305,0.17987038,-0.037410308,-1.1772016,-1.0318794,-0.2259062,0.085137695,0.5957348,0.32105368,0.115454845,-0.66506284,0.081824526,-0.42422548,-0.38712984,-0.4869506
93,0.1375064,0.07957111,-0.014776528,-0.19188768,0.09537196,0.106896125,-0.20630252,-0.10504931,-0.14598417,0.1408122,0.27496308,-0.07745725,-0.25630814,-0.14838123,0.19553131,0.03712824,0.015391809,0.008439713,-0.06764221,-0.17235589,0.048848357,-0.09315568,0.23595367,0.044162806,-0.22038132,0.15914726,0.005423231,0.09582881,0.022704948,-0.211694,-0.013902068,-0.25792098,-0.06144321,-0.10514039,0.013704302,0.20898047,-0.11211336,-0.052850783,-0.22188544,0.08492318,-0.16219658,-0.07617986,-0.23409247,0.1052665,0.09601397,-0.28109705,0.12629157,-0.09588063,0.070713535,0.21465252,0.06027765,-0.326765,-0.14417565,-0.26732415,0.15081733,0.12153895,0.2152703,0.07389541,-0.13888466,-0.06541771,-0.00063073635,0.09759034,-0.11118531,0.18343782,0.019379511,0.15238765,0.17293893,0.030596381,0.15383148,-0.19074994,0.2191753,0.02116955,0.14610913,0.25696394,0.1717221,0.06929314,-2.783537e-05,0.2547092,0.24531436,-0.10288197,0.23025039,0.20642892,-0.14204979,-0.043658555,0.25919738,-0.07850826,-0.06197816,0.05304134,0.2528423,0.05823455,0.028321676,-0.048622787,0.08306351,-0.11106485,0.18098287,-0.030671358,-0.30257976,-0.094376445,-0.0337857,-0.18481529,-0.20226198,-0.09778321,0.19859496,0.06538778,0.109148145,0.040603682,0.11445008,0.2140315,0.0070790406,0.029568586,-0.10344988,0.18250944,-0.17879528,0.21140668,-0.2189064,0.027257193,-0.09528035,-0.03268552,0.15681683,-0.07576221,0.00914334,0.10168027,-0.0152801275,-0.028285801,-0.10426766,-0.08637208,-0.05295837,-0.21847379,-0.006864674,-0.5595981,-0.51341075,-0.21667613,0.15349008,0.5139977,-0.8806051,0.51216507,-0.26062772,-0.009683367,0.12791264,0.12938488,-0.20742762,-0.60382736,0.48570475,-0.3984604,0.45251903,1.1283803,0.65012634,-0.37107083,-0.080473624,-0.43198407,-0.6767534,-0.26672712,0.7610407,0.6826562,0.6212515,0.29351762,0.016459808,-0.111117825,-0.0021702517,-0.8411373,0.30274758,0.28245336,0.39799625,0.08090485,-0.21557938,0.79691404,0.50014395,0.55913264,-0.16275403,0.4783961,-0.3715241,-0.78740764,-0.34866568,-0.4773771,0.4478211,-0.16205516,-0.65475667,-0.43079495,0.16972513,-0.015696902,-0.2717832,0.21709464,0.1789602,-0.7818048,0.3244487,0.36665517,0.15231802,-0.14258839,-0.25892627,-0.6983444,-0.4982439,-0.023167223,-0.97692907,0.32259902,-0.12948474,-0.31036907,0.3920996,-0.12436991,0.09788496,0.5282549,-0.39310637,-0.74990916,-0.14307664,-0.30804333,-0.38531587,0.33033264,0.008446533,0.6137622,-0.1091768,0.2216282,0.10969642,-0.36485204,0.13041247,0.24957518,-0.10687349,-0.09717187,-0.30576932,0.091101445,0.65563154,0.40488097,-0.18899846,-0.65753686,0.17038494,0.5605819,0.31783664,-0.16086605,-0.6298093,-0.59670126,-0.9560961,-0.60188836,0.35985744,0.41181734,0.31292853,0.67013246,-0.15912187,-0.87237406,-0.7029181,0.52612454,0.019369321,0.052463513,0.11702544,-0.52968305,0.17987038,-0.037410308,-1.1772016,-1.0318794,-0.2259062,0.085137695,0.5957348,0.32105368,0.115454845,-0.66506284,0.081824526,-0.42422548,-0.38712984,-0.4869506
94,0.11904038,0.09224814,-0.0059818625,-0.22755313,0.088707745,0.14595869,-0.2113769,-0.064938664,-0.11026263,0.18832341,0.2819198,-0.098685384,-0.2638166,-0.1318419,0.14127925,0.019069385,-0.019604385,0.058790162,-0.10573822,-0.1586892,0.08152416,-0.043342113,0.24832547,0.06793473,-0.23490417,0.12001729,-0.015262485,0.08909473,0.03363213,-0.18642718,-0.008907199,-0.20142996,-0.04183495,-0.08020121,0.022692354,0.21809795,-0.14661038,-0.09408045,-0.27053505,0.10023341,-0.14521432,-0.12552804,-0.26733857,0.1457893,0.058077946,-0.2880445,0.15457827,-0.13737166,0.10050281,0.18098676,-0.006794989,-0.36990583,-0.16555053,-0.28771925,0.13308093,0.122430265,0.20302004,0.11402205,-0.16044593,-0.0066683292,-0.0303272,0.12671216,-0.12145287,0.15921691,0.019926047,0.17977628,0.19257027,0.06398747,0.16055101,-0.14524305,0.19786446,0.07061725,0.20588097,0.245956,0.13776919,0.08486818,0.021339575,0.26542732,0.28776425,-0.12866318,0.20962824,0.17830752,-0.16565466,-0.06373519,0.26544854,-0.08128965,-0.047479212,-0.008870661,0.22553042,0.05453034,-0.018049896,-0.02025354,0.120617434,-0.13780963,0.21559548,-0.02291596,-0.31638575,-0.07798922,-0.0493474,-0.15612388,-0.22742045,-0.10401857,0.22592331,0.069844946,0.1299044,0.02749543,0.14257637,0.19273043,-0.018104672,0.03590249,-0.17110395,0.24132273,-0.1876486,0.2535153,-0.22072744,-0.021348894,-0.039822757,0.047773853,0.1598011,-0.073447645,-0.032672644,0.13915882,-0.044353724,-0.019802213,-0.124772966,-0.07211298,-0.06666762,-0.27488267,-0.13557436,-0.3680019,-0.44861895,-0.31262574,0.2717949,0.57902116,-0.91772944,0.18347749,-0.094668664,0.03187778,0.27897075,0.09638783,-0.19371647,-0.6413397,0.40880868,-0.26295632,0.37304854,0.8299398,0.5178375,-0.31151757,-0.0099190585,-0.42961943,-0.44484246,-0.48785588,0.39093888,0.55770975,0.4788107,0.27746034,-0.116364524,-0.16875793,-0.18250237,-0.7991999,0.15858047,0.16119123,0.19142285,0.14381482,-0.17324488,0.88361627,0.5484006,0.2993476,-0.42455107,0.22847661,-0.44444382,-0.8382674,-0.31385463,-0.49203905,0.3082856,-0.2289163,-0.78666794,-0.5231596,0.23821862,-0.0008875765,-0.43453822,0.42966127,0.3914701,-0.8097922,0.44102404,0.36595815,0.050555218,-0.15910529,-0.10256454,-0.8881581,-0.3370172,-0.273689,-0.73320854,0.54500896,-0.023482032,-0.543648,0.25233024,-0.38355014,0.036978595,0.32523638,-0.34988537,-0.59250945,-0.2663653,-0.30348897,-0.3915624,0.35777447,-0.23042792,0.4092597,0.12398425,0.18437459,0.17734697,-0.37234598,0.04049144,0.28482604,-0.31910446,-0.09686831,-0.09096887,0.004423324,0.6475114,0.28967035,-0.10549249,-0.6824861,0.25871345,0.542973,0.21412632,-0.046041846,-0.7102571,-0.35855108,-0.85653436,-0.53933376,0.17776637,0.4593229,0.21357413,0.73823684,-0.32922724,-0.7764407,-0.77490014,0.61377966,-0.019253,0.26329246,0.116226025,-0.5468768,0.3608192,0.3228707,-1.3455782,-1.0130641,-0.03262608,0.15573193,0.65591663,0.52490693,0.15376687,-0.53878,0.13363877,-0.42514586,-0.43143922,-0.28985605
95,0.0663706,0.03860386,-0.07600385,-0.11690158,0.06669953,-0.15316218,-0.109310925,-0.06170565,-0.10077572,0.11353769,0.20448409,-0.06421083,-0.22679234,-0.15208352,0.24391238,-0.007694304,0.1577727,0.009030446,0.004715642,-0.1531511,0.023659222,-0.13170868,0.17653273,-0.010834575,-0.05178392,0.1257979,0.0575084,0.07912764,0.011149713,-0.17702031,-0.07901472,-0.2879538,-0.040245414,-0.061093807,-0.012095094,0.10571815,-0.10989463,-0.060387313,-0.12081635,0.05991712,-0.14363366,0.024146367,-0.14700806,-0.065107346,0.052762635,-0.2445612,0.037063047,0.035471972,-0.08974546,0.14522637,0.08216913,-0.19377875,-0.13537747,-0.16701943,0.07994525,0.12807363,0.15668425,0.08170294,-0.045889974,-0.044851422,0.06791062,0.045456212,-0.07238871,0.19689487,0.014447548,-0.016259015,0.11730639,0.005302799,0.04775919,-0.18269688,0.12040672,-0.079398096,0.09103739,0.20053802,0.10449033,0.03751834,-0.045526624,0.21802361,0.22347444,-0.015675247,0.22344078,0.1796682,-0.07666397,0.00011288375,0.17154405,0.021154124,-0.05900967,0.07580517,0.20636386,0.06106607,0.028747108,-0.07896125,0.07678254,-0.07625079,0.08517361,0.022173544,-0.2380858,0.009889551,0.011189572,-0.22509933,-0.14261466,-0.073831975,0.048166994,0.100652084,0.05422406,0.064111814,0.09668924,0.15379669,-0.019656897,0.0043279435,0.07791808,0.11381039,-0.15580082,0.083813414,-0.1843735,0.15392411,-0.16650128,-0.09595084,0.21754758,-0.08424908,-0.012826741,0.029077804,0.035761844,-0.012170434,-0.11709541,-0.08695704,0.003007651,-0.03607738,-0.047574416,-0.29215476,-0.69530064,-0.07183174,0.3498012,0.7260596,-0.84974766,0.3643042,-0.31485727,-0.09874818,0.34250036,-0.044534612,-0.26220554,-0.62478405,0.685399,-0.40513608,0.1898745,1.0662203,0.30518106,-0.18477507,-0.14391854,-0.73387295,-0.55250597,-0.31231964,0.42711693,0.5848435,0.6207484,0.38901606,-0.04400018,-0.050936874,-0.31742537,-0.91481256,0.20278136,0.2201491,0.4319879,0.23131342,-0.28986672,0.94943297,0.4746769,0.16973047,-0.49821737,0.257411,-0.29070413,-0.76036763,-0.25033566,-0.44795948,0.22144386,-0.24344324,-0.76601577,-0.4451015,0.29431865,0.06413118,-0.44465473,0.15006462,0.52336144,-0.78946304,0.53140897,0.30304512,-0.21707487,-0.1401043,-0.09873219,-0.862768,-0.3657967,-0.14236806,-0.95456016,0.5775726,-0.20571779,-0.3327688,0.17953189,-0.5029162,0.07463326,0.36716574,-0.5175115,-0.58659166,-0.2571876,-0.46707052,-0.6328722,0.5864215,-0.4123686,0.31176472,-0.020418484,-0.0003138231,0.03380958,-0.29977483,-0.16120152,0.48194075,-0.2066759,-0.1451047,-0.2637381,0.17833816,0.44252467,0.3779643,-0.2106985,-0.79715174,0.19375189,0.70351905,0.2870682,-0.107822604,-0.73899525,-0.45379838,-1.0979234,-0.53232557,0.4497199,0.32077,0.18693916,0.84443176,-0.12924887,-0.64802945,-0.7474198,0.93425536,0.10593473,0.32214034,0.29552573,-0.535986,0.4293597,0.2773328,-1.1835277,-1.0510767,-0.09194473,0.12889086,0.49897212,0.5822278,0.12915668,-0.8871018,0.045978054,-0.7379451,-0.46975335,-0.2513455
96,0.07543064,0.036578316,-0.07589829,-0.14210933,0.08142829,-0.14241683,-0.12654561,-0.060074806,-0.104487956,0.13018718,0.24851975,-0.07886642,-0.26443112,-0.16939265,0.28438023,-0.015453041,0.17384447,0.019439206,0.005236555,-0.17814487,0.027436392,-0.1487031,0.21437922,-0.017742217,-0.069567144,0.13965273,0.043541335,0.07180385,0.019786015,-0.20730168,-0.08372092,-0.32963812,-0.034677923,-0.072826624,-0.0075617433,0.13503489,-0.13511187,-0.05797547,-0.14448965,0.08392694,-0.16954207,0.030560672,-0.18451172,-0.056076467,0.069375,-0.27655208,0.046838805,0.015827985,-0.08537686,0.16885084,0.09467633,-0.23732919,-0.14984375,-0.19746417,0.1135543,0.15052272,0.18967895,0.100884765,-0.071160674,-0.06294006,0.07525832,0.050715543,-0.08934528,0.21796827,0.011792561,0.013780227,0.1242124,-0.002365172,0.07786475,-0.19949776,0.15471715,-0.08197653,0.104473166,0.22352949,0.14239134,0.037019324,-0.04444313,0.25265205,0.26655954,-0.026411235,0.25393692,0.20211309,-0.0917508,-0.00047940016,0.20641816,0.011845287,-0.07519376,0.07877153,0.25247893,0.07434235,0.050822675,-0.08107394,0.08066218,-0.08412546,0.10095589,0.035274643,-0.27203882,-0.008822918,-0.0010117292,-0.24018401,-0.16400862,-0.08228314,0.058824778,0.106477246,0.06200072,0.06979475,0.10018526,0.17853147,-0.026926279,0.004661177,0.05192183,0.14426403,-0.1895433,0.11590022,-0.21228158,0.15574443,-0.178509,-0.10339832,0.23393098,-0.091507494,-0.013526499,0.044408917,0.041472454,-0.008661151,-0.12595296,-0.09814018,0.007365959,-0.067909956,-0.08114569,-0.28849486,-1.1434964,-0.20976631,0.26120684,0.7881403,-1.3765329,0.8589538,-0.3842433,-0.20640168,0.7265071,-0.11948888,-0.4957829,-0.5647295,0.8290068,-0.50117624,0.35226765,1.4772998,0.6696403,-0.2952247,0.02190201,-0.9879344,-0.6467489,-0.53869104,0.8524226,0.8066796,1.0139053,0.19295675,-0.037026286,-0.33340213,-0.19342114,-1.2799039,0.22494535,0.38190752,0.598258,0.10960361,-0.5006008,1.1796789,0.490751,0.19635914,-0.6388755,0.5007679,-0.54453814,-0.844887,-0.7177965,-0.6704358,0.07678069,-0.062982336,-1.0613238,-0.9411166,0.393906,-0.22530466,-0.4702923,0.2610746,0.71535754,-1.1812099,0.60989356,0.7470182,-0.43938774,-0.4139292,-0.05563043,-0.94446534,-0.6500325,-0.08874856,-1.4684464,0.4143907,-0.15970889,-0.61190593,0.18088676,-0.5968545,-0.36099315,0.48049313,-0.8883866,-0.73916334,-0.49951637,-0.51887316,-0.71316725,0.59425086,-0.19440503,0.46369725,-0.1573258,0.05545461,0.14734359,-0.4506058,-0.20054002,0.5803276,-0.3932706,-0.33989456,-0.5311347,0.0483732,0.5094291,0.48461148,-0.1654227,-1.1183133,0.106703185,0.7944434,0.5599234,-0.40331906,-0.9096494,-0.45329642,-1.2690128,-0.7370823,0.28835636,0.28607202,0.12945426,0.999334,-0.22149058,-1.1800412,-0.6682403,1.2968227,0.36584485,0.35556898,0.3275808,-0.59949124,0.38085067,0.56045616,-1.6855588,-1.5693237,-0.0012105964,0.3740374,0.7580943,0.6752715,0.16472317,-1.4336952,0.014819525,-1.1433929,-0.56746787,-0.39387023
97,0.74549294,0.49470946,0.42750713,-0.7541748,0.481468,0.7352053,-0.61690646,0.077404425,-0.57933843,0.66389847,1.4549122,-0.62754995,-0.701671,-0.47134113,0.15501043,0.17392884,-0.43714905,0.03250518,-0.5820092,-0.4005875,0.46207887,-0.19420183,1.3706553,0.61429864,-0.77267385,0.8026106,0.21623953,0.63214463,0.59446627,-0.6363771,-0.13206625,-0.24068081,-0.31752527,-0.49690688,0.15466549,1.0882909,-0.4041875,-0.5714607,-0.6393739,0.35873088,-0.5227815,-0.62313443,-0.7646793,0.7038823,0.2635817,-0.68919456,0.6881224,-0.59827167,0.43868548,1.0679786,-0.17184752,-0.87514794,-0.756985,-0.7731962,0.14895722,-0.054964364,0.8599618,0.5674592,-0.59589124,-0.2310301,-0.15651488,0.6587805,-0.3620026,0.42969757,-0.04495728,0.11109416,1.0479939,0.3733077,0.9753003,-0.37290603,0.9666226,0.5300877,1.1048914,1.0133013,-0.1507281,0.7637061,-0.15886271,0.94545037,0.5829198,-0.53007996,0.78230876,0.74614227,-0.4604681,-0.41252327,1.3559163,-0.34691137,-0.23909748,-0.33624274,0.79896164,0.27721763,-0.22290468,-0.19002593,0.5306901,-0.5713798,0.8456751,-0.4218771,-0.8648406,0.23297738,-0.29838264,-0.5085342,-0.6950824,-0.48218727,0.9027405,0.64754385,0.7057221,-0.14417785,0.6292238,0.55423045,-0.113765,0.2588517,-0.6324488,1.2988781,-0.6581311,1.5388261,-0.44272584,0.022722162,0.2882853,-0.045526445,1.0110317,-0.43521732,-0.30350727,0.33308676,-0.3206119,-0.19293112,-0.61037767,-0.15311223,-0.4366452,-0.7942683,0.017838493,-0.6557887,-1.3281238,-0.2664258,0.88151014,1.3556463,-1.8415093,0.5983129,-0.38966373,-0.72800344,0.806357,-0.93777794,-1.4970107,-0.7166359,0.7142495,-0.3130895,0.07824603,1.7156821,0.06532109,0.21764132,-0.1473384,-0.98808944,-0.5810816,-0.064610004,1.390415,0.8899697,1.2550145,0.22525066,0.015354544,-0.45101252,0.09467551,-1.107362,-0.043640614,0.22702894,0.69669473,0.031031787,-0.99143344,1.9780102,0.8931766,0.16327927,-1.0968417,0.22026584,-0.33192676,-1.8003516,-0.89425904,-0.83805263,0.5960461,-0.18194741,-0.9395981,-0.80796397,1.270348,-0.057408333,-1.0715008,0.115083635,0.98504424,-1.5645998,0.7845724,0.9123783,-0.56760705,-0.8641168,0.7650237,-1.7665297,-0.7759668,-1.3920445,-2.0487344,1.3609581,0.045789987,-0.8504561,-0.0881848,-0.88583636,-0.46165282,-0.21006173,-1.1580573,-0.5710292,-0.89731634,-1.3924142,-0.8473266,1.0709906,-0.94441354,0.9382248,-0.5177076,-0.12962073,0.09112948,-0.515136,-0.69353956,0.31848353,-1.0202961,-0.34990078,-1.1707793,0.43200743,1.0087131,0.8366038,0.24213403,-2.242626,0.3086121,1.5151873,0.27878696,-1.0781298,-0.78202736,-0.29165632,-1.9058125,-0.98079747,-0.03957525,0.5873469,0.16794479,1.4653686,-0.62838924,-1.4504579,-1.2473829,1.7150171,0.6539498,0.74075484,0.34087366,-1.0480793,0.11387199,1.143176,-2.1366012,-1.8177942,0.25321546,0.58825827,1.5280839,1.0239325,-0.033166677,-1.6834965,-0.94235986,-1.3263429,-0.73144764,-0.98436177
98,0.45482755,0.16469741,0.1074104,-0.58529735,0.23262094,0.519964,-0.45347005,-0.13062161,-0.22380054,0.5172837,0.8039651,-0.31155342,-0.5710691,-0.2612276,0.40388,0.01978441,-0.24462605,0.19366789,-0.1897744,-0.4223746,0.09016571,0.0070329783,0.7327585,0.0943692,-0.48529208,0.3895047,-0.12933582,0.02254615,0.15944007,-0.43367285,0.11949818,-0.46987468,0.018544005,-0.23071754,0.14773887,0.5634513,-0.38404107,-0.2416026,-0.5323515,0.24568942,-0.39435673,-0.2013045,-0.6050098,0.42250377,0.15766935,-0.52609515,0.35698885,-0.39690596,0.37913418,0.5722421,-0.07146597,-0.74574184,-0.3022524,-0.60316443,0.34885815,0.34487206,0.62841964,0.25279278,-0.47918177,-0.15563774,-0.055816412,0.34830678,-0.27285618,0.39778376,-0.02609688,0.69670653,0.39101085,0.1526469,0.56895113,-0.29863054,0.5956981,0.26788163,0.60027397,0.58101517,0.5250892,0.2590959,-0.10655695,0.72196376,0.72304237,-0.36422777,0.4970791,0.53648794,-0.3955642,-0.10325515,0.72689843,-0.15943253,-0.18744266,-0.10640621,0.65934104,0.16878623,0.09001834,-0.08737475,0.30706,-0.3538459,0.61036307,-0.04694736,-0.6011916,-0.2762779,-0.27270597,-0.31792343,-0.50560415,-0.21773297,0.6813258,0.23320812,0.3692233,0.017717374,0.40823036,0.54820424,-0.07655966,0.17526142,-0.54060733,0.71561635,-0.4500736,0.75984615,-0.43611145,-0.13150191,-0.01011014,0.12861973,0.21275747,-0.07004678,0.008273342,0.26713783,-0.15770829,-0.12955618,-0.3114084,-0.0974679,0.038074557,-0.6043477,0.0074866023,-0.6607268,-1.3250399,-0.073501244,0.53287464,1.0739222,-1.6749657,0.89493424,-0.32546598,-0.43324745,0.724427,-0.53626585,-1.1824137,-0.41175938,0.73911935,-0.56115484,0.041654855,1.6312928,0.18246193,0.024783961,-0.088286474,-1.0040965,-0.34172276,-0.10950886,1.1787977,0.7087536,1.0302205,0.28355837,-0.18615974,-0.4808035,0.43855938,-1.072348,0.16786887,0.44690132,0.5986578,0.25203872,-0.87921524,1.5595976,0.4617934,0.42344457,-0.86293393,0.34016412,-0.18908468,-1.1869843,-0.75858986,-0.6300873,0.48727906,0.041590095,-0.62134475,-0.946713,1.2439774,-0.003098324,-0.3717682,0.08231223,0.85503155,-1.251575,0.27258673,1.1952982,-0.5491303,-0.7356852,0.4980904,-0.9839113,-0.85419184,-0.6458378,-1.50153,0.5706637,-0.10028368,-0.7113424,0.14181879,-0.6863033,-0.3923919,-0.2928826,-0.84340155,-0.53232336,-0.67281395,-0.9260525,-0.59860426,0.4927686,-0.51073647,0.6207593,-0.5733823,-0.073625855,0.05619946,-0.56729805,-0.43730438,0.041232377,-0.6270063,-0.36444095,-0.89558613,-0.0076547936,0.28853706,0.5324365,0.08575295,-1.6762875,0.026021257,1.1198993,0.20821352,-0.85692996,-0.7870929,-0.10470632,-1.220087,-0.846594,-0.041245006,0.19776632,-0.17742056,1.0370417,-0.4199155,-0.9749119,-0.79816407,1.1718142,0.6282767,0.58954746,0.20888658,-0.8434452,-0.06494303,0.7438089,-1.7163149,-1.2314303,-0.09340288,0.58681387,0.8571611,0.6229271,0.23967156,-1.6280754,-0.8652729,-1.3220679,-0.5178737,-0.7145503
99,0.74549294,0.49470946,0.42750713,-0.7541748,0.481468,0.7352053,-0.61690646,0.077404425,-0.57933843,0.66389847,1.4549122,-0.62754995,-0.701671,-0.47134113,0.15501043,0.17392884,-0.43714905,0.03250518,-0.5820092,-0.4005875,0.46207887,-0.19420183,1.3706553,0.61429864,-0.77267385,0.8026106,0.21623953,0.63214463,0.59446627,-0.6363771,-0.13206625,-0.24068081,-0.31752527,-0.49690688,0.15466549,1.0882909,-0.4041875,-0.5714607,-0.6393739,0.35873088,-0.5227815,-0.62313443,-0.7646793,0.7038823,0.2635817,-0.68919456,0.6881224,-0.59827167,0.43868548,1.0679786,-0.17184752,-0.87514794,-0.756985,-0.7731962,0.14895722,-0.054964364,0.8599618,0.5674592,-0.59589124,-0.2310301,-0.15651488,0.6587805,-0.3620026,0.42969757,-0.04495728,0.11109416,1.0479939,0.3733077,0.9753003,-0.37290603,0.9666226,0.5300877,1.1048914,1.0133013,-0.1507281,0.7637061,-0.15886271,0.94545037,0.5829198,-0.53007996,0.78230876,0.74614227,-0.4604681,-0.41252327,1.3559163,-0.34691137,-0.23909748,-0.33624274,0.79896164,0.27721763,-0.22290468,-0.19002593,0.5306901,-0.5713798,0.8456751,-0.4218771,-0.8648406,0.23297738,-0.29838264,-0.5085342,-0.6950824,-0.48218727,0.9027405,0.64754385,0.7057221,-0.14417785,0.6292238,0.55423045,-0.113765,0.2588517,-0.6324488,1.2988781,-0.6581311,1.5388261,-0.44272584,0.022722162,0.2882853,-0.045526445,1.0110317,-0.43521732,-0.30350727,0.33308676,-0.3206119,-0.19293112,-0.61037767,-0.15311223,-0.4366452,-0.7942683,0.017838493,-0.6557887,-1.3281238,-0.2664258,0.88151014,1.3556463,-1.8415093,0.5983129,-0.38966373,-0.72800344,0.806357,-0.93777794,-1.4970107,-0.7166359,0.7142495,-0.3130895,0.07824603,1.7156821,0.06532109,0.21764132,-0.1473384,-0.98808944,-0.5810816,-0.064610004,1.390415,0.8899697,1.2550145,0.22525066,0.015354544,-0.45101252,0.09467551,-1.107362,-0.043640614,0.22702894,0.69669473,0.031031787,-0.99143344,1.9780102,0.8931766,0.16327927,-1.0968417,0.22026584,-0.33192676,-1.8003516,-0.89425904,-0.83805263,0.5960461,-0.18194741,-0.9395981,-0.80796397,1.270348,-0.057408333,-1.0715008,0.115083635,0.98504424,-1.5645998,0.7845724,0.9123783,-0.56760705,-0.8641168,0.7650237,-1.7665297,-0.7759668,-1.3920445,-2.0487344,1.3609581,0.045789987,-0.8504561,-0.0881848,-0.88583636,-0.46165282,-0.21006173,-1.1580573,-0.5710292,-0.89731634,-1.3924142,-0.8473266,1.0709906,-0.94441354,0.9382248,-0.5177076,-0.12962073,0.09112948,-0.515136,-0.69353956,0.31848353,-1.0202961,-0.34990078,-1.1707793,0.43200743,1.0087131,0.8366038,0.24213403,-2.242626,0.3086121,1.5151873,0.27878696,-1.0781298,-0.78202736,-0.29165632,-1.9058125,-0.98079747,-0.03957525,0.5873469,0.16794479,1.4653686,-0.62838924,-1.4504579,-1.2473829,1.7150171,0.6539498,0.74075484,0.34087366,-1.0480793,0.11387199,1.143176,-2.1366012,-1.8177942,0.25321546,0.58825827,1.5280839,1.0239325,-0.033166677,-1.6834965,-0.94235986,-1.3263429,-0.73144764,-0.98436177
100,0.45257798,0.16495337,0.105221674,-0.58871496,0.23690453,0.52874416,-0.45658904,-0.13121587,-0.2213822,0.52075106,0.8121052,-0.31151342,-0.57447886,-0.2618422,0.41511178,0.021194829,-0.24374568,0.19777831,-0.18774223,-0.42677718,0.08917516,0.0068457415,0.73630536,0.09073352,-0.4897573,0.39165425,-0.13466585,0.021112911,0.16219357,-0.4374779,0.11932509,-0.47968996,0.023636173,-0.2307058,0.15069312,0.5692571,-0.38471872,-0.2402597,-0.53538346,0.2492902,-0.3973977,-0.19776309,-0.6083182,0.42920345,0.15821105,-0.52875,0.35826987,-0.39820004,0.38383967,0.572168,-0.071024776,-0.74942195,-0.30062914,-0.6064409,0.36003238,0.35252312,0.6362605,0.25341108,-0.4842537,-0.15443319,-0.055099368,0.35134465,-0.27630395,0.40305614,-0.027790248,0.71561897,0.38863626,0.14786428,0.57594514,-0.30148864,0.6049291,0.27072212,0.6037392,0.58314824,0.53804016,0.25799713,-0.103854954,0.7266128,0.73467225,-0.3691411,0.49980232,0.54513574,-0.39966226,-0.101103604,0.73416036,-0.1630702,-0.19380718,-0.10484302,0.6695213,0.16863342,0.09551017,-0.0888505,0.3072643,-0.35557282,0.6175951,-0.04458481,-0.6026499,-0.2841422,-0.27812296,-0.31859577,-0.5085107,-0.21731299,0.6884897,0.23220927,0.36824763,0.018494284,0.41252935,0.5552696,-0.07678497,0.17193952,-0.54507864,0.7180456,-0.45224106,0.76842475,-0.44279116,-0.13963556,-0.014129043,0.13475496,0.20450646,-0.07056099,0.010585164,0.27248213,-0.15844613,-0.13004756,-0.30871892,-0.103660226,0.041964028,-0.60838073,0.12089573,-0.2599701,-1.6754279,-0.22146817,0.70718604,1.2201014,-1.6315904,1.0397831,-0.5508097,-0.42109054,0.82386214,-0.5869461,-1.1209764,-0.4774627,0.7712033,-0.5547341,-0.05977893,1.4654375,0.4707105,-0.3781963,-0.04148689,-1.2582129,-0.5402981,-0.40294576,1.4935621,0.955127,1.2655376,0.014127277,-0.031018078,-0.24254191,0.24998206,-1.2441527,0.26023898,0.3533031,0.91124713,-0.04051699,-1.1840905,1.719569,0.6012387,0.33844653,-1.0573951,0.36507124,-0.57536393,-1.3837104,-1.0356644,-0.7493636,0.42537883,0.055367783,-1.2199935,-1.3253509,1.002559,-0.37673655,-0.52285004,0.16310963,1.1265051,-1.491192,0.7175025,1.1885763,-0.9512374,-0.57993555,0.6440931,-0.95943457,-0.90438557,-0.6143658,-2.1436431,0.45921853,0.3444427,-0.52080524,-0.2494652,-1.0925462,-0.8433788,-0.113301456,-1.0231676,-0.3665419,-0.5955793,-1.5919316,-0.7266149,0.70523053,-0.28676024,0.8509684,-0.5564414,-0.2815868,0.24307528,-0.6181614,-0.4810523,0.5119254,-0.6685239,-0.2885261,-1.0099376,-0.0058030635,0.67178875,0.55153364,0.22148572,-1.7775074,0.014404222,0.88277364,0.65070003,-1.0445918,-0.519501,-0.5336649,-1.2814314,-1.0957285,0.075123146,0.025009774,-0.03718075,1.5885612,-0.34694976,-1.4863104,-0.64971834,1.8808377,0.42274338,0.8549671,0.31109005,-0.69708776,0.08597785,0.72262627,-2.0044994,-1.9957467,0.44081602,0.67270577,1.1042265,0.62000257,0.3333027,-1.6517619,-0.67260087,-1.5733836,-0.6780105,-0.51977736
101,0.45257798,0.16495337,0.105221674,-0.58871496,0.23690453,0.52874416,-0.45658904,-0.13121587,-0.2213822,0.52075106,0.8121052,-0.31151342,-0.57447886,-0.2618422,0.41511178,0.021194829,-0.24374568,0.19777831,-0.18774223,-0.42677718,0.08917516,0.0068457415,0.73630536,0.09073352,-0.4897573,0.39165425,-0.13466585,0.021112911,0.16219357,-0.4374779,0.11932509,-0.47968996,0.023636173,-0.2307058,0.15069312,0.5692571,-0.38471872,-0.2402597,-0.53538346,0.2492902,-0.3973977,-0.19776309,-0.6083182,0.42920345,0.15821105,-0.52875,0.35826987,-0.39820004,0.38383967,0.572168,-0.071024776,-0.74942195,-0.30062914,-0.6064409,0.36003238,0.35252312,0.6362605,0.25341108,-0.4842537,-0.15443319,-0.055099368,0.35134465,-0.27630395,0.40305614,-0.027790248,0.71561897,0.38863626,0.14786428,0.57594514,-0.30148864,0.6049291,0.27072212,0.6037392,0.58314824,0.53804016,0.25799713,-0.103854954,0.7266128,0.73467225,-0.3691411,0.49980232,0.54513574,-0.39966226,-0.101103604,0.73416036,-0.1630702,-0.19380718,-0.10484302,0.6695213,0.16863342,0.09551017,-0.0888505,0.3072643,-0.35557282,0.6175951,-0.04458481,-0.6026499,-0.2841422,-0.27812296,-0.31859577,-0.5085107,-0.21731299,0.6884897,0.23220927,0.36824763,0.018494284,0.41252935,0.5552696,-0.07678497,0.17193952,-0.54507864,0.7180456,-0.45224106,0.76842475,-0.44279116,-0.13963556,-0.014129043,0.13475496,0.20450646,-0.07056099,0.010585164,0.27248213,-0.15844613,-0.13004756,-0.30871892,-0.103660226,0.041964028,-0.60838073,0.12089573,-0.2599701,-1.6754279,-0.22146817,0.70718604,1.2201014,-1.6315904,1.0397831,-0.5508097,-0.42109054,0.82386214,-0.5869461,-1.1209764,-0.4774627,0.7712033,-0.5547341,-0.05977893,1.4654375,0.4707105,-0.3781963,-0.04148689,-1.2582129,-0.5402981,-0.40294576,1.4935621,0.955127,1.2655376,0.014127277,-0.031018078,-0.24254191,0.24998206,-1.2441527,0.26023898,0.3533031,0.91124713,-0.04051699,-1.1840905,1.719569,0.6012387,0.33844653,-1.0573951,0.36507124,-0.57536393,-1.3837104,-1.0356644,-0.7493636,0.42537883,0.055367783,-1.2199935,-1.3253509,1.002559,-0.37673655,-0.52285004,0.16310963,1.1265051,-1.491192,0.7175025,1.1885763,-0.9512374,-0.57993555,0.6440931,-0.95943457,-0.90438557,-0.6143658,-2.1436431,0.45921853,0.3444427,-0.52080524,-0.2494652,-1.0925462,-0.8433788,-0.113301456,-1.0231676,-0.3665419,-0.5955793,-1.5919316,-0.7266149,0.70523053,-0.28676024,0.8509684,-0.5564414,-0.2815868,0.24307528,-0.6181614,-0.4810523,0.5119254,-0.6685239,-0.2885261,-1.0099376,-0.0058030635,0.67178875,0.55153364,0.22148572,-1.7775074,0.014404222,0.88277364,0.65070003,-1.0445918,-0.519501,-0.5336649,-1.2814314,-1.0957285,0.075123146,0.025009774,-0.03718075,1.5885612,-0.34694976,-1.4863104,-0.64971834,1.8808377,0.42274338,0.8549671,0.31109005,-0.69708776,0.08597785,0.72262627,-2.0044994,-1.9957467,0.44081602,0.67270577,1.1042265,0.62000257,0.3333027,-1.6517619,-0.67260087,-1.5733836,-0.6780105,-0.51977736
102,0.45482755,0.16469741,0.1074104,-0.58529735,0.23262094,0.519964,-0.45347005,-0.13062161,-0.22380054,0.5172837,0.8039651,-0.31155342,-0.5710691,-0.2612276,0.40388,0.01978441,-0.24462605,0.19366789,-0.1897744,-0.4223746,0.09016571,0.0070329783,0.7327585,0.0943692,-0.48529208,0.3895047,-0.12933582,0.02254615,0.15944007,-0.43367285,0.11949818,-0.46987468,0.018544005,-0.23071754,0.14773887,0.5634513,-0.38404107,-0.2416026,-0.5323515,0.24568942,-0.39435673,-0.2013045,-0.6050098,0.42250377,0.15766935,-0.52609515,0.35698885,-0.39690596,0.37913418,0.5722421,-0.07146597,-0.74574184,-0.3022524,-0.60316443,0.34885815,0.34487206,0.62841964,0.25279278,-0.47918177,-0.15563774,-0.055816412,0.34830678,-0.27285618,0.39778376,-0.02609688,0.69670653,0.39101085,0.1526469,0.56895113,-0.29863054,0.5956981,0.26788163,0.60027397,0.58101517,0.5250892,0.2590959,-0.10655695,0.72196376,0.72304237,-0.36422777,0.4970791,0.53648794,-0.3955642,-0.10325515,0.72689843,-0.15943253,-0.18744266,-0.10640621,0.65934104,0.16878623,0.09001834,-0.08737475,0.30706,-0.3538459,0.61036307,-0.04694736,-0.6011916,-0.2762779,-0.27270597,-0.31792343,-0.50560415,-0.21773297,0.6813258,0.23320812,0.3692233,0.017717374,0.40823036,0.54820424,-0.07655966,0.17526142,-0.54060733,0.71561635,-0.4500736,0.75984615,-0.43611145,-0.13150191,-0.01011014,0.12861973,0.21275747,-0.07004678,0.008273342,0.26713783,-0.15770829,-0.12955618,-0.3114084,-0.0974679,0.038074557,-0.6043477,0.0074866023,-0.6607268,-1.3250399,-0.073501244,0.53287464,1.0739222,-1.6749657,0.89493424,-0.32546598,-0.43324745,0.724427,-0.53626585,-1.1824137,-0.41175938,0.73911935,-0.56115484,0.041654855,1.6312928,0.18246193,0.024783961,-0.088286474,-1.0040965,-0.34172276,-0.10950886,1.1787977,0.7087536,1.0302205,0.28355837,-0.18615974,-0.4808035,0.43855938,-1.072348,0.16786887,0.44690132,0.5986578,0.25203872,-0.87921524,1.5595976,0.4617934,0.42344457,-0.86293393,0.34016412,-0.18908468,-1.1869843,-0.75858986,-0.6300873,0.48727906,0.041590095,-0.62134475,-0.946713,1.2439774,-0.003098324,-0.3717682,0.08231223,0.85503155,-1.251575,0.27258673,1.1952982,-0.5491303,-0.7356852,0.4980904,-0.9839113,-0.85419184,-0.6458378,-1.50153,0.5706637,-0.10028368,-0.7113424,0.14181879,-0.6863033,-0.3923919,-0.2928826,-0.84340155,-0.53232336,-0.67281395,-0.9260525,-0.59860426,0.4927686,-0.51073647,0.6207593,-0.5733823,-0.073625855,0.05619946,-0.56729805,-0.43730438,0.041232377,-0.6270063,-0.36444095,-0.89558613,-0.0076547936,0.28853706,0.5324365,0.08575295,-1.6762875,0.026021257,1.1198993,0.20821352,-0.85692996,-0.7870929,-0.10470632,-1.220087,-0.846594,-0.041245006,0.19776632,-0.17742056,1.0370417,-0.4199155,-0.9749119,-0.79816407,1.1718142,0.6282767,0.58954746,0.20888658,-0.8434452,-0.06494303,0.7438089,-1.7163149,-1.2314303,-0.09340288,0.58681387,0.8571611,0.6229271,0.23967156,-1.6280754,-0.8652729,-1.3220679,-0.5178737,-0.7145503
103,0.6328827,0.49311727,0.4014614,-0.73917264,0.50674224,0.7348624,-0.60334224,0.121928684,-0.56096387,0.59787655,1.4180313,-0.6087254,-0.6767837,-0.45132536,0.1805024,0.20198281,-0.40549034,0.024618391,-0.5714675,-0.37904793,0.46286148,-0.21835905,1.2945467,0.58417654,-0.77601784,0.7713914,0.20309106,0.65655416,0.61998016,-0.6313356,-0.17345458,-0.27265912,-0.30649686,-0.4832828,0.1560707,1.0643799,-0.34301412,-0.5579296,-0.61075866,0.352012,-0.50376624,-0.6067225,-0.74648035,0.70607066,0.24096178,-0.6671784,0.6489442,-0.57343626,0.41268,0.96676695,-0.15842044,-0.863309,-0.74979043,-0.7540915,0.18647629,-0.0781225,0.8221092,0.53930223,-0.5924487,-0.19438696,-0.14712214,0.6350708,-0.35468405,0.3959207,-0.05736196,0.12996432,0.9828799,0.30526486,0.96102047,-0.35984528,0.9674252,0.52316177,1.0380692,0.94499385,-0.1733833,0.737319,-0.10601598,0.84756756,0.546708,-0.53742516,0.72598475,0.7476266,-0.44665658,-0.39963156,1.321372,-0.36952674,-0.27225512,-0.32353872,0.775165,0.24201222,-0.21261579,-0.19483906,0.4740045,-0.5537703,0.80992734,-0.4185735,-0.8532978,0.22000028,-0.30926055,-0.48308825,-0.67847437,-0.46636546,0.85561985,0.6179039,0.62986094,-0.15065926,0.60032475,0.5151379,-0.09819639,0.1875245,-0.61126566,1.2065223,-0.63563776,1.5230488,-0.44951522,-0.04405886,0.26875442,-0.012187719,0.9296758,-0.45706224,-0.30689645,0.34380546,-0.31114483,-0.17382872,-0.57614815,-0.20705396,-0.44733024,-0.7863831,0.012001564,0.19421877,-1.5823615,-0.3585223,0.4540441,1.2330157,-1.3803813,1.1099976,-0.7241071,-0.14149164,0.93289655,-0.15108217,-0.45890784,-0.73111767,0.9988496,-0.46819577,0.2546165,1.6063411,1.1023517,-1.1107208,0.152915,-1.817174,-0.7305846,-0.7315319,1.3808216,1.0466425,1.2939352,0.022662252,0.065125525,0.06383088,-0.06731679,-1.6085287,0.64052916,0.42090937,0.93382365,-0.18445785,-0.89678895,1.5261742,0.42922786,0.19531874,-0.85007566,0.4185538,-0.899959,-0.84411407,-1.1140429,-0.79365087,0.16828418,0.09824503,-1.8454671,-1.5603999,0.44402158,-0.43830022,-0.26272014,0.16371702,1.0270923,-1.7694238,1.0229183,1.140863,-1.0305853,-0.27733964,-0.00518395,-0.9202472,-0.9110866,0.068965636,-2.0740848,0.06764231,0.016697375,-0.46191892,0.050785087,-1.0100372,-0.9249565,0.4680323,-1.0086992,-0.65502197,-0.31808063,-1.2474067,-0.72301775,0.6688963,0.08397317,0.80132467,-0.1518602,-0.09005702,0.36381254,-0.5023606,-0.17948423,0.9525982,-0.32757926,-0.4160232,-0.5951223,-0.056479022,0.53595144,0.33445257,-0.5070259,-1.3735347,0.08494201,0.58346784,0.98176587,-0.60444045,-0.7881267,-0.62113893,-1.1149334,-1.2724054,0.47619784,0.0039951913,0.16140123,1.6068597,-0.22248645,-1.6103296,-0.56123877,2.0626981,0.18229602,0.7454443,0.5111242,-0.639689,0.39791948,0.41808674,-2.269793,-2.1087112,0.44840723,0.52337146,0.79201233,0.42052755,0.35485032,-1.821038,0.12345359,-1.4462923,-0.62979925,-0.21353292
104,0.6328827,0.49311727,0.4014614,-0.73917264,0.50674224,0.7348624,-0.60334224,0.121928684,-0.56096387,0.59787655,1.4180313,-0.6087254,-0.6767837,-0.45132536,0.1805024,0.20198281,-0.40549034,0.024618391,-0.5714675,-0.37904793,0.46286148,-0.21835905,1.2945467,0.58417654,-0.77601784,0.7713914,0.20309106,0.65655416,0.61998016,-0.6313356,-0.17345458,-0.27265912,-0.30649686,-0.4832828,0.1560707,1.0643799,-0.34301412,-0.5579296,-0.61075866,0.352012,-0.50376624,-0.6067225,-0.74648035,0.70607066,0.24096178,-0.6671784,0.6489442,-0.57343626,0.41268,0.96676695,-0.15842044,-0.863309,-0.74979043,-0.7540915,0.18647629,-0.0781225,0.8221092,0.53930223,-0.5924487,-0.19438696,-0.14712214,0.6350708,-0.35468405,0.3959207,-0.05736196,0.12996432,0.9828799,0.30526486,0.96102047,-0.35984528,0.9674252,0.52316177,1.0380692,0.94499385,-0.1733833,0.737319,-0.10601598,0.84756756,0.546708,-0.53742516,0.72598475,0.7476266,-0.44665658,-0.39963156,1.321372,-0.36952674,-0.27225512,-0.32353872,0.775165,0.24201222,-0.21261579,-0.19483906,0.4740045,-0.5537703,0.80992734,-0.4185735,-0.8532978,0.22000028,-0.30926055,-0.48308825,-0.67847437,-0.46636546,0.85561985,0.6179039,0.62986094,-0.15065926,0.60032475,0.5151379,-0.09819639,0.1875245,-0.61126566,1.2065223,-0.63563776,1.5230488,-0.44951522,-0.04405886,0.26875442,-0.012187719,0.9296758,-0.45706224,-0.30689645,0.34380546,-0.31114483,-0.17382872,-0.57614815,-0.20705396,-0.44733024,-0.7863831,0.012001564,0.19421877,-1.5823615,-0.3585223,0.4540441,1.2330157,-1.3803813,1.1099976,-0.7241071,-0.14149164,0.93289655,-0.15108217,-0.45890784,-0.73111767,0.9988496,-0.46819577,0.2546165,1.6063411,1.1023517,-1.1107208,0.152915,-1.817174,-0.7305846,-0.7315319,1.3808216,1.0466425,1.2939352,0.022662252,0.065125525,0.06383088,-0.06731679,-1.6085287,0.64052916,0.42090937,0.93382365,-0.18445785,-0.89678895,1.5261742,0.42922786,0.19531874,-0.85007566,0.4185538,-0.899959,-0.84411407,-1.1140429,-0.79365087,0.16828418,0.09824503,-1.8454671,-1.5603999,0.44402158,-0.43830022,-0.26272014,0.16371702,1.0270923,-1.7694238,1.0229183,1.140863,-1.0305853,-0.27733964,-0.00518395,-0.9202472,-0.9110866,0.068965636,-2.0740848,0.06764231,0.016697375,-0.46191892,0.050785087,-1.0100372,-0.9249565,0.4680323,-1.0086992,-0.65502197,-0.31808063,-1.2474067,-0.72301775,0.6688963,0.08397317,0.80132467,-0.1518602,-0.09005702,0.36381254,-0.5023606,-0.17948423,0.9525982,-0.32757926,-0.4160232,-0.5951223,-0.056479022,0.53595144,0.33445257,-0.5070259,-1.3735347,0.08494201,0.58346784,0.98176587,-0.60444045,-0.7881267,-0.62113893,-1.1149334,-1.2724054,0.47619784,0.0039951913,0.16140123,1.6068597,-0.22248645,-1.6103296,-0.56123877,2.0626981,0.18229602,0.7454443,0.5111242,-0.639689,0.39791948,0.41808674,-2.269793,-2.1087112,0.44840723,0.52337146,0.79201233,0.42052755,0.35485032,-1.821038,0.12345359,-1.4462923,-0.62979925,-0.21353292
105,0.6328827,0.49311727,0.4014614,-0.73917264,0.50674224,0.7348624,-0.60334224,0.121928684,-0.56096387,0.59787655,1.4180313,-0.6087254,-0.6767837,-0.45132536,0.1805024,0.20198281,-0.40549034,0.024618391,-0.5714675,-0.37904793,0.46286148,-0.21835905,1.2945467,0.58417654,-0.77601784,0.7713914,0.20309106,0.65655416,0.61998016,-0.6313356,-0.17345458,-0.27265912,-0.30649686,-0.4832828,0.1560707,1.0643799,-0.34301412,-0.5579296,-0.61075866,0.352012,-0.50376624,-0.6067225,-0.74648035,0.70607066,0.24096178,-0.6671784,0.6489442,-0.57343626,0.41268,0.96676695,-0.15842044,-0.863309,-0.74979043,-0.7540915,0.18647629,-0.0781225,0.8221092,0.53930223,-0.5924487,-0.19438696,-0.14712214,0.6350708,-0.35468405,0.3959207,-0.05736196,0.12996432,0.9828799,0.30526486,0.96102047,-0.35984528,0.9674252,0.52316177,1.0380692,0.94499385,-0.1733833,0.737319,-0.10601598,0.84756756,0.546708,-0.53742516,0.72598475,0.7476266,-0.44665658,-0.39963156,1.321372,-0.36952674,-0.27225512,-0.32353872,0.775165,0.24201222,-0.21261579,-0.19483906,0.4740045,-0.5537703,0.80992734,-0.4185735,-0.8532978,0.22000028,-0.30926055,-0.48308825,-0.67847437,-0.46636546,0.85561985,0.6179039,0.62986094,-0.15065926,0.60032475,0.5151379,-0.09819639,0.1875245,-0.61126566,1.2065223,-0.63563776,1.5230488,-0.44951522,-0.04405886,0.26875442,-0.012187719,0.9296758,-0.45706224,-0.30689645,0.34380546,-0.31114483,-0.17382872,-0.57614815,-0.20705396,-0.44733024,-0.7863831,0.012001564,0.19421877,-1.5823615,-0.3585223,0.4540441,1.2330157,-1.3803813,1.1099976,-0.7241071,-0.14149164,0.93289655,-0.15108217,-0.45890784,-0.73111767,0.9988496,-0.46819577,0.2546165,1.6063411,1.1023517,-1.1107208,0.152915,-1.817174,-0.7305846,-0.7315319,1.3808216,1.0466425,1.2939352,0.022662252,0.065125525,0.06383088,-0.06731679,-1.6085287,0.64052916,0.42090937,0.93382365,-0.18445785,-0.89678895,1.5261742,0.42922786,0.19531874,-0.85007566,0.4185538,-0.899959,-0.84411407,-1.1140429,-0.79365087,0.16828418,0.09824503,-1.8454671,-1.5603999,0.44402158,-0.43830022,-0.26272014,0.16371702,1.0270923,-1.7694238,1.0229183,1.140863,-1.0305853,-0.27733964,-0.00518395,-0.9202472,-0.9110866,0.068965636,-2.0740848,0.06764231,0.016697375,-0.46191892,0.050785087,-1.0100372,-0.9249565,0.4680323,-1.0086992,-0.65502197,-0.31808063,-1.2474067,-0.72301775,0.6688963,0.08397317,0.80132467,-0.1518602,-0.09005702,0.36381254,-0.5023606,-0.17948423,0.9525982,-0.32757926,-0.4160232,-0.5951223,-0.056479022,0.53595144,0.33445257,-0.5070259,-1.3735347,0.08494201,0.58346784,0.98176587,-0.60444045,-0.7881267,-0.62113893,-1.1149334,-1.2724054,0.47619784,0.0039951913,0.16140123,1.6068597,-0.22248645,-1.6103296,-0.56123877,2.0626981,0.18229602,0.7454443,0.5111242,-0.639689,0.39791948,0.41808674,-2.269793,-2.1087112,0.44840723,0.52337146,0.79201233,0.42052755,0.35485032,-1.821038,0.12345359,-1.4462923,-0.62979925,-0.21353292
106,0.6328827,0.49311727,0.4014614,-0.73917264,0.50674224,0.7348624,-0.60334224,0.121928684,-0.56096387,0.59787655,1.4180313,-0.6087254,-0.6767837,-0.45132536,0.1805024,0.20198281,-0.40549034,0.024618391,-0.5714675,-0.37904793,0.46286148,-0.21835905,1.2945467,0.58417654,-0.77601784,0.7713914,0.20309106,0.65655416,0.61998016,-0.6313356,-0.17345458,-0.27265912,-0.30649686,-0.4832828,0.1560707,1.0643799,-0.34301412,-0.5579296,-0.61075866,0.352012,-0.50376624,-0.6067225,-0.74648035,0.70607066,0.24096178,-0.6671784,0.6489442,-0.57343626,0.41268,0.96676695,-0.15842044,-0.863309,-0.74979043,-0.7540915,0.18647629,-0.0781225,0.8221092,0.53930223,-0.5924487,-0.19438696,-0.14712214,0.6350708,-0.35468405,0.3959207,-0.05736196,0.12996432,0.9828799,0.30526486,0.96102047,-0.35984528,0.9674252,0.52316177,1.0380692,0.94499385,-0.1733833,0.737319,-0.10601598,0.84756756,0.546708,-0.53742516,0.72598475,0.7476266,-0.44665658,-0.39963156,1.321372,-0.36952674,-0.27225512,-0.32353872,0.775165,0.24201222,-0.21261579,-0.19483906,0.4740045,-0.5537703,0.80992734,-0.4185735,-0.8532978,0.22000028,-0.30926055,-0.48308825,-0.67847437,-0.46636546,0.85561985,0.6179039,0.62986094,-0.15065926,0.60032475,0.5151379,-0.09819639,0.1875245,-0.61126566,1.2065223,-0.63563776,1.5230488,-0.44951522,-0.04405886,0.26875442,-0.012187719,0.9296758,-0.45706224,-0.30689645,0.34380546,-0.31114483,-0.17382872,-0.57614815,-0.20705396,-0.44733024,-0.7863831,0.012001564,0.19421877,-1.5823615,-0.3585223,0.4540441,1.2330157,-1.3803813,1.1099976,-0.7241071,-0.14149164,0.93289655,-0.15108217,-0.45890784,-0.73111767,0.9988496,-0.46819577,0.2546165,1.6063411,1.1023517,-1.1107208,0.152915,-1.817174,-0.7305846,-0.7315319,1.3808216,1.0466425,1.2939352,0.022662252,0.065125525,0.06383088,-0.06731679,-1.6085287,0.64052916,0.42090937,0.93382365,-0.18445785,-0.89678895,1.5261742,0.42922786,0.19531874,-0.85007566,0.4185538,-0.899959,-0.84411407,-1.1140429,-0.79365087,0.16828418,0.09824503,-1.8454671,-1.5603999,0.44402158,-0.43830022,-0.26272014,0.16371702,1.0270923,-1.7694238,1.0229183,1.140863,-1.0305853,-0.27733964,-0.00518395,-0.9202472,-0.9110866,0.068965636,-2.0740848,0.06764231,0.016697375,-0.46191892,0.050785087,-1.0100372,-0.9249565,0.4680323,-1.0086992,-0.65502197,-0.31808063,-1.2474067,-0.72301775,0.6688963,0.08397317,0.80132467,-0.1518602,-0.09005702,0.36381254,-0.5023606,-0.17948423,0.9525982,-0.32757926,-0.4160232,-0.5951223,-0.056479022,0.53595144,0.33445257,-0.5070259,-1.3735347,0.08494201,0.58346784,0.98176587,-0.60444045,-0.7881267,-0.62113893,-1.1149334,-1.2724054,0.47619784,0.0039951913,0.16140123,1.6068597,-0.22248645,-1.6103296,-0.56123877,2.0626981,0.18229602,0.7454443,0.5111242,-0.639689,0.39791948,0.41808674,-2.269793,-2.1087112,0.44840723,0.52337146,0.79201233,0.42052755,0.35485032,-1.821038,0.12345359,-1.4462923,-0.62979925,-0.21353292
107,0.6328827,0.49311727,0.4014614,-0.73917264,0.50674224,0.7348624,-0.60334224,0.121928684,-0.56096387,0.59787655,1.4180313,-0.6087254,-0.6767837,-0.45132536,0.1805024,0.20198281,-0.40549034,0.024618391,-0.5714675,-0.37904793,0.46286148,-0.21835905,1.2945467,0.58417654,-0.77601784,0.7713914,0.20309106,0.65655416,0.61998016,-0.6313356,-0.17345458,-0.27265912,-0.30649686,-0.4832828,0.1560707,1.0643799,-0.34301412,-0.5579296,-0.61075866,0.352012,-0.50376624,-0.6067225,-0.74648035,0.70607066,0.24096178,-0.6671784,0.6489442,-0.57343626,0.41268,0.96676695,-0.15842044,-0.863309,-0.74979043,-0.7540915,0.18647629,-0.0781225,0.8221092,0.53930223,-0.5924487,-0.19438696,-0.14712214,0.6350708,-0.35468405,0.3959207,-0.05736196,0.12996432,0.9828799,0.30526486,0.96102047,-0.35984528,0.9674252,0.52316177,1.0380692,0.94499385,-0.1733833,0.737319,-0.10601598,0.84756756,0.546708,-0.53742516,0.72598475,0.7476266,-0.44665658,-0.39963156,1.321372,-0.36952674,-0.27225512,-0.32353872,0.775165,0.24201222,-0.21261579,-0.19483906,0.4740045,-0.5537703,0.80992734,-0.4185735,-0.8532978,0.22000028,-0.30926055,-0.48308825,-0.67847437,-0.46636546,0.85561985,0.6179039,0.62986094,-0.15065926,0.60032475,0.5151379,-0.09819639,0.1875245,-0.61126566,1.2065223,-0.63563776,1.5230488,-0.44951522,-0.04405886,0.26875442,-0.012187719,0.9296758,-0.45706224,-0.30689645,0.34380546,-0.31114483,-0.17382872,-0.57614815,-0.20705396,-0.44733024,-0.7863831,0.012001564,0.19421877,-1.5823615,-0.3585223,0.4540441,1.2330157,-1.3803813,1.1099976,-0.7241071,-0.14149164,0.93289655,-0.15108217,-0.45890784,-0.73111767,0.9988496,-0.46819577,0.2546165,1.6063411,1.1023517,-1.1107208,0.152915,-1.817174,-0.7305846,-0.7315319,1.3808216,1.0466425,1.2939352,0.022662252,0.065125525,0.06383088,-0.06731679,-1.6085287,0.64052916,0.42090937,0.93382365,-0.18445785,-0.89678895,1.5261742,0.42922786,0.19531874,-0.85007566,0.4185538,-0.899959,-0.84411407,-1.1140429,-0.79365087,0.16828418,0.09824503,-1.8454671,-1.5603999,0.44402158,-0.43830022,-0.26272014,0.16371702,1.0270923,-1.7694238,1.0229183,1.140863,-1.0305853,-0.27733964,-0.00518395,-0.9202472,-0.9110866,0.068965636,-2.0740848,0.06764231,0.016697375,-0.46191892,0.050785087,-1.0100372,-0.9249565,0.4680323,-1.0086992,-0.65502197,-0.31808063,-1.2474067,-0.72301775,0.6688963,0.08397317,0.80132467,-0.1518602,-0.09005702,0.36381254,-0.5023606,-0.17948423,0.9525982,-0.32757926,-0.4160232,-0.5951223,-0.056479022,0.53595144,0.33445257,-0.5070259,-1.3735347,0.08494201,0.58346784,0.98176587,-0.60444045,-0.7881267,-0.62113893,-1.1149334,-1.2724054,0.47619784,0.0039951913,0.16140123,1.6068597,-0.22248645,-1.6103296,-0.56123877,2.0626981,0.18229602,0.7454443,0.5111242,-0.639689,0.39791948,0.41808674,-2.269793,-2.1087112,0.44840723,0.52337146,0.79201233,0.42052755,0.35485032,-1.821038,0.12345359,-1.4462923,-0.62979925,-0.21353292
108,0.6328827,0.49311727,0.4014614,-0.73917264,0.50674224,0.7348624,-0.60334224,0.121928684,-0.56096387,0.59787655,1.4180313,-0.6087254,-0.6767837,-0.45132536,0.1805024,0.20198281,-0.40549034,0.024618391,-0.5714675,-0.37904793,0.46286148,-0.21835905,1.2945467,0.58417654,-0.77601784,0.7713914,0.20309106,0.65655416,0.61998016,-0.6313356,-0.17345458,-0.27265912,-0.30649686,-0.4832828,0.1560707,1.0643799,-0.34301412,-0.5579296,-0.61075866,0.352012,-0.50376624,-0.6067225,-0.74648035,0.70607066,0.24096178,-0.6671784,0.6489442,-0.57343626,0.41268,0.96676695,-0.15842044,-0.863309,-0.74979043,-0.7540915,0.18647629,-0.0781225,0.8221092,0.53930223,-0.5924487,-0.19438696,-0.14712214,0.6350708,-0.35468405,0.3959207,-0.05736196,0.12996432,0.9828799,0.30526486,0.96102047,-0.35984528,0.9674252,0.52316177,1.0380692,0.94499385,-0.1733833,0.737319,-0.10601598,0.84756756,0.546708,-0.53742516,0.72598475,0.7476266,-0.44665658,-0.39963156,1.321372,-0.36952674,-0.27225512,-0.32353872,0.775165,0.24201222,-0.21261579,-0.19483906,0.4740045,-0.5537703,0.80992734,-0.4185735,-0.8532978,0.22000028,-0.30926055,-0.48308825,-0.67847437,-0.46636546,0.85561985,0.6179039,0.62986094,-0.15065926,0.60032475,0.5151379,-0.09819639,0.1875245,-0.61126566,1.2065223,-0.63563776,1.5230488,-0.44951522,-0.04405886,0.26875442,-0.012187719,0.9296758,-0.45706224,-0.30689645,0.34380546,-0.31114483,-0.17382872,-0.57614815,-0.20705396,-0.44733024,-0.7863831,0.012001564,0.19421877,-1.5823615,-0.3585223,0.4540441,1.2330157,-1.3803813,1.1099976,-0.7241071,-0.14149164,0.93289655,-0.15108217,-0.45890784,-0.73111767,0.9988496,-0.46819577,0.2546165,1.6063411,1.1023517,-1.1107208,0.152915,-1.817174,-0.7305846,-0.7315319,1.3808216,1.0466425,1.2939352,0.022662252,0.065125525,0.06383088,-0.06731679,-1.6085287,0.64052916,0.42090937,0.93382365,-0.18445785,-0.89678895,1.5261742,0.42922786,0.19531874,-0.85007566,0.4185538,-0.899959,-0.84411407,-1.1140429,-0.79365087,0.16828418,0.09824503,-1.8454671,-1.5603999,0.44402158,-0.43830022,-0.26272014,0.16371702,1.0270923,-1.7694238,1.0229183,1.140863,-1.0305853,-0.27733964,-0.00518395,-0.9202472,-0.9110866,0.068965636,-2.0740848,0.06764231,0.016697375,-0.46191892,0.050785087,-1.0100372,-0.9249565,0.4680323,-1.0086992,-0.65502197,-0.31808063,-1.2474067,-0.72301775,0.6688963,0.08397317,0.80132467,-0.1518602,-0.09005702,0.36381254,-0.5023606,-0.17948423,0.9525982,-0.32757926,-0.4160232,-0.5951223,-0.056479022,0.53595144,0.33445257,-0.5070259,-1.3735347,0.08494201,0.58346784,0.98176587,-0.60444045,-0.7881267,-0.62113893,-1.1149334,-1.2724054,0.47619784,0.0039951913,0.16140123,1.6068597,-0.22248645,-1.6103296,-0.56123877,2.0626981,0.18229602,0.7454443,0.5111242,-0.639689,0.39791948,0.41808674,-2.269793,-2.1087112,0.44840723,0.52337146,0.79201233,0.42052755,0.35485032,-1.821038,0.12345359,-1.4462923,-0.62979925,-0.21353292
109,0.6328827,0.49311727,0.4014614,-0.73917264,0.50674224,0.7348624,-0.60334224,0.121928684,-0.56096387,0.59787655,1.4180313,-0.6087254,-0.6767837,-0.45132536,0.1805024,0.20198281,-0.40549034,0.024618391,-0.5714675,-0.37904793,0.46286148,-0.21835905,1.2945467,0.58417654,-0.77601784,0.7713914,0.20309106,0.65655416,0.61998016,-0.6313356,-0.17345458,-0.27265912,-0.30649686,-0.4832828,0.1560707,1.0643799,-0.34301412,-0.5579296,-0.61075866,0.352012,-0.50376624,-0.6067225,-0.74648035,0.70607066,0.24096178,-0.6671784,0.6489442,-0.57343626,0.41268,0.96676695,-0.15842044,-0.863309,-0.74979043,-0.7540915,0.18647629,-0.0781225,0.8221092,0.53930223,-0.5924487,-0.19438696,-0.14712214,0.6350708,-0.35468405,0.3959207,-0.05736196,0.12996432,0.9828799,0.30526486,0.96102047,-0.35984528,0.9674252,0.52316177,1.0380692,0.94499385,-0.1733833,0.737319,-0.10601598,0.84756756,0.546708,-0.53742516,0.72598475,0.7476266,-0.44665658,-0.39963156,1.321372,-0.36952674,-0.27225512,-0.32353872,0.775165,0.24201222,-0.21261579,-0.19483906,0.4740045,-0.5537703,0.80992734,-0.4185735,-0.8532978,0.22000028,-0.30926055,-0.48308825,-0.67847437,-0.46636546,0.85561985,0.6179039,0.62986094,-0.15065926,0.60032475,0.5151379,-0.09819639,0.1875245,-0.61126566,1.2065223,-0.63563776,1.5230488,-0.44951522,-0.04405886,0.26875442,-0.012187719,0.9296758,-0.45706224,-0.30689645,0.34380546,-0.31114483,-0.17382872,-0.57614815,-0.20705396,-0.44733024,-0.7863831,0.012001564,0.19421877,-1.5823615,-0.3585223,0.4540441,1.2330157,-1.3803813,1.1099976,-0.7241071,-0.14149164,0.93289655,-0.15108217,-0.45890784,-0.73111767,0.9988496,-0.46819577,0.2546165,1.6063411,1.1023517,-1.1107208,0.152915,-1.817174,-0.7305846,-0.7315319,1.3808216,1.0466425,1.2939352,0.022662252,0.065125525,0.06383088,-0.06731679,-1.6085287,0.64052916,0.42090937,0.93382365,-0.18445785,-0.89678895,1.5261742,0.42922786,0.19531874,-0.85007566,0.4185538,-0.899959,-0.84411407,-1.1140429,-0.79365087,0.16828418,0.09824503,-1.8454671,-1.5603999,0.44402158,-0.43830022,-0.26272014,0.16371702,1.0270923,-1.7694238,1.0229183,1.140863,-1.0305853,-0.27733964,-0.00518395,-0.9202472,-0.9110866,0.068965636,-2.0740848,0.06764231,0.016697375,-0.46191892,0.050785087,-1.0100372,-0.9249565,0.4680323,-1.0086992,-0.65502197,-0.31808063,-1.2474067,-0.72301775,0.6688963,0.08397317,0.80132467,-0.1518602,-0.09005702,0.36381254,-0.5023606,-0.17948423,0.9525982,-0.32757926,-0.4160232,-0.5951223,-0.056479022,0.53595144,0.33445257,-0.5070259,-1.3735347,0.08494201,0.58346784,0.98176587,-0.60444045,-0.7881267,-0.62113893,-1.1149334,-1.2724054,0.47619784,0.0039951913,0.16140123,1.6068597,-0.22248645,-1.6103296,-0.56123877,2.0626981,0.18229602,0.7454443,0.5111242,-0.639689,0.39791948,0.41808674,-2.269793,-2.1087112,0.44840723,0.52337146,0.79201233,0.42052755,0.35485032,-1.821038,0.12345359,-1.4462923,-0.62979925,-0.21353292
110,0.6328827,0.49311727,0.4014614,-0.73917264,0.50674224,0.7348624,-0.60334224,0.121928684,-0.56096387,0.59787655,1.4180313,-0.6087254,-0.6767837,-0.45132536,0.1805024,0.20198281,-0.40549034,0.024618391,-0.5714675,-0.37904793,0.46286148,-0.21835905,1.2945467,0.58417654,-0.77601784,0.7713914,0.20309106,0.65655416,0.61998016,-0.6313356,-0.17345458,-0.27265912,-0.30649686,-0.4832828,0.1560707,1.0643799,-0.34301412,-0.5579296,-0.61075866,0.352012,-0.50376624,-0.6067225,-0.74648035,0.70607066,0.24096178,-0.6671784,0.6489442,-0.57343626,0.41268,0.96676695,-0.15842044,-0.863309,-0.74979043,-0.7540915,0.18647629,-0.0781225,0.8221092,0.53930223,-0.5924487,-0.19438696,-0.14712214,0.6350708,-0.35468405,0.3959207,-0.05736196,0.12996432,0.9828799,0.30526486,0.96102047,-0.35984528,0.9674252,0.52316177,1.0380692,0.94499385,-0.1733833,0.737319,-0.10601598,0.84756756,0.546708,-0.53742516,0.72598475,0.7476266,-0.44665658,-0.39963156,1.321372,-0.36952674,-0.27225512,-0.32353872,0.775165,0.24201222,-0.21261579,-0.19483906,0.4740045,-0.5537703,0.80992734,-0.4185735,-0.8532978,0.22000028,-0.30926055,-0.48308825,-0.67847437,-0.46636546,0.85561985,0.6179039,0.62986094,-0.15065926,0.60032475,0.5151379,-0.09819639,0.1875245,-0.61126566,1.2065223,-0.63563776,1.5230488,-0.44951522,-0.04405886,0.26875442,-0.012187719,0.9296758,-0.45706224,-0.30689645,0.34380546,-0.31114483,-0.17382872,-0.57614815,-0.20705396,-0.44733024,-0.7863831,0.012001564,0.19421877,-1.5823615,-0.3585223,0.4540441,1.2330157,-1.3803813,1.1099976,-0.7241071,-0.14149164,0.93289655,-0.15108217,-0.45890784,-0.73111767,0.9988496,-0.46819577,0.2546165,1.6063411,1.1023517,-1.1107208,0.152915,-1.817174,-0.7305846,-0.7315319,1.3808216,1.0466425,1.2939352,0.022662252,0.065125525,0.06383088,-0.06731679,-1.6085287,0.64052916,0.42090937,0.93382365,-0.18445785,-0.89678895,1.5261742,0.42922786,0.19531874,-0.85007566,0.4185538,-0.899959,-0.84411407,-1.1140429,-0.79365087,0.16828418,0.09824503,-1.8454671,-1.5603999,0.44402158,-0.43830022,-0.26272014,0.16371702,1.0270923,-1.7694238,1.0229183,1.140863,-1.0305853,-0.27733964,-0.00518395,-0.9202472,-0.9110866,0.068965636,-2.0740848,0.06764231,0.016697375,-0.46191892,0.050785087,-1.0100372,-0.9249565,0.4680323,-1.0086992,-0.65502197,-0.31808063,-1.2474067,-0.72301775,0.6688963,0.08397317,0.80132467,-0.1518602,-0.09005702,0.36381254,-0.5023606,-0.17948423,0.9525982,-0.32757926,-0.4160232,-0.5951223,-0.056479022,0.53595144,0.33445257,-0.5070259,-1.3735347,0.08494201,0.58346784,0.98176587,-0.60444045,-0.7881267,-0.62113893,-1.1149334,-1.2724054,0.47619784,0.0039951913,0.16140123,1.6068597,-0.22248645,-1.6103296,-0.56123877,2.0626981,0.18229602,0.7454443,0.5111242,-0.639689,0.39791948,0.41808674,-2.269793,-2.1087112,0.44840723,0.52337146,0.79201233,0.42052755,0.35485032,-1.821038,0.12345359,-1.4462923,-0.62979925,-0.21353292
111,0.6328827,0.49311727,0.4014614,-0.73917264,0.50674224,0.7348624,-0.60334224,0.121928684,-0.56096387,0.59787655,1.4180313,-0.6087254,-0.6767837,-0.45132536,0.1805024,0.20198281,-0.40549034,0.024618391,-0.5714675,-0.37904793,0.46286148,-0.21835905,1.2945467,0.58417654,-0.77601784,0.7713914,0.20309106,0.65655416,0.61998016,-0.6313356,-0.17345458,-0.27265912,-0.30649686,-0.4832828,0.1560707,1.0643799,-0.34301412,-0.5579296,-0.61075866,0.352012,-0.50376624,-0.6067225,-0.74648035,0.70607066,0.24096178,-0.6671784,0.6489442,-0.57343626,0.41268,0.96676695,-0.15842044,-0.863309,-0.74979043,-0.7540915,0.18647629,-0.0781225,0.8221092,0.53930223,-0.5924487,-0.19438696,-0.14712214,0.6350708,-0.35468405,0.3959207,-0.05736196,0.12996432,0.9828799,0.30526486,0.96102047,-0.35984528,0.9674252,0.52316177,1.0380692,0.94499385,-0.1733833,0.737319,-0.10601598,0.84756756,0.546708,-0.53742516,0.72598475,0.7476266,-0.44665658,-0.39963156,1.321372,-0.36952674,-0.27225512,-0.32353872,0.775165,0.24201222,-0.21261579,-0.19483906,0.4740045,-0.5537703,0.80992734,-0.4185735,-0.8532978,0.22000028,-0.30926055,-0.48308825,-0.67847437,-0.46636546,0.85561985,0.6179039,0.62986094,-0.15065926,0.60032475,0.5151379,-0.09819639,0.1875245,-0.61126566,1.2065223,-0.63563776,1.5230488,-0.44951522,-0.04405886,0.26875442,-0.012187719,0.9296758,-0.45706224,-0.30689645,0.34380546,-0.31114483,-0.17382872,-0.57614815,-0.20705396,-0.44733024,-0.7863831,0.012001564,0.19421877,-1.5823615,-0.3585223,0.4540441,1.2330157,-1.3803813,1.1099976,-0.7241071,-0.14149164,0.93289655,-0.15108217,-0.45890784,-0.73111767,0.9988496,-0.46819577,0.2546165,1.6063411,1.1023517,-1.1107208,0.152915,-1.817174,-0.7305846,-0.7315319,1.3808216,1.0466425,1.2939352,0.022662252,0.065125525,0.06383088,-0.06731679,-1.6085287,0.64052916,0.42090937,0.93382365,-0.18445785,-0.89678895,1.5261742,0.42922786,0.19531874,-0.85007566,0.4185538,-0.899959,-0.84411407,-1.1140429,-0.79365087,0.16828418,0.09824503,-1.8454671,-1.5603999,0.44402158,-0.43830022,-0.26272014,0.16371702,1.0270923,-1.7694238,1.0229183,1.140863,-1.0305853,-0.27733964,-0.00518395,-0.9202472,-0.9110866,0.068965636,-2.0740848,0.06764231,0.016697375,-0.46191892,0.050785087,-1.0100372,-0.9249565,0.4680323,-1.0086992,-0.65502197,-0.31808063,-1.2474067,-0.72301775,0.6688963,0.08397317,0.80132467,-0.1518602,-0.09005702,0.36381254,-0.5023606,-0.17948423,0.9525982,-0.32757926,-0.4160232,-0.5951223,-0.056479022,0.53595144,0.33445257,-0.5070259,-1.3735347,0.08494201,0.58346784,0.98176587,-0.60444045,-0.7881267,-0.62113893,-1.1149334,-1.2724054,0.47619784,0.0039951913,0.16140123,1.6068597,-0.22248645,-1.6103296,-0.56123877,2.0626981,0.18229602,0.7454443,0.5111242,-0.639689,0.39791948,0.41808674,-2.269793,-2.1087112,0.44840723,0.52337146,0.79201233,0.42052755,0.35485032,-1.821038,0.12345359,-1.4462923,-0.62979925,-0.21353292
112,0.45257798,0.16495337,0.105221674,-0.58871496,0.23690453,0.52874416,-0.45658904,-0.13121587,-0.2213822,0.52075106,0.8121052,-0.31151342,-0.57447886,-0.2618422,0.41511178,0.021194829,-0.24374568,0.19777831,-0.18774223,-0.42677718,0.08917516,0.0068457415,0.73630536,0.09073352,-0.4897573,0.39165425,-0.13466585,0.021112911,0.16219357,-0.4374779,0.11932509,-0.47968996,0.023636173,-0.2307058,0.15069312,0.5692571,-0.38471872,-0.2402597,-0.53538346,0.2492902,-0.3973977,-0.19776309,-0.6083182,0.42920345,0.15821105,-0.52875,0.35826987,-0.39820004,0.38383967,0.572168,-0.071024776,-0.74942195,-0.30062914,-0.6064409,0.36003238,0.35252312,0.6362605,0.25341108,-0.4842537,-0.15443319,-0.055099368,0.35134465,-0.27630395,0.40305614,-0.027790248,0.71561897,0.38863626,0.14786428,0.57594514,-0.30148864,0.6049291,0.27072212,0.6037392,0.58314824,0.53804016,0.25799713,-0.103854954,0.7266128,0.73467225,-0.3691411,0.49980232,0.54513574,-0.39966226,-0.101103604,0.73416036,-0.1630702,-0.19380718,-0.10484302,0.6695213,0.16863342,0.09551017,-0.0888505,0.3072643,-0.35557282,0.6175951,-0.04458481,-0.6026499,-0.2841422,-0.27812296,-0.31859577,-0.5085107,-0.21731299,0.6884897,0.23220927,0.36824763,0.018494284,0.41252935,0.5552696,-0.07678497,0.17193952,-0.54507864,0.7180456,-0.45224106,0.76842475,-0.44279116,-0.13963556,-0.014129043,0.13475496,0.20450646,-0.07056099,0.010585164,0.27248213,-0.15844613,-0.13004756,-0.30871892,-0.103660226,0.041964028,-0.60838073,0.12089573,-0.2599701,-1.6754279,-0.22146817,0.70718604,1.2201014,-1.6315904,1.0397831,-0.5508097,-0.42109054,0.82386214,-0.5869461,-1.1209764,-0.4774627,0.7712033,-0.5547341,-0.05977893,1.4654375,0.4707105,-0.3781963,-0.04148689,-1.2582129,-0.5402981,-0.40294576,1.4935621,0.955127,1.2655376,0.014127277,-0.031018078,-0.24254191,0.24998206,-1.2441527,0.26023898,0.3533031,0.91124713,-0.04051699,-1.1840905,1.719569,0.6012387,0.33844653,-1.0573951,0.36507124,-0.57536393,-1.3837104,-1.0356644,-0.7493636,0.42537883,0.055367783,-1.2199935,-1.3253509,1.002559,-0.37673655,-0.52285004,0.16310963,1.1265051,-1.491192,0.7175025,1.1885763,-0.9512374,-0.57993555,0.6440931,-0.95943457,-0.90438557,-0.6143658,-2.1436431,0.45921853,0.3444427,-0.52080524,-0.2494652,-1.0925462,-0.8433788,-0.113301456,-1.0231676,-0.3665419,-0.5955793,-1.5919316,-0.7266149,0.70523053,-0.28676024,0.8509684,-0.5564414,-0.2815868,0.24307528,-0.6181614,-0.4810523,0.5119254,-0.6685239,-0.2885261,-1.0099376,-0.0058030635,0.67178875,0.55153364,0.22148572,-1.7775074,0.014404222,0.88277364,0.65070003,-1.0445918,-0.519501,-0.5336649,-1.2814314,-1.0957285,0.075123146,0.025009774,-0.03718075,1.5885612,-0.34694976,-1.4863104,-0.64971834,1.8808377,0.42274338,0.8549671,0.31109005,-0.69708776,0.08597785,0.72262627,-2.0044994,-1.9957467,0.44081602,0.67270577,1.1042265,0.62000257,0.3333027,-1.6517619,-0.67260087,-1.5733836,-0.6780105,-0.51977736
113,0.74096715,0.49454582,0.42645603,-0.7534605,0.48228022,0.7346294,-0.61626816,0.07910289,-0.57863915,0.66103595,1.4530247,-0.6267699,-0.7006099,-0.47054565,0.1557376,0.175003,-0.43580478,0.03201575,-0.581586,-0.39957333,0.46206936,-0.19523585,1.367366,0.6131593,-0.77269346,0.8012226,0.2159673,0.63317215,0.5953527,-0.6360829,-0.13383567,-0.24160951,-0.31719875,-0.49634176,0.15458772,1.0870306,-0.4018085,-0.57090986,-0.63814664,0.35830575,-0.5219291,-0.622486,-0.7638643,0.7035644,0.26263618,-0.68827987,0.68638295,-0.59718704,0.43737322,1.0639071,-0.17128515,-0.8745943,-0.75668645,-0.77235895,0.15008602,-0.05611396,0.8581203,0.56629527,-0.59556097,-0.22964752,-0.15610301,0.657644,-0.36158633,0.42818028,-0.045420766,0.11112932,1.0453908,0.370627,0.97431564,-0.37236583,0.96627814,0.5295702,1.1019139,1.0104374,-0.1520133,0.7625429,-0.15688157,0.94133353,0.58105564,-0.5301777,0.7798852,0.74585116,-0.4597563,-0.41203666,1.3541703,-0.3477363,-0.24023807,-0.3357079,0.7976607,0.27583134,-0.22258425,-0.19018972,0.52837056,-0.5705973,0.843858,-0.42175788,-0.86435527,0.2328727,-0.2985497,-0.50753534,-0.69433856,-0.48153687,0.90043914,0.64628977,0.70263916,-0.1444217,0.627833,0.55237305,-0.11310303,0.2560555,-0.6314156,1.2949878,-0.65718484,1.5377046,-0.44279397,0.020383053,0.2874641,-0.04448408,1.0080382,-0.43611127,-0.30367392,0.33330217,-0.32016516,-0.19213057,-0.6090555,-0.1551776,-0.43712366,-0.79382783,-0.09928928,-0.4427527,-1.3337455,-0.14011525,1.1896064,1.6041644,-1.5433378,0.96625805,0.049107507,-0.7446642,1.1313347,-0.47955477,-1.098012,-1.4077584,0.8515926,-0.78676796,0.49520895,2.4132845,0.96023613,0.41282803,-0.41037995,-0.95018566,-1.4292969,-0.7616622,1.0038526,1.5558882,1.8871727,0.26621675,-0.5851139,-0.7144142,-0.42711818,-1.2641674,0.43160048,0.70801586,0.47252122,0.6249741,-0.08618399,1.9175109,1.5252272,-0.09844399,-1.2446079,0.18383826,-0.99816805,-1.5553918,-0.78290784,-0.5535542,-0.0784417,-0.43099216,-1.6491592,-1.0372092,0.038915105,0.20629372,-1.4771518,0.6870855,0.82222706,-1.3850489,0.81449443,1.1104262,-0.9176222,-0.5208239,-0.49988127,-1.2035475,-0.40002045,-0.73246515,-1.9873395,1.1842617,0.1826857,-0.26142174,0.8282005,-0.8814904,-0.24228087,0.9036347,-0.8078568,-0.574908,-0.59849066,-1.1440176,-1.0768338,0.8175027,-0.6690863,1.1731757,0.3783315,-0.09895243,0.012132652,-1.1902596,-0.37728485,0.114746474,-0.29778582,-0.09646781,-0.34191144,0.19734247,0.92119104,1.1197696,-0.30387443,-1.801953,0.6144859,1.4347804,0.26786575,-0.67546594,-0.98455286,-1.2745423,-1.7705284,-0.10883787,0.7131878,0.6708683,0.45876125,1.1354674,-0.94965905,-1.5452863,-0.8233319,2.0790236,0.46519008,0.67423433,0.6265345,-0.6928638,0.9326075,1.0396974,-2.3236427,-2.147859,0.13903938,-0.1912786,1.3674141,1.2928764,-0.049784433,-1.7133088,-0.13211781,-1.7868495,-0.5108328,-0.27894747
114,0.45257798,0.16495337,0.105221674,-0.58871496,0.23690453,0.52874416,-0.45658904,-0.13121587,-0.2213822,0.52075106,0.8121052,-0.31151342,-0.57447886,-0.2618422,0.41511178,0.021194829,-0.24374568,0.19777831,-0.18774223,-0.42677718,0.08917516,0.0068457415,0.73630536,0.09073352,-0.4897573,0.39165425,-0.13466585,0.021112911,0.16219357,-0.4374779,0.11932509,-0.47968996,0.023636173,-0.2307058,0.15069312,0.5692571,-0.38471872,-0.2402597,-0.53538346,0.2492902,-0.3973977,-0.19776309,-0.6083182,0.42920345,0.15821105,-0.52875,0.35826987,-0.39820004,0.38383967,0.572168,-0.071024776,-0.74942195,-0.30062914,-0.6064409,0.36003238,0.35252312,0.6362605,0.25341108,-0.4842537,-0.15443319,-0.055099368,0.35134465,-0.27630395,0.40305614,-0.027790248,0.71561897,0.38863626,0.14786428,0.57594514,-0.30148864,0.6049291,0.27072212,0.6037392,0.58314824,0.53804016,0.25799713,-0.103854954,0.7266128,0.73467225,-0.3691411,0.49980232,0.54513574,-0.39966226,-0.101103604,0.73416036,-0.1630702,-0.19380718,-0.10484302,0.6695213,0.16863342,0.09551017,-0.0888505,0.3072643,-0.35557282,0.6175951,-0.04458481,-0.6026499,-0.2841422,-0.27812296,-0.31859577,-0.5085107,-0.21731299,0.6884897,0.23220927,0.36824763,0.018494284,0.41252935,0.5552696,-0.07678497,0.17193952,-0.54507864,0.7180456,-0.45224106,0.76842475,-0.44279116,-0.13963556,-0.014129043,0.13475496,0.20450646,-0.07056099,0.010585164,0.27248213,-0.15844613,-0.13004756,-0.30871892,-0.103660226,0.041964028,-0.60838073,0.12089573,-0.2599701,-1.6754279,-0.22146817,0.70718604,1.2201014,-1.6315904,1.0397831,-0.5508097,-0.42109054,0.82386214,-0.5869461,-1.1209764,-0.4774627,0.7712033,-0.5547341,-0.05977893,1.4654375,0.4707105,-0.3781963,-0.04148689,-1.2582129,-0.5402981,-0.40294576,1.4935621,0.955127,1.2655376,0.014127277,-0.031018078,-0.24254191,0.24998206,-1.2441527,0.26023898,0.3533031,0.91124713,-0.04051699,-1.1840905,1.719569,0.6012387,0.33844653,-1.0573951,0.36507124,-0.57536393,-1.3837104,-1.0356644,-0.7493636,0.42537883,0.055367783,-1.2199935,-1.3253509,1.002559,-0.37673655,-0.52285004,0.16310963,1.1265051,-1.491192,0.7175025,1.1885763,-0.9512374,-0.57993555,0.6440931,-0.95943457,-0.90438557,-0.6143658,-2.1436431,0.45921853,0.3444427,-0.52080524,-0.2494652,-1.0925462,-0.8433788,-0.113301456,-1.0231676,-0.3665419,-0.5955793,-1.5919316,-0.7266149,0.70523053,-0.28676024,0.8509684,-0.5564414,-0.2815868,0.24307528,-0.6181614,-0.4810523,0.5119254,-0.6685239,-0.2885261,-1.0099376,-0.0058030635,0.67178875,0.55153364,0.22148572,-1.7775074,0.014404222,0.88277364,0.65070003,-1.0445918,-0.519501,-0.5336649,-1.2814314,-1.0957285,0.075123146,0.025009774,-0.03718075,1.5885612,-0.34694976,-1.4863104,-0.64971834,1.8808377,0.42274338,0.8549671,0.31109005,-0.69708776,0.08597785,0.72262627,-2.0044994,-1.9957467,0.44081602,0.67270577,1.1042265,0.62000257,0.3333027,-1.6517619,-0.67260087,-1.5733836,-0.6780105,-0.51977736
115,0.6328827,0.49311727,0.4014614,-0.73917264,0.50674224,0.7348624,-0.60334224,0.121928684,-0.56096387,0.59787655,1.4180313,-0.6087254,-0.6767837,-0.45132536,0.1805024,0.20198281,-0.40549034,0.024618391,-0.5714675,-0.37904793,0.46286148,-0.21835905,1.2945467,0.58417654,-0.77601784,0.7713914,0.20309106,0.65655416,0.61998016,-0.6313356,-0.17345458,-0.27265912,-0.30649686,-0.4832828,0.1560707,1.0643799,-0.34301412,-0.5579296,-0.61075866,0.352012,-0.50376624,-0.6067225,-0.74648035,0.70607066,0.24096178,-0.6671784,0.6489442,-0.57343626,0.41268,0.96676695,-0.15842044,-0.863309,-0.74979043,-0.7540915,0.18647629,-0.0781225,0.8221092,0.53930223,-0.5924487,-0.19438696,-0.14712214,0.6350708,-0.35468405,0.3959207,-0.05736196,0.12996432,0.9828799,0.30526486,0.96102047,-0.35984528,0.9674252,0.52316177,1.0380692,0.94499385,-0.1733833,0.737319,-0.10601598,0.84756756,0.546708,-0.53742516,0.72598475,0.7476266,-0.44665658,-0.39963156,1.321372,-0.36952674,-0.27225512,-0.32353872,0.775165,0.24201222,-0.21261579,-0.19483906,0.4740045,-0.5537703,0.80992734,-0.4185735,-0.8532978,0.22000028,-0.30926055,-0.48308825,-0.67847437,-0.46636546,0.85561985,0.6179039,0.62986094,-0.15065926,0.60032475,0.5151379,-0.09819639,0.1875245,-0.61126566,1.2065223,-0.63563776,1.5230488,-0.44951522,-0.04405886,0.26875442,-0.012187719,0.9296758,-0.45706224,-0.30689645,0.34380546,-0.31114483,-0.17382872,-0.57614815,-0.20705396,-0.44733024,-0.7863831,0.012001564,0.19421877,-1.5823615,-0.3585223,0.4540441,1.2330157,-1.3803813,1.1099976,-0.7241071,-0.14149164,0.93289655,-0.15108217,-0.45890784,-0.73111767,0.9988496,-0.46819577,0.2546165,1.6063411,1.1023517,-1.1107208,0.152915,-1.817174,-0.7305846,-0.7315319,1.3808216,1.0466425,1.2939352,0.022662252,0.065125525,0.06383088,-0.06731679,-1.6085287,0.64052916,0.42090937,0.93382365,-0.18445785,-0.89678895,1.5261742,0.42922786,0.19531874,-0.85007566,0.4185538,-0.899959,-0.84411407,-1.1140429,-0.79365087,0.16828418,0.09824503,-1.8454671,-1.5603999,0.44402158,-0.43830022,-0.26272014,0.16371702,1.0270923,-1.7694238,1.0229183,1.140863,-1.0305853,-0.27733964,-0.00518395,-0.9202472,-0.9110866,0.068965636,-2.0740848,0.06764231,0.016697375,-0.46191892,0.050785087,-1.0100372,-0.9249565,0.4680323,-1.0086992,-0.65502197,-0.31808063,-1.2474067,-0.72301775,0.6688963,0.08397317,0.80132467,-0.1518602,-0.09005702,0.36381254,-0.5023606,-0.17948423,0.9525982,-0.32757926,-0.4160232,-0.5951223,-0.056479022,0.53595144,0.33445257,-0.5070259,-1.3735347,0.08494201,0.58346784,0.98176587,-0.60444045,-0.7881267,-0.62113893,-1.1149334,-1.2724054,0.47619784,0.0039951913,0.16140123,1.6068597,-0.22248645,-1.6103296,-0.56123877,2.0626981,0.18229602,0.7454443,0.5111242,-0.639689,0.39791948,0.41808674,-2.269793,-2.1087112,0.44840723,0.52337146,0.79201233,0.42052755,0.35485032,-1.821038,0.12345359,-1.4462923,-0.62979925,-0.21353292
116,0.6328827,0.49311727,0.4014614,-0.73917264,0.50674224,0.7348624,-0.60334224,0.121928684,-0.56096387,0.59787655,1.4180313,-0.6087254,-0.6767837,-0.45132536,0.1805024,0.20198281,-0.40549034,0.024618391,-0.5714675,-0.37904793,0.46286148,-0.21835905,1.2945467,0.58417654,-0.77601784,0.7713914,0.20309106,0.65655416,0.61998016,-0.6313356,-0.17345458,-0.27265912,-0.30649686,-0.4832828,0.1560707,1.0643799,-0.34301412,-0.5579296,-0.61075866,0.352012,-0.50376624,-0.6067225,-0.74648035,0.70607066,0.24096178,-0.6671784,0.6489442,-0.57343626,0.41268,0.96676695,-0.15842044,-0.863309,-0.74979043,-0.7540915,0.18647629,-0.0781225,0.8221092,0.53930223,-0.5924487,-0.19438696,-0.14712214,0.6350708,-0.35468405,0.3959207,-0.05736196,0.12996432,0.9828799,0.30526486,0.96102047,-0.35984528,0.9674252,0.52316177,1.0380692,0.94499385,-0.1733833,0.737319,-0.10601598,0.84756756,0.546708,-0.53742516,0.72598475,0.7476266,-0.44665658,-0.39963156,1.321372,-0.36952674,-0.27225512,-0.32353872,0.775165,0.24201222,-0.21261579,-0.19483906,0.4740045,-0.5537703,0.80992734,-0.4185735,-0.8532978,0.22000028,-0.30926055,-0.48308825,-0.67847437,-0.46636546,0.85561985,0.6179039,0.62986094,-0.15065926,0.60032475,0.5151379,-0.09819639,0.1875245,-0.61126566,1.2065223,-0.63563776,1.5230488,-0.44951522,-0.04405886,0.26875442,-0.012187719,0.9296758,-0.45706224,-0.30689645,0.34380546,-0.31114483,-0.17382872,-0.57614815,-0.20705396,-0.44733024,-0.7863831,0.012001564,0.19421877,-1.5823615,-0.3585223,0.4540441,1.2330157,-1.3803813,1.1099976,-0.7241071,-0.14149164,0.93289655,-0.15108217,-0.45890784,-0.73111767,0.9988496,-0.46819577,0.2546165,1.6063411,1.1023517,-1.1107208,0.152915,-1.817174,-0.7305846,-0.7315319,1.3808216,1.0466425,1.2939352,0.022662252,0.065125525,0.06383088,-0.06731679,-1.6085287,0.64052916,0.42090937,0.93382365,-0.18445785,-0.89678895,1.5261742,0.42922786,0.19531874,-0.85007566,0.4185538,-0.899959,-0.84411407,-1.1140429,-0.79365087,0.16828418,0.09824503,-1.8454671,-1.5603999,0.44402158,-0.43830022,-0.26272014,0.16371702,1.0270923,-1.7694238,1.0229183,1.140863,-1.0305853,-0.27733964,-0.00518395,-0.9202472,-0.9110866,0.068965636,-2.0740848,0.06764231,0.016697375,-0.46191892,0.050785087,-1.0100372,-0.9249565,0.4680323,-1.0086992,-0.65502197,-0.31808063,-1.2474067,-0.72301775,0.6688963,0.08397317,0.80132467,-0.1518602,-0.09005702,0.36381254,-0.5023606,-0.17948423,0.9525982,-0.32757926,-0.4160232,-0.5951223,-0.056479022,0.53595144,0.33445257,-0.5070259,-1.3735347,0.08494201,0.58346784,0.98176587,-0.60444045,-0.7881267,-0.62113893,-1.1149334,-1.2724054,0.47619784,0.0039951913,0.16140123,1.6068597,-0.22248645,-1.6103296,-0.56123877,2.0626981,0.18229602,0.7454443,0.5111242,-0.639689,0.39791948,0.41808674,-2.269793,-2.1087112,0.44840723,0.52337146,0.79201233,0.42052755,0.35485032,-1.821038,0.12345359,-1.4462923,-0.62979925,-0.21353292
117,0.6328827,0.49311727,0.4014614,-0.73917264,0.50674224,0.7348624,-0.60334224,0.121928684,-0.56096387,0.59787655,1.4180313,-0.6087254,-0.6767837,-0.45132536,0.1805024,0.20198281,-0.40549034,0.024618391,-0.5714675,-0.37904793,0.46286148,-0.21835905,1.2945467,0.58417654,-0.77601784,0.7713914,0.20309106,0.65655416,0.61998016,-0.6313356,-0.17345458,-0.27265912,-0.30649686,-0.4832828,0.1560707,1.0643799,-0.34301412,-0.5579296,-0.61075866,0.352012,-0.50376624,-0.6067225,-0.74648035,0.70607066,0.24096178,-0.6671784,0.6489442,-0.57343626,0.41268,0.96676695,-0.15842044,-0.863309,-0.74979043,-0.7540915,0.18647629,-0.0781225,0.8221092,0.53930223,-0.5924487,-0.19438696,-0.14712214,0.6350708,-0.35468405,0.3959207,-0.05736196,0.12996432,0.9828799,0.30526486,0.96102047,-0.35984528,0.9674252,0.52316177,1.0380692,0.94499385,-0.1733833,0.737319,-0.10601598,0.84756756,0.546708,-0.53742516,0.72598475,0.7476266,-0.44665658,-0.39963156,1.321372,-0.36952674,-0.27225512,-0.32353872,0.775165,0.24201222,-0.21261579,-0.19483906,0.4740045,-0.5537703,0.80992734,-0.4185735,-0.8532978,0.22000028,-0.30926055,-0.48308825,-0.67847437,-0.46636546,0.85561985,0.6179039,0.62986094,-0.15065926,0.60032475,0.5151379,-0.09819639,0.1875245,-0.61126566,1.2065223,-0.63563776,1.5230488,-0.44951522,-0.04405886,0.26875442,-0.012187719,0.9296758,-0.45706224,-0.30689645,0.34380546,-0.31114483,-0.17382872,-0.57614815,-0.20705396,-0.44733024,-0.7863831,0.012001564,0.19421877,-1.5823615,-0.3585223,0.4540441,1.2330157,-1.3803813,1.1099976,-0.7241071,-0.14149164,0.93289655,-0.15108217,-0.45890784,-0.73111767,0.9988496,-0.46819577,0.2546165,1.6063411,1.1023517,-1.1107208,0.152915,-1.817174,-0.7305846,-0.7315319,1.3808216,1.0466425,1.2939352,0.022662252,0.065125525,0.06383088,-0.06731679,-1.6085287,0.64052916,0.42090937,0.93382365,-0.18445785,-0.89678895,1.5261742,0.42922786,0.19531874,-0.85007566,0.4185538,-0.899959,-0.84411407,-1.1140429,-0.79365087,0.16828418,0.09824503,-1.8454671,-1.5603999,0.44402158,-0.43830022,-0.26272014,0.16371702,1.0270923,-1.7694238,1.0229183,1.140863,-1.0305853,-0.27733964,-0.00518395,-0.9202472,-0.9110866,0.068965636,-2.0740848,0.06764231,0.016697375,-0.46191892,0.050785087,-1.0100372,-0.9249565,0.4680323,-1.0086992,-0.65502197,-0.31808063,-1.2474067,-0.72301775,0.6688963,0.08397317,0.80132467,-0.1518602,-0.09005702,0.36381254,-0.5023606,-0.17948423,0.9525982,-0.32757926,-0.4160232,-0.5951223,-0.056479022,0.53595144,0.33445257,-0.5070259,-1.3735347,0.08494201,0.58346784,0.98176587,-0.60444045,-0.7881267,-0.62113893,-1.1149334,-1.2724054,0.47619784,0.0039951913,0.16140123,1.6068597,-0.22248645,-1.6103296,-0.56123877,2.0626981,0.18229602,0.7454443,0.5111242,-0.639689,0.39791948,0.41808674,-2.269793,-2.1087112,0.44840723,0.52337146,0.79201233,0.42052755,0.35485032,-1.821038,0.12345359,-1.4462923,-0.62979925,-0.21353292
118,0.6328827,0.49311727,0.4014614,-0.73917264,0.50674224,0.7348624,-0.60334224,0.121928684,-0.56096387,0.59787655,1.4180313,-0.6087254,-0.6767837,-0.45132536,0.1805024,0.20198281,-0.40549034,0.024618391,-0.5714675,-0.37904793,0.46286148,-0.21835905,1.2945467,0.58417654,-0.77601784,0.7713914,0.20309106,0.65655416,0.61998016,-0.6313356,-0.17345458,-0.27265912,-0.30649686,-0.4832828,0.1560707,1.0643799,-0.34301412,-0.5579296,-0.61075866,0.352012,-0.50376624,-0.6067225,-0.74648035,0.70607066,0.24096178,-0.6671784,0.6489442,-0.57343626,0.41268,0.96676695,-0.15842044,-0.863309,-0.74979043,-0.7540915,0.18647629,-0.0781225,0.8221092,0.53930223,-0.5924487,-0.19438696,-0.14712214,0.6350708,-0.35468405,0.3959207,-0.05736196,0.12996432,0.9828799,0.30526486,0.96102047,-0.35984528,0.9674252,0.52316177,1.0380692,0.94499385,-0.1733833,0.737319,-0.10601598,0.84756756,0.546708,-0.53742516,0.72598475,0.7476266,-0.44665658,-0.39963156,1.321372,-0.36952674,-0.27225512,-0.32353872,0.775165,0.24201222,-0.21261579,-0.19483906,0.4740045,-0.5537703,0.80992734,-0.4185735,-0.8532978,0.22000028,-0.30926055,-0.48308825,-0.67847437,-0.46636546,0.85561985,0.6179039,0.62986094,-0.15065926,0.60032475,0.5151379,-0.09819639,0.1875245,-0.61126566,1.2065223,-0.63563776,1.5230488,-0.44951522,-0.04405886,0.26875442,-0.012187719,0.9296758,-0.45706224,-0.30689645,0.34380546,-0.31114483,-0.17382872,-0.57614815,-0.20705396,-0.44733024,-0.7863831,0.012001564,0.19421877,-1.5823615,-0.3585223,0.4540441,1.2330157,-1.3803813,1.1099976,-0.7241071,-0.14149164,0.93289655,-0.15108217,-0.45890784,-0.73111767,0.9988496,-0.46819577,0.2546165,1.6063411,1.1023517,-1.1107208,0.152915,-1.817174,-0.7305846,-0.7315319,1.3808216,1.0466425,1.2939352,0.022662252,0.065125525,0.06383088,-0.06731679,-1.6085287,0.64052916,0.42090937,0.93382365,-0.18445785,-0.89678895,1.5261742,0.42922786,0.19531874,-0.85007566,0.4185538,-0.899959,-0.84411407,-1.1140429,-0.79365087,0.16828418,0.09824503,-1.8454671,-1.5603999,0.44402158,-0.43830022,-0.26272014,0.16371702,1.0270923,-1.7694238,1.0229183,1.140863,-1.0305853,-0.27733964,-0.00518395,-0.9202472,-0.9110866,0.068965636,-2.0740848,0.06764231,0.016697375,-0.46191892,0.050785087,-1.0100372,-0.9249565,0.4680323,-1.0086992,-0.65502197,-0.31808063,-1.2474067,-0.72301775,0.6688963,0.08397317,0.80132467,-0.1518602,-0.09005702,0.36381254,-0.5023606,-0.17948423,0.9525982,-0.32757926,-0.4160232,-0.5951223,-0.056479022,0.53595144,0.33445257,-0.5070259,-1.3735347,0.08494201,0.58346784,0.98176587,-0.60444045,-0.7881267,-0.62113893,-1.1149334,-1.2724054,0.47619784,0.0039951913,0.16140123,1.6068597,-0.22248645,-1.6103296,-0.56123877,2.0626981,0.18229602,0.7454443,0.5111242,-0.639689,0.39791948,0.41808674,-2.269793,-2.1087112,0.44840723,0.52337146,0.79201233,0.42052755,0.35485032,-1.821038,0.12345359,-1.4462923,-0.62979925,-0.21353292
119,0.6328827,0.49311727,0.4014614,-0.73917264,0.50674224,0.7348624,-0.60334224,0.121928684,-0.56096387,0.59787655,1.4180313,-0.6087254,-0.6767837,-0.45132536,0.1805024,0.20198281,-0.40549034,0.024618391,-0.5714675,-0.37904793,0.46286148,-0.21835905,1.2945467,0.58417654,-0.77601784,0.7713914,0.20309106,0.65655416,0.61998016,-0.6313356,-0.17345458,-0.27265912,-0.30649686,-0.4832828,0.1560707,1.0643799,-0.34301412,-0.5579296,-0.61075866,0.352012,-0.50376624,-0.6067225,-0.74648035,0.70607066,0.24096178,-0.6671784,0.6489442,-0.57343626,0.41268,0.96676695,-0.15842044,-0.863309,-0.74979043,-0.7540915,0.18647629,-0.0781225,0.8221092,0.53930223,-0.5924487,-0.19438696,-0.14712214,0.6350708,-0.35468405,0.3959207,-0.05736196,0.12996432,0.9828799,0.30526486,0.96102047,-0.35984528,0.9674252,0.52316177,1.0380692,0.94499385,-0.1733833,0.737319,-0.10601598,0.84756756,0.546708,-0.53742516,0.72598475,0.7476266,-0.44665658,-0.39963156,1.321372,-0.36952674,-0.27225512,-0.32353872,0.775165,0.24201222,-0.21261579,-0.19483906,0.4740045,-0.5537703,0.80992734,-0.4185735,-0.8532978,0.22000028,-0.30926055,-0.48308825,-0.67847437,-0.46636546,0.85561985,0.6179039,0.62986094,-0.15065926,0.60032475,0.5151379,-0.09819639,0.1875245,-0.61126566,1.2065223,-0.63563776,1.5230488,-0.44951522,-0.04405886,0.26875442,-0.012187719,0.9296758,-0.45706224,-0.30689645,0.34380546,-0.31114483,-0.17382872,-0.57614815,-0.20705396,-0.44733024,-0.7863831,0.012001564,0.19421877,-1.5823615,-0.3585223,0.4540441,1.2330157,-1.3803813,1.1099976,-0.7241071,-0.14149164,0.93289655,-0.15108217,-0.45890784,-0.73111767,0.9988496,-0.46819577,0.2546165,1.6063411,1.1023517,-1.1107208,0.152915,-1.817174,-0.7305846,-0.7315319,1.3808216,1.0466425,1.2939352,0.022662252,0.065125525,0.06383088,-0.06731679,-1.6085287,0.64052916,0.42090937,0.93382365,-0.18445785,-0.89678895,1.5261742,0.42922786,0.19531874,-0.85007566,0.4185538,-0.899959,-0.84411407,-1.1140429,-0.79365087,0.16828418,0.09824503,-1.8454671,-1.5603999,0.44402158,-0.43830022,-0.26272014,0.16371702,1.0270923,-1.7694238,1.0229183,1.140863,-1.0305853,-0.27733964,-0.00518395,-0.9202472,-0.9110866,0.068965636,-2.0740848,0.06764231,0.016697375,-0.46191892,0.050785087,-1.0100372,-0.9249565,0.4680323,-1.0086992,-0.65502197,-0.31808063,-1.2474067,-0.72301775,0.6688963,0.08397317,0.80132467,-0.1518602,-0.09005702,0.36381254,-0.5023606,-0.17948423,0.9525982,-0.32757926,-0.4160232,-0.5951223,-0.056479022,0.53595144,0.33445257,-0.5070259,-1.3735347,0.08494201,0.58346784,0.98176587,-0.60444045,-0.7881267,-0.62113893,-1.1149334,-1.2724054,0.47619784,0.0039951913,0.16140123,1.6068597,-0.22248645,-1.6103296,-0.56123877,2.0626981,0.18229602,0.7454443,0.5111242,-0.639689,0.39791948,0.41808674,-2.269793,-2.1087112,0.44840723,0.52337146,0.79201233,0.42052755,0.35485032,-1.821038,0.12345359,-1.4462923,-0.62979925,-0.21353292
120,0.45257798,0.16495337,0.105221674,-0.58871496,0.23690453,0.52874416,-0.45658904,-0.13121587,-0.2213822,0.52075106,0.8121052,-0.31151342,-0.57447886,-0.2618422,0.41511178,0.021194829,-0.24374568,0.19777831,-0.18774223,-0.42677718,0.08917516,0.0068457415,0.73630536,0.09073352,-0.4897573,0.39165425,-0.13466585,0.021112911,0.16219357,-0.4374779,0.11932509,-0.47968996,0.023636173,-0.2307058,0.15069312,0.5692571,-0.38471872,-0.2402597,-0.53538346,0.2492902,-0.3973977,-0.19776309,-0.6083182,0.42920345,0.15821105,-0.52875,0.35826987,-0.39820004,0.38383967,0.572168,-0.071024776,-0.74942195,-0.30062914,-0.6064409,0.36003238,0.35252312,0.6362605,0.25341108,-0.4842537,-0.15443319,-0.055099368,0.35134465,-0.27630395,0.40305614,-0.027790248,0.71561897,0.38863626,0.14786428,0.57594514,-0.30148864,0.6049291,0.27072212,0.6037392,0.58314824,0.53804016,0.25799713,-0.103854954,0.7266128,0.73467225,-0.3691411,0.49980232,0.54513574,-0.39966226,-0.101103604,0.73416036,-0.1630702,-0.19380718,-0.10484302,0.6695213,0.16863342,0.09551017,-0.0888505,0.3072643,-0.35557282,0.6175951,-0.04458481,-0.6026499,-0.2841422,-0.27812296,-0.31859577,-0.5085107,-0.21731299,0.6884897,0.23220927,0.36824763,0.018494284,0.41252935,0.5552696,-0.07678497,0.17193952,-0.54507864,0.7180456,-0.45224106,0.76842475,-0.44279116,-0.13963556,-0.014129043,0.13475496,0.20450646,-0.07056099,0.010585164,0.27248213,-0.15844613,-0.13004756,-0.30871892,-0.103660226,0.041964028,-0.60838073,0.12089573,-0.2599701,-1.6754279,-0.22146817,0.70718604,1.2201014,-1.6315904,1.0397831,-0.5508097,-0.42109054,0.82386214,-0.5869461,-1.1209764,-0.4774627,0.7712033,-0.5547341,-0.05977893,1.4654375,0.4707105,-0.3781963,-0.04148689,-1.2582129,-0.5402981,-0.40294576,1.4935621,0.955127,1.2655376,0.014127277,-0.031018078,-0.24254191,0.24998206,-1.2441527,0.26023898,0.3533031,0.91124713,-0.04051699,-1.1840905,1.719569,0.6012387,0.33844653,-1.0573951,0.36507124,-0.57536393,-1.3837104,-1.0356644,-0.7493636,0.42537883,0.055367783,-1.2199935,-1.3253509,1.002559,-0.37673655,-0.52285004,0.16310963,1.1265051,-1.491192,0.7175025,1.1885763,-0.9512374,-0.57993555,0.6440931,-0.95943457,-0.90438557,-0.6143658,-2.1436431,0.45921853,0.3444427,-0.52080524,-0.2494652,-1.0925462,-0.8433788,-0.113301456,-1.0231676,-0.3665419,-0.5955793,-1.5919316,-0.7266149,0.70523053,-0.28676024,0.8509684,-0.5564414,-0.2815868,0.24307528,-0.6181614,-0.4810523,0.5119254,-0.6685239,-0.2885261,-1.0099376,-0.0058030635,0.67178875,0.55153364,0.22148572,-1.7775074,0.014404222,0.88277364,0.65070003,-1.0445918,-0.519501,-0.5336649,-1.2814314,-1.0957285,0.075123146,0.025009774,-0.03718075,1.5885612,-0.34694976,-1.4863104,-0.64971834,1.8808377,0.42274338,0.8549671,0.31109005,-0.69708776,0.08597785,0.72262627,-2.0044994,-1.9957467,0.44081602,0.67270577,1.1042265,0.62000257,0.3333027,-1.6517619,-0.67260087,-1.5733836,-0.6780105,-0.51977736
121,0.6328827,0.49311727,0.4014614,-0.73917264,0.50674224,0.7348624,-0.60334224,0.121928684,-0.56096387,0.59787655,1.4180313,-0.6087254,-0.6767837,-0.45132536,0.1805024,0.20198281,-0.40549034,0.024618391,-0.5714675,-0.37904793,0.46286148,-0.21835905,1.2945467,0.58417654,-0.77601784,0.7713914,0.20309106,0.65655416,0.61998016,-0.6313356,-0.17345458,-0.27265912,-0.30649686,-0.4832828,0.1560707,1.0643799,-0.34301412,-0.5579296,-0.61075866,0.352012,-0.50376624,-0.6067225,-0.74648035,0.70607066,0.24096178,-0.6671784,0.6489442,-0.57343626,0.41268,0.96676695,-0.15842044,-0.863309,-0.74979043,-0.7540915,0.18647629,-0.0781225,0.8221092,0.53930223,-0.5924487,-0.19438696,-0.14712214,0.6350708,-0.35468405,0.3959207,-0.05736196,0.12996432,0.9828799,0.30526486,0.96102047,-0.35984528,0.9674252,0.52316177,1.0380692,0.94499385,-0.1733833,0.737319,-0.10601598,0.84756756,0.546708,-0.53742516,0.72598475,0.7476266,-0.44665658,-0.39963156,1.321372,-0.36952674,-0.27225512,-0.32353872,0.775165,0.24201222,-0.21261579,-0.19483906,0.4740045,-0.5537703,0.80992734,-0.4185735,-0.8532978,0.22000028,-0.30926055,-0.48308825,-0.67847437,-0.46636546,0.85561985,0.6179039,0.62986094,-0.15065926,0.60032475,0.5151379,-0.09819639,0.1875245,-0.61126566,1.2065223,-0.63563776,1.5230488,-0.44951522,-0.04405886,0.26875442,-0.012187719,0.9296758,-0.45706224,-0.30689645,0.34380546,-0.31114483,-0.17382872,-0.57614815,-0.20705396,-0.44733024,-0.7863831,0.012001564,0.19421877,-1.5823615,-0.3585223,0.4540441,1.2330157,-1.3803813,1.1099976,-0.7241071,-0.14149164,0.93289655,-0.15108217,-0.45890784,-0.73111767,0.9988496,-0.46819577,0.2546165,1.6063411,1.1023517,-1.1107208,0.152915,-1.817174,-0.7305846,-0.7315319,1.3808216,1.0466425,1.2939352,0.022662252,0.065125525,0.06383088,-0.06731679,-1.6085287,0.64052916,0.42090937,0.93382365,-0.18445785,-0.89678895,1.5261742,0.42922786,0.19531874,-0.85007566,0.4185538,-0.899959,-0.84411407,-1.1140429,-0.79365087,0.16828418,0.09824503,-1.8454671,-1.5603999,0.44402158,-0.43830022,-0.26272014,0.16371702,1.0270923,-1.7694238,1.0229183,1.140863,-1.0305853,-0.27733964,-0.00518395,-0.9202472,-0.9110866,0.068965636,-2.0740848,0.06764231,0.016697375,-0.46191892,0.050785087,-1.0100372,-0.9249565,0.4680323,-1.0086992,-0.65502197,-0.31808063,-1.2474067,-0.72301775,0.6688963,0.08397317,0.80132467,-0.1518602,-0.09005702,0.36381254,-0.5023606,-0.17948423,0.9525982,-0.32757926,-0.4160232,-0.5951223,-0.056479022,0.53595144,0.33445257,-0.5070259,-1.3735347,0.08494201,0.58346784,0.98176587,-0.60444045,-0.7881267,-0.62113893,-1.1149334,-1.2724054,0.47619784,0.0039951913,0.16140123,1.6068597,-0.22248645,-1.6103296,-0.56123877,2.0626981,0.18229602,0.7454443,0.5111242,-0.639689,0.39791948,0.41808674,-2.269793,-2.1087112,0.44840723,0.52337146,0.79201233,0.42052755,0.35485032,-1.821038,0.12345359,-1.4462923,-0.62979925,-0.21353292
122,0.6328827,0.49311727,0.4014614,-0.73917264,0.50674224,0.7348624,-0.60334224,0.121928684,-0.56096387,0.59787655,1.4180313,-0.6087254,-0.6767837,-0.45132536,0.1805024,0.20198281,-0.40549034,0.024618391,-0.5714675,-0.37904793,0.46286148,-0.21835905,1.2945467,0.58417654,-0.77601784,0.7713914,0.20309106,0.65655416,0.61998016,-0.6313356,-0.17345458,-0.27265912,-0.30649686,-0.4832828,0.1560707,1.0643799,-0.34301412,-0.5579296,-0.61075866,0.352012,-0.50376624,-0.6067225,-0.74648035,0.70607066,0.24096178,-0.6671784,0.6489442,-0.57343626,0.41268,0.96676695,-0.15842044,-0.863309,-0.74979043,-0.7540915,0.18647629,-0.0781225,0.8221092,0.53930223,-0.5924487,-0.19438696,-0.14712214,0.6350708,-0.35468405,0.3959207,-0.05736196,0.12996432,0.9828799,0.30526486,0.96102047,-0.35984528,0.9674252,0.52316177,1.0380692,0.94499385,-0.1733833,0.737319,-0.10601598,0.84756756,0.546708,-0.53742516,0.72598475,0.7476266,-0.44665658,-0.39963156,1.321372,-0.36952674,-0.27225512,-0.32353872,0.775165,0.24201222,-0.21261579,-0.19483906,0.4740045,-0.5537703,0.80992734,-0.4185735,-0.8532978,0.22000028,-0.30926055,-0.48308825,-0.67847437,-0.46636546,0.85561985,0.6179039,0.62986094,-0.15065926,0.60032475,0.5151379,-0.09819639,0.1875245,-0.61126566,1.2065223,-0.63563776,1.5230488,-0.44951522,-0.04405886,0.26875442,-0.012187719,0.9296758,-0.45706224,-0.30689645,0.34380546,-0.31114483,-0.17382872,-0.57614815,-0.20705396,-0.44733024,-0.7863831,0.012001564,0.19421877,-1.5823615,-0.3585223,0.4540441,1.2330157,-1.3803813,1.1099976,-0.7241071,-0.14149164,0.93289655,-0.15108217,-0.45890784,-0.73111767,0.9988496,-0.46819577,0.2546165,1.6063411,1.1023517,-1.1107208,0.152915,-1.817174,-0.7305846,-0.7315319,1.3808216,1.0466425,1.2939352,0.022662252,0.065125525,0.06383088,-0.06731679,-1.6085287,0.64052916,0.42090937,0.93382365,-0.18445785,-0.89678895,1.5261742,0.42922786,0.19531874,-0.85007566,0.4185538,-0.899959,-0.84411407,-1.1140429,-0.79365087,0.16828418,0.09824503,-1.8454671,-1.5603999,0.44402158,-0.43830022,-0.26272014,0.16371702,1.0270923,-1.7694238,1.0229183,1.140863,-1.0305853,-0.27733964,-0.00518395,-0.9202472,-0.9110866,0.068965636,-2.0740848,0.06764231,0.016697375,-0.46191892,0.050785087,-1.0100372,-0.9249565,0.4680323,-1.0086992,-0.65502197,-0.31808063,-1.2474067,-0.72301775,0.6688963,0.08397317,0.80132467,-0.1518602,-0.09005702,0.36381254,-0.5023606,-0.17948423,0.9525982,-0.32757926,-0.4160232,-0.5951223,-0.056479022,0.53595144,0.33445257,-0.5070259,-1.3735347,0.08494201,0.58346784,0.98176587,-0.60444045,-0.7881267,-0.62113893,-1.1149334,-1.2724054,0.47619784,0.0039951913,0.16140123,1.6068597,-0.22248645,-1.6103296,-0.56123877,2.0626981,0.18229602,0.7454443,0.5111242,-0.639689,0.39791948,0.41808674,-2.269793,-2.1087112,0.44840723,0.52337146,0.79201233,0.42052755,0.35485032,-1.821038,0.12345359,-1.4462923,-0.62979925,-0.21353292
123,0.19685446,0.13161384,0.017959435,-0.43270844,0.1887556,0.3634893,-0.34735298,-0.06787497,-0.13459706,0.338322,0.54495394,-0.18680137,-0.42999375,-0.18244183,0.31342492,0.040473856,-0.10960877,0.1494739,-0.1326595,-0.29497868,0.090354964,-0.031216085,0.44929987,0.06242035,-0.39400256,0.22953758,-0.10351908,0.06929555,0.10737696,-0.31938607,0.021939306,-0.39260846,0.008801006,-0.13710433,0.086385556,0.39608985,-0.23657596,-0.1585952,-0.40836203,0.1779954,-0.2689116,-0.13883418,-0.4538017,0.3293772,0.084826246,-0.4032159,0.24924853,-0.2663386,0.24634457,0.30224445,-0.043830812,-0.59897566,-0.2234301,-0.45657516,0.29924786,0.24582666,0.4157931,0.16712971,-0.35515547,-0.04226768,-0.036569238,0.23645382,-0.20631427,0.271619,-0.018872142,0.51842916,0.24923559,0.049957816,0.37775582,-0.21757811,0.42076993,0.18105972,0.37241665,0.37489998,0.35195586,0.15182748,0.019484518,0.44769332,0.533525,-0.2830345,0.3229342,0.378137,-0.29994702,-0.06707376,0.497951,-0.15515369,-0.15576673,-0.03975892,0.44967926,0.08902671,0.045087606,-0.05376649,0.18166631,-0.24289972,0.42455482,-0.032450497,-0.45333767,-0.22132373,-0.19229048,-0.21549398,-0.37580836,-0.14288276,0.45405805,0.12695439,0.21086657,0.01898989,0.27230155,0.35858026,-0.046161413,0.044523228,-0.38502526,0.43424833,-0.31330717,0.53397274,-0.368679,-0.154064,-0.03926003,0.14740892,0.105819136,-0.09844875,-0.010886252,0.24630009,-0.101169586,-0.0565148,-0.17370254,-0.14818352,-0.028983653,-0.47901958,0.025781456,-0.76847106,-0.72477067,-0.15949078,0.2337994,0.68517864,-1.0380852,0.2503741,-0.20684536,-0.21012029,0.5721234,0.21534263,-0.13887113,-0.58376396,0.6311241,-0.29661465,0.37041658,1.21681,0.3247853,0.26283577,0.029651932,-0.92057675,-0.4055954,-0.392786,0.67979336,0.68935454,0.7899999,0.3604184,-0.067994535,-0.034227002,-0.07700937,-0.55531394,0.24548945,0.40197277,0.25770503,0.30941966,-0.28893965,1.1171174,0.56285757,0.081077315,-0.33083555,-0.08730933,-0.55134314,-0.8406826,-0.19635625,-0.61843646,0.36290762,-0.24329965,-0.9403613,-0.46980983,-0.045292087,-0.12501684,-0.71762973,0.6028873,0.28017813,-0.8126911,0.6330411,0.22516419,-0.22223018,-0.4275627,-0.09920183,-1.2182593,-0.5567262,-0.49272096,-0.8142236,0.4746453,0.0011201408,-0.7896613,0.6327988,-0.12673636,0.099508286,0.28397813,-0.39914826,-0.8885586,-0.43253133,-0.46996307,-0.34716803,0.551364,-0.48610938,0.46249616,0.33629486,-0.21439385,0.10326982,-0.60001856,-0.06022202,0.542216,-0.42811117,-0.37277454,-0.25347877,-0.1769254,0.7239809,0.6110956,-0.3088738,-0.63041383,0.15915549,0.8742356,0.48075083,-0.05213906,-1.127183,-0.696566,-1.3082336,-0.58820486,0.48020938,0.6015516,-0.036762573,0.8411754,-0.5999388,-0.5405704,-1.0487422,0.70153344,0.2224711,0.4674975,0.362213,-0.8253964,0.48278305,0.6145699,-1.4859153,-1.1803867,0.07612428,-0.013569249,0.57708144,0.5303911,0.47805533,-0.8043297,0.19604126,-0.7551475,-0.3486982,-0.1356366
124,0.115247324,0.06029565,0.025537936,-0.21137607,0.10009378,0.053122994,-0.17255789,-0.049171567,-0.116457105,0.14401686,0.26643345,-0.111608446,-0.23231554,-0.11854744,0.14484371,0.014361674,-0.00085151196,0.030012738,-0.08003706,-0.14033717,0.04519665,-0.06989914,0.23882966,0.030588247,-0.18447846,0.15208632,0.001514137,0.09852049,0.055669643,-0.18619561,-0.042214453,-0.19107652,-0.03499931,-0.09650397,0.039068528,0.17019376,-0.13613105,-0.12272209,-0.18122005,0.08688244,-0.1448704,-0.076811254,-0.24237019,0.057653464,0.06868291,-0.23540998,0.09676928,-0.08848995,0.054697,0.19051622,0.0029581531,-0.31012344,-0.17986983,-0.23020804,0.1088604,0.094314985,0.18700218,0.10340627,-0.12983596,-0.046676636,-0.01148957,0.08157626,-0.09235203,0.13683745,0.0002206683,0.09294723,0.17214555,0.04824521,0.13996132,-0.14975572,0.17090484,0.036163703,0.16639459,0.24537271,0.08658551,0.08042516,-0.0483796,0.22452062,0.19400294,-0.09930736,0.18998146,0.17661133,-0.111265,-0.04078704,0.23971006,-0.06147182,-0.072560966,-0.016173542,0.20966661,0.060722433,0.017766401,-0.04104203,0.09650107,-0.14148843,0.15620431,-0.028509438,-0.27872843,-0.022585928,-0.062402487,-0.17344332,-0.21466327,-0.10115039,0.14934936,0.09984516,0.1111005,0.017081175,0.09417959,0.15662849,-0.02724582,0.029006766,-0.13301617,0.20721364,-0.19181156,0.2245874,-0.17707181,0.027273089,-0.068939984,-0.025599003,0.16579011,-0.07851738,-0.027377963,0.05367336,-0.040684998,-0.02701962,-0.12798959,-0.04917878,-0.060494304,-0.18861192,-0.12852515,-0.3250634,-0.53294235,-0.3295083,0.1494137,0.36877024,-0.69186836,0.27158815,-0.042087186,-0.1267456,0.3727738,0.07837162,-0.07093817,-0.51769084,0.33323753,-0.1913258,0.32782018,0.8496932,0.16266242,0.058048163,-0.20477436,-0.5620788,-0.3706596,-0.41567892,0.4654789,0.4365187,0.43886322,0.19440575,-0.09296438,-0.10954944,-0.3427511,-0.73446673,0.19580747,0.028999895,0.20476635,0.20656036,-0.20315376,0.5459229,0.48661324,-0.04887313,-0.28211367,0.121713325,-0.25803658,-0.43446383,-0.060623694,-0.25148606,0.06931605,-0.2992966,-0.8301898,-0.18628728,-0.059155516,-0.057642978,-0.59255135,0.3178375,0.36835286,-0.74255055,0.6317977,0.15743765,-0.12761015,-0.2501641,-0.11478831,-0.78558356,-0.4717539,-0.12669323,-0.6321362,0.47202936,-0.17099269,-0.13506615,0.35773763,-0.29286185,-0.01898704,0.4525681,-0.36516434,-0.40096235,-0.37554508,-0.12879291,-0.5657248,0.5076038,-0.16852966,0.26559407,0.028868902,-0.048460335,0.029216789,-0.22978151,0.048503015,0.17468542,-0.25361845,-0.29448417,-0.018732825,0.3061779,0.41408378,0.38612613,-0.28966,-0.53727925,0.015593227,0.5299713,0.30958205,-0.21187513,-0.51517516,-0.44445065,-0.9389587,-0.41337162,0.4235857,0.34426203,0.3597606,0.37549654,-0.2772866,-0.44280466,-0.47429574,0.49049926,0.07154014,0.09581564,0.27440676,-0.3190995,0.33814088,0.2067673,-1.1221766,-0.56588656,0.072947085,0.038616363,0.6084324,0.5598826,0.033683248,-0.50007355,0.18620357,-0.6579128,-0.15771933,-0.18729487
125,0.6963749,0.50644594,0.437934,-0.7412611,0.48906472,0.70312345,-0.60325927,0.12005235,-0.5862218,0.61100274,1.4236139,-0.6270926,-0.67947537,-0.46540356,0.10457399,0.19311698,-0.42974913,-0.00020599365,-0.59385574,-0.36309218,0.48768294,-0.21609777,1.3354067,0.6397651,-0.7743203,0.79220587,0.2568772,0.6846148,0.62242424,-0.6292934,-0.17006099,-0.17896438,-0.3389008,-0.49879086,0.14185463,1.0728892,-0.36166048,-0.57815397,-0.61361414,0.3425103,-0.5042516,-0.63408256,-0.7488537,0.6898337,0.25115648,-0.67239124,0.67494154,-0.5871098,0.40074605,1.0270381,-0.16952235,-0.8630223,-0.7675625,-0.758939,0.11036646,-0.12305945,0.8093244,0.5603541,-0.58038616,-0.21566552,-0.15713185,0.6481197,-0.34592897,0.385301,-0.047407687,0.003986556,1.0454936,0.3618377,0.95248884,-0.35190105,0.9434544,0.52531695,1.0713439,0.976468,-0.24178284,0.77750087,-0.14087129,0.87149143,0.4960737,-0.5259104,0.74252504,0.71635365,-0.43738914,-0.42492956,1.3302739,-0.35703254,-0.23599786,-0.3445812,0.7412821,0.2614913,-0.24928021,-0.19003367,0.50467783,-0.56389046,0.8028996,-0.4409737,-0.8624314,0.30447364,-0.28149313,-0.4965765,-0.6820009,-0.4842692,0.8504989,0.6538959,0.6781881,-0.15844685,0.6031498,0.49523586,-0.10729492,0.23090738,-0.60620844,1.2564288,-0.6457622,1.5274904,-0.4156279,0.030208342,0.31434476,-0.060676396,1.0352076,-0.46194565,-0.3253836,0.31827432,-0.31927353,-0.18346351,-0.6073068,-0.1673274,-0.46808952,-0.7864762,-0.2921332,-0.60777235,-0.3016862,-0.13154319,1.633458,2.286007,-1.6064556,0.31073424,0.8421908,-1.4907851,1.7358922,-0.12776849,-0.42548817,-3.327165,1.5963684,-0.8237171,1.3789858,4.076952,1.5647748,1.178154,-1.2193732,-0.6960829,-3.049759,-1.2283275,-0.13705577,2.6962848,2.987954,0.90939015,-1.2028068,-0.9470651,-1.9695561,-1.7047064,0.6531113,0.6852079,-0.16915715,1.6390631,1.653579,2.328595,2.957743,-1.0269651,-1.4979239,-0.47746214,-1.962206,-1.5919974,-0.36454785,-0.7793983,-0.66100067,-1.448816,-3.0416303,-0.6686348,-1.7859672,1.0003039,-3.4562714,1.5433983,0.3383922,-1.8067815,1.5216775,0.20619288,-0.45003843,-0.35971168,-2.823629,-2.113787,0.48187426,-1.1701148,-1.8017316,2.9465249,-0.73370725,-0.13288718,2.2945693,-0.97588706,1.0013628,2.8346822,-0.80821097,-1.0905161,-0.7456946,-0.03284143,-2.1228108,1.6495993,-1.2562983,1.5861703,1.8695445,0.79759216,-0.4428325,-2.1251364,-0.5336228,0.026950207,-0.14913589,-0.2310167,0.6722152,1.0557669,1.8635821,2.165711,-1.6708841,-1.9547894,1.698403,2.7954946,-0.13365145,-0.1559338,-2.0584092,-2.325334,-2.9178553,1.0222557,1.7265967,2.007151,1.650785,0.63327414,-1.9661832,-1.9322474,-1.5904274,2.466051,0.4714324,0.12064482,1.4665644,-0.66158044,2.7214072,1.595145,-3.117781,-2.3197525,-0.19776456,-1.6574444,1.7090545,2.464808,-1.1771657,-1.9033982,1.4914297,-1.3534919,-0.60398346,-0.058002755
126,0.6963749,0.50644594,0.437934,-0.7412611,0.48906472,0.70312345,-0.60325927,0.12005235,-0.5862218,0.61100274,1.4236139,-0.6270926,-0.67947537,-0.46540356,0.10457399,0.19311698,-0.42974913,-0.00020599365,-0.59385574,-0.36309218,0.48768294,-0.21609777,1.3354067,0.6397651,-0.7743203,0.79220587,0.2568772,0.6846148,0.62242424,-0.6292934,-0.17006099,-0.17896438,-0.3389008,-0.49879086,0.14185463,1.0728892,-0.36166048,-0.57815397,-0.61361414,0.3425103,-0.5042516,-0.63408256,-0.7488537,0.6898337,0.25115648,-0.67239124,0.67494154,-0.5871098,0.40074605,1.0270381,-0.16952235,-0.8630223,-0.7675625,-0.758939,0.11036646,-0.12305945,0.8093244,0.5603541,-0.58038616,-0.21566552,-0.15713185,0.6481197,-0.34592897,0.385301,-0.047407687,0.003986556,1.0454936,0.3618377,0.95248884,-0.35190105,0.9434544,0.52531695,1.0713439,0.976468,-0.24178284,0.77750087,-0.14087129,0.87149143,0.4960737,-0.5259104,0.74252504,0.71635365,-0.43738914,-0.42492956,1.3302739,-0.35703254,-0.23599786,-0.3445812,0.7412821,0.2614913,-0.24928021,-0.19003367,0.50467783,-0.56389046,0.8028996,-0.4409737,-0.8624314,0.30447364,-0.28149313,-0.4965765,-0.6820009,-0.4842692,0.8504989,0.6538959,0.6781881,-0.15844685,0.6031498,0.49523586,-0.10729492,0.23090738,-0.60620844,1.2564288,-0.6457622,1.5274904,-0.4156279,0.030208342,0.31434476,-0.060676396,1.0352076,-0.46194565,-0.3253836,0.31827432,-0.31927353,-0.18346351,-0.6073068,-0.1673274,-0.46808952,-0.7864762,-0.2921332,-0.60777235,-0.3016862,-0.13154319,1.633458,2.286007,-1.6064556,0.31073424,0.8421908,-1.4907851,1.7358922,-0.12776849,-0.42548817,-3.327165,1.5963684,-0.8237171,1.3789858,4.076952,1.5647748,1.178154,-1.2193732,-0.6960829,-3.049759,-1.2283275,-0.13705577,2.6962848,2.987954,0.90939015,-1.2028068,-0.9470651,-1.9695561,-1.7047064,0.6531113,0.6852079,-0.16915715,1.6390631,1.653579,2.328595,2.957743,-1.0269651,-1.4979239,-0.47746214,-1.962206,-1.5919974,-0.36454785,-0.7793983,-0.66100067,-1.448816,-3.0416303,-0.6686348,-1.7859672,1.0003039,-3.4562714,1.5433983,0.3383922,-1.8067815,1.5216775,0.20619288,-0.45003843,-0.35971168,-2.823629,-2.113787,0.48187426,-1.1701148,-1.8017316,2.9465249,-0.73370725,-0.13288718,2.2945693,-0.97588706,1.0013628,2.8346822,-0.80821097,-1.0905161,-0.7456946,-0.03284143,-2.1228108,1.6495993,-1.2562983,1.5861703,1.8695445,0.79759216,-0.4428325,-2.1251364,-0.5336228,0.026950207,-0.14913589,-0.2310167,0.6722152,1.0557669,1.8635821,2.165711,-1.6708841,-1.9547894,1.698403,2.7954946,-0.13365145,-0.1559338,-2.0584092,-2.325334,-2.9178553,1.0222557,1.7265967,2.007151,1.650785,0.63327414,-1.9661832,-1.9322474,-1.5904274,2.466051,0.4714324,0.12064482,1.4665644,-0.66158044,2.7214072,1.595145,-3.117781,-2.3197525,-0.19776456,-1.6574444,1.7090545,2.464808,-1.1771657,-1.9033982,1.4914297,-1.3534919,-0.60398346,-0.058002755
127,0.6963749,0.50644594,0.437934,-0.7412611,0.48906472,0.70312345,-0.60325927,0.12005235,-0.5862218,0.61100274,1.4236139,-0.6270926,-0.67947537,-0.46540356,0.10457399,0.19311698,-0.42974913,-0.00020599365,-0.59385574,-0.36309218,0.48768294,-0.21609777,1.3354067,0.6397651,-0.7743203,0.79220587,0.2568772,0.6846148,0.62242424,-0.6292934,-0.17006099,-0.17896438,-0.3389008,-0.49879086,0.14185463,1.0728892,-0.36166048,-0.57815397,-0.61361414,0.3425103,-0.5042516,-0.63408256,-0.7488537,0.6898337,0.25115648,-0.67239124,0.67494154,-0.5871098,0.40074605,1.0270381,-0.16952235,-0.8630223,-0.7675625,-0.758939,0.11036646,-0.12305945,0.8093244,0.5603541,-0.58038616,-0.21566552,-0.15713185,0.6481197,-0.34592897,0.385301,-0.047407687,0.003986556,1.0454936,0.3618377,0.95248884,-0.35190105,0.9434544,0.52531695,1.0713439,0.976468,-0.24178284,0.77750087,-0.14087129,0.87149143,0.4960737,-0.5259104,0.74252504,0.71635365,-0.43738914,-0.42492956,1.3302739,-0.35703254,-0.23599786,-0.3445812,0.7412821,0.2614913,-0.24928021,-0.19003367,0.50467783,-0.56389046,0.8028996,-0.4409737,-0.8624314,0.30447364,-0.28149313,-0.4965765,-0.6820009,-0.4842692,0.8504989,0.6538959,0.6781881,-0.15844685,0.6031498,0.49523586,-0.10729492,0.23090738,-0.60620844,1.2564288,-0.6457622,1.5274904,-0.4156279,0.030208342,0.31434476,-0.060676396,1.0352076,-0.46194565,-0.3253836,0.31827432,-0.31927353,-0.18346351,-0.6073068,-0.1673274,-0.46808952,-0.7864762,-0.2921332,-0.60777235,-0.3016862,-0.13154319,1.633458,2.286007,-1.6064556,0.31073424,0.8421908,-1.4907851,1.7358922,-0.12776849,-0.42548817,-3.327165,1.5963684,-0.8237171,1.3789858,4.076952,1.5647748,1.178154,-1.2193732,-0.6960829,-3.049759,-1.2283275,-0.13705577,2.6962848,2.987954,0.90939015,-1.2028068,-0.9470651,-1.9695561,-1.7047064,0.6531113,0.6852079,-0.16915715,1.6390631,1.653579,2.328595,2.957743,-1.0269651,-1.4979239,-0.47746214,-1.962206,-1.5919974,-0.36454785,-0.7793983,-0.66100067,-1.448816,-3.0416303,-0.6686348,-1.7859672,1.0003039,-3.4562714,1.5433983,0.3383922,-1.8067815,1.5216775,0.20619288,-0.45003843,-0.35971168,-2.823629,-2.113787,0.48187426,-1.1701148,-1.8017316,2.9465249,-0.73370725,-0.13288718,2.2945693,-0.97588706,1.0013628,2.8346822,-0.80821097,-1.0905161,-0.7456946,-0.03284143,-2.1228108,1.6495993,-1.2562983,1.5861703,1.8695445,0.79759216,-0.4428325,-2.1251364,-0.5336228,0.026950207,-0.14913589,-0.2310167,0.6722152,1.0557669,1.8635821,2.165711,-1.6708841,-1.9547894,1.698403,2.7954946,-0.13365145,-0.1559338,-2.0584092,-2.325334,-2.9178553,1.0222557,1.7265967,2.007151,1.650785,0.63327414,-1.9661832,-1.9322474,-1.5904274,2.466051,0.4714324,0.12064482,1.4665644,-0.66158044,2.7214072,1.595145,-3.117781,-2.3197525,-0.19776456,-1.6574444,1.7090545,2.464808,-1.1771657,-1.9033982,1.4914297,-1.3534919,-0.60398346,-0.058002755
128,0.6963749,0.50644594,0.437934,-0.7412611,0.48906472,0.70312345,-0.60325927,0.12005235,-0.5862218,0.61100274,1.4236139,-0.6270926,-0.67947537,-0.46540356,0.10457399,0.19311698,-0.42974913,-0.00020599365,-0.59385574,-0.36309218,0.48768294,-0.21609777,1.3354067,0.6397651,-0.7743203,0.79220587,0.2568772,0.6846148,0.62242424,-0.6292934,-0.17006099,-0.17896438,-0.3389008,-0.49879086,0.14185463,1.0728892,-0.36166048,-0.57815397,-0.61361414,0.3425103,-0.5042516,-0.63408256,-0.7488537,0.6898337,0.25115648,-0.67239124,0.67494154,-0.5871098,0.40074605,1.0270381,-0.16952235,-0.8630223,-0.7675625,-0.758939,0.11036646,-0.12305945,0.8093244,0.5603541,-0.58038616,-0.21566552,-0.15713185,0.6481197,-0.34592897,0.385301,-0.047407687,0.003986556,1.0454936,0.3618377,0.95248884,-0.35190105,0.9434544,0.52531695,1.0713439,0.976468,-0.24178284,0.77750087,-0.14087129,0.87149143,0.4960737,-0.5259104,0.74252504,0.71635365,-0.43738914,-0.42492956,1.3302739,-0.35703254,-0.23599786,-0.3445812,0.7412821,0.2614913,-0.24928021,-0.19003367,0.50467783,-0.56389046,0.8028996,-0.4409737,-0.8624314,0.30447364,-0.28149313,-0.4965765,-0.6820009,-0.4842692,0.8504989,0.6538959,0.6781881,-0.15844685,0.6031498,0.49523586,-0.10729492,0.23090738,-0.60620844,1.2564288,-0.6457622,1.5274904,-0.4156279,0.030208342,0.31434476,-0.060676396,1.0352076,-0.46194565,-0.3253836,0.31827432,-0.31927353,-0.18346351,-0.6073068,-0.1673274,-0.46808952,-0.7864762,-0.2921332,-0.60777235,-0.3016862,-0.13154319,1.633458,2.286007,-1.6064556,0.31073424,0.8421908,-1.4907851,1.7358922,-0.12776849,-0.42548817,-3.327165,1.5963684,-0.8237171,1.3789858,4.076952,1.5647748,1.178154,-1.2193732,-0.6960829,-3.049759,-1.2283275,-0.13705577,2.6962848,2.987954,0.90939015,-1.2028068,-0.9470651,-1.9695561,-1.7047064,0.6531113,0.6852079,-0.16915715,1.6390631,1.653579,2.328595,2.957743,-1.0269651,-1.4979239,-0.47746214,-1.962206,-1.5919974,-0.36454785,-0.7793983,-0.66100067,-1.448816,-3.0416303,-0.6686348,-1.7859672,1.0003039,-3.4562714,1.5433983,0.3383922,-1.8067815,1.5216775,0.20619288,-0.45003843,-0.35971168,-2.823629,-2.113787,0.48187426,-1.1701148,-1.8017316,2.9465249,-0.73370725,-0.13288718,2.2945693,-0.97588706,1.0013628,2.8346822,-0.80821097,-1.0905161,-0.7456946,-0.03284143,-2.1228108,1.6495993,-1.2562983,1.5861703,1.8695445,0.79759216,-0.4428325,-2.1251364,-0.5336228,0.026950207,-0.14913589,-0.2310167,0.6722152,1.0557669,1.8635821,2.165711,-1.6708841,-1.9547894,1.698403,2.7954946,-0.13365145,-0.1559338,-2.0584092,-2.325334,-2.9178553,1.0222557,1.7265967,2.007151,1.650785,0.63327414,-1.9661832,-1.9322474,-1.5904274,2.466051,0.4714324,0.12064482,1.4665644,-0.66158044,2.7214072,1.595145,-3.117781,-2.3197525,-0.19776456,-1.6574444,1.7090545,2.464808,-1.1771657,-1.9033982,1.4914297,-1.3534919,-0.60398346,-0.058002755
129,0.7422233,0.4942603,0.4270594,-0.7530524,0.48114192,0.73261887,-0.6158526,0.078673795,-0.57900167,0.66065705,1.4516553,-0.6269424,-0.70026904,-0.47064066,0.15340932,0.17448285,-0.43594295,0.031103717,-0.58185834,-0.3987279,0.4622113,-0.19518512,1.3670685,0.61418706,-0.77226967,0.8008623,0.21728599,0.6335283,0.5946669,-0.6356367,-0.13368267,-0.23871577,-0.31796664,-0.49640173,0.15381128,1.0861914,-0.4021592,-0.5710918,-0.6378416,0.35760626,-0.52161616,-0.62293065,-0.7635504,0.7020165,0.2627591,-0.688076,0.6861774,-0.59706473,0.43655384,1.0648717,-0.17138708,-0.8742619,-0.7568847,-0.77210116,0.1475823,-0.0573318,0.8568605,0.56654966,-0.5946559,-0.23014951,-0.15626115,0.657078,-0.3610379,0.4273541,-0.044951737,0.10682063,1.0462886,0.3717262,0.97269344,-0.37210238,0.9644276,0.5288547,1.1015608,1.010438,-0.15415275,0.7627083,-0.15779799,0.94101727,0.5787926,-0.5292938,0.7795977,0.74394405,-0.45899653,-0.4123934,1.3527433,-0.34705263,-0.23882586,-0.3358968,0.79590976,0.27625605,-0.22342515,-0.18971395,0.5286734,-0.57041514,0.8424908,-0.42209333,-0.8643309,0.23534276,-0.29733276,-0.507669,-0.69404685,-0.48159325,0.8989833,0.64636546,0.7033143,-0.14454007,0.6269822,0.5510534,-0.113156974,0.2571245,-0.6307507,1.2951729,-0.65707815,1.5358826,-0.4413858,0.022879034,0.28817943,-0.046059787,1.0104901,-0.43590724,-0.30401593,0.33196977,-0.32012504,-0.19222605,-0.60949224,-0.15361029,-0.4375443,-0.7933816,-0.19220993,-0.47853115,-0.9028103,-0.15004894,1.1435313,1.4109946,-1.3659194,0.8228768,0.1696943,-0.79061186,1.0645276,-0.4443545,-1.3118505,-1.4685553,0.72034436,-0.90297824,0.42828238,2.5142252,0.6750195,0.5744155,-0.3791363,-0.5804816,-1.1045625,-0.6582186,0.65611833,1.2858593,1.7438953,0.19553046,-0.6604815,-0.91373277,-0.3511536,-1.1165676,0.31640634,0.7488103,0.14318673,0.81055284,0.2029204,1.7664133,1.527687,0.06822031,-1.1506542,0.29054123,-0.80389684,-1.4854364,-0.57494015,-0.57083964,-0.22469531,-0.46988028,-1.2910757,-0.69179976,0.0844009,0.29953364,-1.5028154,0.8539429,0.58306044,-1.0728669,0.5195814,0.9306705,-0.6090033,-0.59096646,-0.6378778,-1.1311545,-0.23336202,-0.7973269,-1.5972883,1.2284718,0.081179135,-0.24322753,0.9851403,-0.5263803,0.14010803,0.9485671,-0.8773509,-0.5702823,-0.70776284,-0.6822957,-0.78224987,0.7175608,-1.0128106,1.0871226,0.4184991,0.07187857,-0.09208952,-1.240183,-0.1374517,-0.23675576,-0.24880026,0.0861562,-0.34276333,0.30894724,0.8816295,1.1799375,-0.31140047,-1.8213234,0.50388426,1.3829167,0.10440949,-0.5478196,-1.1428112,-1.1006083,-1.8924723,0.30172724,0.7727631,0.7351343,0.46633184,0.88552994,-0.88007784,-1.3877599,-0.7794548,1.5311778,0.5656637,0.29743755,0.54454535,-0.7471999,0.861402,1.1348889,-2.1786404,-1.7992088,-0.2511311,-0.44939414,1.2738274,1.335325,-0.08652739,-1.6525574,-0.26231816,-1.5724328,-0.26462185,-0.3920386
130,0.6963749,0.50644594,0.437934,-0.7412611,0.48906472,0.70312345,-0.60325927,0.12005235,-0.5862218,0.61100274,1.4236139,-0.6270926,-0.67947537,-0.46540356,0.10457399,0.19311698,-0.42974913,-0.00020599365,-0.59385574,-0.36309218,0.48768294,-0.21609777,1.3354067,0.6397651,-0.7743203,0.79220587,0.2568772,0.6846148,0.62242424,-0.6292934,-0.17006099,-0.17896438,-0.3389008,-0.49879086,0.14185463,1.0728892,-0.36166048,-0.57815397,-0.61361414,0.3425103,-0.5042516,-0.63408256,-0.7488537,0.6898337,0.25115648,-0.67239124,0.67494154,-0.5871098,0.40074605,1.0270381,-0.16952235,-0.8630223,-0.7675625,-0.758939,0.11036646,-0.12305945,0.8093244,0.5603541,-0.58038616,-0.21566552,-0.15713185,0.6481197,-0.34592897,0.385301,-0.047407687,0.003986556,1.0454936,0.3618377,0.95248884,-0.35190105,0.9434544,0.52531695,1.0713439,0.976468,-0.24178284,0.77750087,-0.14087129,0.87149143,0.4960737,-0.5259104,0.74252504,0.71635365,-0.43738914,-0.42492956,1.3302739,-0.35703254,-0.23599786,-0.3445812,0.7412821,0.2614913,-0.24928021,-0.19003367,0.50467783,-0.56389046,0.8028996,-0.4409737,-0.8624314,0.30447364,-0.28149313,-0.4965765,-0.6820009,-0.4842692,0.8504989,0.6538959,0.6781881,-0.15844685,0.6031498,0.49523586,-0.10729492,0.23090738,-0.60620844,1.2564288,-0.6457622,1.5274904,-0.4156279,0.030208342,0.31434476,-0.060676396,1.0352076,-0.46194565,-0.3253836,0.31827432,-0.31927353,-0.18346351,-0.6073068,-0.1673274,-0.46808952,-0.7864762,-0.2921332,-0.60777235,-0.3016862,-0.13154319,1.633458,2.286007,-1.6064556,0.31073424,0.8421908,-1.4907851,1.7358922,-0.12776849,-0.42548817,-3.327165,1.5963684,-0.8237171,1.3789858,4.076952,1.5647748,1.178154,-1.2193732,-0.6960829,-3.049759,-1.2283275,-0.13705577,2.6962848,2.987954,0.90939015,-1.2028068,-0.9470651,-1.9695561,-1.7047064,0.6531113,0.6852079,-0.16915715,1.6390631,1.653579,2.328595,2.957743,-1.0269651,-1.4979239,-0.47746214,-1.962206,-1.5919974,-0.36454785,-0.7793983,-0.66100067,-1.448816,-3.0416303,-0.6686348,-1.7859672,1.0003039,-3.4562714,1.5433983,0.3383922,-1.8067815,1.5216775,0.20619288,-0.45003843,-0.35971168,-2.823629,-2.113787,0.48187426,-1.1701148,-1.8017316,2.9465249,-0.73370725,-0.13288718,2.2945693,-0.97588706,1.0013628,2.8346822,-0.80821097,-1.0905161,-0.7456946,-0.03284143,-2.1228108,1.6495993,-1.2562983,1.5861703,1.8695445,0.79759216,-0.4428325,-2.1251364,-0.5336228,0.026950207,-0.14913589,-0.2310167,0.6722152,1.0557669,1.8635821,2.165711,-1.6708841,-1.9547894,1.698403,2.7954946,-0.13365145,-0.1559338,-2.0584092,-2.325334,-2.9178553,1.0222557,1.7265967,2.007151,1.650785,0.63327414,-1.9661832,-1.9322474,-1.5904274,2.466051,0.4714324,0.12064482,1.4665644,-0.66158044,2.7214072,1.595145,-3.117781,-2.3197525,-0.19776456,-1.6574444,1.7090545,2.464808,-1.1771657,-1.9033982,1.4914297,-1.3534919,-0.60398346,-0.058002755
131,0.6963749,0.50644594,0.437934,-0.7412611,0.48906472,0.70312345,-0.60325927,0.12005235,-0.5862218,0.61100274,1.4236139,-0.6270926,-0.67947537,-0.46540356,0.10457399,0.19311698,-0.42974913,-0.00020599365,-0.59385574,-0.36309218,0.48768294,-0.21609777,1.3354067,0.6397651,-0.7743203,0.79220587,0.2568772,0.6846148,0.62242424,-0.6292934,-0.17006099,-0.17896438,-0.3389008,-0.49879086,0.14185463,1.0728892,-0.36166048,-0.57815397,-0.61361414,0.3425103,-0.5042516,-0.63408256,-0.7488537,0.6898337,0.25115648,-0.67239124,0.67494154,-0.5871098,0.40074605,1.0270381,-0.16952235,-0.8630223,-0.7675625,-0.758939,0.11036646,-0.12305945,0.8093244,0.5603541,-0.58038616,-0.21566552,-0.15713185,0.6481197,-0.34592897,0.385301,-0.047407687,0.003986556,1.0454936,0.3618377,0.95248884,-0.35190105,0.9434544,0.52531695,1.0713439,0.976468,-0.24178284,0.77750087,-0.14087129,0.87149143,0.4960737,-0.5259104,0.74252504,0.71635365,-0.43738914,-0.42492956,1.3302739,-0.35703254,-0.23599786,-0.3445812,0.7412821,0.2614913,-0.24928021,-0.19003367,0.50467783,-0.56389046,0.8028996,-0.4409737,-0.8624314,0.30447364,-0.28149313,-0.4965765,-0.6820009,-0.4842692,0.8504989,0.6538959,0.6781881,-0.15844685,0.6031498,0.49523586,-0.10729492,0.23090738,-0.60620844,1.2564288,-0.6457622,1.5274904,-0.4156279,0.030208342,0.31434476,-0.060676396,1.0352076,-0.46194565,-0.3253836,0.31827432,-0.31927353,-0.18346351,-0.6073068,-0.1673274,-0.46808952,-0.7864762,-0.2921332,-0.60777235,-0.3016862,-0.13154319,1.633458,2.286007,-1.6064556,0.31073424,0.8421908,-1.4907851,1.7358922,-0.12776849,-0.42548817,-3.327165,1.5963684,-0.8237171,1.3789858,4.076952,1.5647748,1.178154,-1.2193732,-0.6960829,-3.049759,-1.2283275,-0.13705577,2.6962848,2.987954,0.90939015,-1.2028068,-0.9470651,-1.9695561,-1.7047064,0.6531113,0.6852079,-0.16915715,1.6390631,1.653579,2.328595,2.957743,-1.0269651,-1.4979239,-0.47746214,-1.962206,-1.5919974,-0.36454785,-0.7793983,-0.66100067,-1.448816,-3.0416303,-0.6686348,-1.7859672,1.0003039,-3.4562714,1.5433983,0.3383922,-1.8067815,1.5216775,0.20619288,-0.45003843,-0.35971168,-2.823629,-2.113787,0.48187426,-1.1701148,-1.8017316,2.9465249,-0.73370725,-0.13288718,2.2945693,-0.97588706,1.0013628,2.8346822,-0.80821097,-1.0905161,-0.7456946,-0.03284143,-2.1228108,1.6495993,-1.2562983,1.5861703,1.8695445,0.79759216,-0.4428325,-2.1251364,-0.5336228,0.026950207,-0.14913589,-0.2310167,0.6722152,1.0557669,1.8635821,2.165711,-1.6708841,-1.9547894,1.698403,2.7954946,-0.13365145,-0.1559338,-2.0584092,-2.325334,-2.9178553,1.0222557,1.7265967,2.007151,1.650785,0.63327414,-1.9661832,-1.9322474,-1.5904274,2.466051,0.4714324,0.12064482,1.4665644,-0.66158044,2.7214072,1.595145,-3.117781,-2.3197525,-0.19776456,-1.6574444,1.7090545,2.464808,-1.1771657,-1.9033982,1.4914297,-1.3534919,-0.60398346,-0.058002755
132,0.6963749,0.50644594,0.437934,-0.7412611,0.48906472,0.70312345,-0.60325927,0.12005235,-0.5862218,0.61100274,1.4236139,-0.6270926,-0.67947537,-0.46540356,0.10457399,0.19311698,-0.42974913,-0.00020599365,-0.59385574,-0.36309218,0.48768294,-0.21609777,1.3354067,0.6397651,-0.7743203,0.79220587,0.2568772,0.6846148,0.62242424,-0.6292934,-0.17006099,-0.17896438,-0.3389008,-0.49879086,0.14185463,1.0728892,-0.36166048,-0.57815397,-0.61361414,0.3425103,-0.5042516,-0.63408256,-0.7488537,0.6898337,0.25115648,-0.67239124,0.67494154,-0.5871098,0.40074605,1.0270381,-0.16952235,-0.8630223,-0.7675625,-0.758939,0.11036646,-0.12305945,0.8093244,0.5603541,-0.58038616,-0.21566552,-0.15713185,0.6481197,-0.34592897,0.385301,-0.047407687,0.003986556,1.0454936,0.3618377,0.95248884,-0.35190105,0.9434544,0.52531695,1.0713439,0.976468,-0.24178284,0.77750087,-0.14087129,0.87149143,0.4960737,-0.5259104,0.74252504,0.71635365,-0.43738914,-0.42492956,1.3302739,-0.35703254,-0.23599786,-0.3445812,0.7412821,0.2614913,-0.24928021,-0.19003367,0.50467783,-0.56389046,0.8028996,-0.4409737,-0.8624314,0.30447364,-0.28149313,-0.4965765,-0.6820009,-0.4842692,0.8504989,0.6538959,0.6781881,-0.15844685,0.6031498,0.49523586,-0.10729492,0.23090738,-0.60620844,1.2564288,-0.6457622,1.5274904,-0.4156279,0.030208342,0.31434476,-0.060676396,1.0352076,-0.46194565,-0.3253836,0.31827432,-0.31927353,-0.18346351,-0.6073068,-0.1673274,-0.46808952,-0.7864762,-0.2921332,-0.60777235,-0.3016862,-0.13154319,1.633458,2.286007,-1.6064556,0.31073424,0.8421908,-1.4907851,1.7358922,-0.12776849,-0.42548817,-3.327165,1.5963684,-0.8237171,1.3789858,4.076952,1.5647748,1.178154,-1.2193732,-0.6960829,-3.049759,-1.2283275,-0.13705577,2.6962848,2.987954,0.90939015,-1.2028068,-0.9470651,-1.9695561,-1.7047064,0.6531113,0.6852079,-0.16915715,1.6390631,1.653579,2.328595,2.957743,-1.0269651,-1.4979239,-0.47746214,-1.962206,-1.5919974,-0.36454785,-0.7793983,-0.66100067,-1.448816,-3.0416303,-0.6686348,-1.7859672,1.0003039,-3.4562714,1.5433983,0.3383922,-1.8067815,1.5216775,0.20619288,-0.45003843,-0.35971168,-2.823629,-2.113787,0.48187426,-1.1701148,-1.8017316,2.9465249,-0.73370725,-0.13288718,2.2945693,-0.97588706,1.0013628,2.8346822,-0.80821097,-1.0905161,-0.7456946,-0.03284143,-2.1228108,1.6495993,-1.2562983,1.5861703,1.8695445,0.79759216,-0.4428325,-2.1251364,-0.5336228,0.026950207,-0.14913589,-0.2310167,0.6722152,1.0557669,1.8635821,2.165711,-1.6708841,-1.9547894,1.698403,2.7954946,-0.13365145,-0.1559338,-2.0584092,-2.325334,-2.9178553,1.0222557,1.7265967,2.007151,1.650785,0.63327414,-1.9661832,-1.9322474,-1.5904274,2.466051,0.4714324,0.12064482,1.4665644,-0.66158044,2.7214072,1.595145,-3.117781,-2.3197525,-0.19776456,-1.6574444,1.7090545,2.464808,-1.1771657,-1.9033982,1.4914297,-1.3534919,-0.60398346,-0.058002755
133,0.6963749,0.50644594,0.437934,-0.7412611,0.48906472,0.70312345,-0.60325927,0.12005235,-0.5862218,0.61100274,1.4236139,-0.6270926,-0.67947537,-0.46540356,0.10457399,0.19311698,-0.42974913,-0.00020599365,-0.59385574,-0.36309218,0.48768294,-0.21609777,1.3354067,0.6397651,-0.7743203,0.79220587,0.2568772,0.6846148,0.62242424,-0.6292934,-0.17006099,-0.17896438,-0.3389008,-0.49879086,0.14185463,1.0728892,-0.36166048,-0.57815397,-0.61361414,0.3425103,-0.5042516,-0.63408256,-0.7488537,0.6898337,0.25115648,-0.67239124,0.67494154,-0.5871098,0.40074605,1.0270381,-0.16952235,-0.8630223,-0.7675625,-0.758939,0.11036646,-0.12305945,0.8093244,0.5603541,-0.58038616,-0.21566552,-0.15713185,0.6481197,-0.34592897,0.385301,-0.047407687,0.003986556,1.0454936,0.3618377,0.95248884,-0.35190105,0.9434544,0.52531695,1.0713439,0.976468,-0.24178284,0.77750087,-0.14087129,0.87149143,0.4960737,-0.5259104,0.74252504,0.71635365,-0.43738914,-0.42492956,1.3302739,-0.35703254,-0.23599786,-0.3445812,0.7412821,0.2614913,-0.24928021,-0.19003367,0.50467783,-0.56389046,0.8028996,-0.4409737,-0.8624314,0.30447364,-0.28149313,-0.4965765,-0.6820009,-0.4842692,0.8504989,0.6538959,0.6781881,-0.15844685,0.6031498,0.49523586,-0.10729492,0.23090738,-0.60620844,1.2564288,-0.6457622,1.5274904,-0.4156279,0.030208342,0.31434476,-0.060676396,1.0352076,-0.46194565,-0.3253836,0.31827432,-0.31927353,-0.18346351,-0.6073068,-0.1673274,-0.46808952,-0.7864762,-0.2921332,-0.60777235,-0.3016862,-0.13154319,1.633458,2.286007,-1.6064556,0.31073424,0.8421908,-1.4907851,1.7358922,-0.12776849,-0.42548817,-3.327165,1.5963684,-0.8237171,1.3789858,4.076952,1.5647748,1.178154,-1.2193732,-0.6960829,-3.049759,-1.2283275,-0.13705577,2.6962848,2.987954,0.90939015,-1.2028068,-0.9470651,-1.9695561,-1.7047064,0.6531113,0.6852079,-0.16915715,1.6390631,1.653579,2.328595,2.957743,-1.0269651,-1.4979239,-0.47746214,-1.962206,-1.5919974,-0.36454785,-0.7793983,-0.66100067,-1.448816,-3.0416303,-0.6686348,-1.7859672,1.0003039,-3.4562714,1.5433983,0.3383922,-1.8067815,1.5216775,0.20619288,-0.45003843,-0.35971168,-2.823629,-2.113787,0.48187426,-1.1701148,-1.8017316,2.9465249,-0.73370725,-0.13288718,2.2945693,-0.97588706,1.0013628,2.8346822,-0.80821097,-1.0905161,-0.7456946,-0.03284143,-2.1228108,1.6495993,-1.2562983,1.5861703,1.8695445,0.79759216,-0.4428325,-2.1251364,-0.5336228,0.026950207,-0.14913589,-0.2310167,0.6722152,1.0557669,1.8635821,2.165711,-1.6708841,-1.9547894,1.698403,2.7954946,-0.13365145,-0.1559338,-2.0584092,-2.325334,-2.9178553,1.0222557,1.7265967,2.007151,1.650785,0.63327414,-1.9661832,-1.9322474,-1.5904274,2.466051,0.4714324,0.12064482,1.4665644,-0.66158044,2.7214072,1.595145,-3.117781,-2.3197525,-0.19776456,-1.6574444,1.7090545,2.464808,-1.1771657,-1.9033982,1.4914297,-1.3534919,-0.60398346,-0.058002755
134,0.6963749,0.50644594,0.437934,-0.7412611,0.48906472,0.70312345,-0.60325927,0.12005235,-0.5862218,0.61100274,1.4236139,-0.6270926,-0.67947537,-0.46540356,0.10457399,0.19311698,-0.42974913,-0.00020599365,-0.59385574,-0.36309218,0.48768294,-0.21609777,1.3354067,0.6397651,-0.7743203,0.79220587,0.2568772,0.6846148,0.62242424,-0.6292934,-0.17006099,-0.17896438,-0.3389008,-0.49879086,0.14185463,1.0728892,-0.36166048,-0.57815397,-0.61361414,0.3425103,-0.5042516,-0.63408256,-0.7488537,0.6898337,0.25115648,-0.67239124,0.67494154,-0.5871098,0.40074605,1.0270381,-0.16952235,-0.8630223,-0.7675625,-0.758939,0.11036646,-0.12305945,0.8093244,0.5603541,-0.58038616,-0.21566552,-0.15713185,0.6481197,-0.34592897,0.385301,-0.047407687,0.003986556,1.0454936,0.3618377,0.95248884,-0.35190105,0.9434544,0.52531695,1.0713439,0.976468,-0.24178284,0.77750087,-0.14087129,0.87149143,0.4960737,-0.5259104,0.74252504,0.71635365,-0.43738914,-0.42492956,1.3302739,-0.35703254,-0.23599786,-0.3445812,0.7412821,0.2614913,-0.24928021,-0.19003367,0.50467783,-0.56389046,0.8028996,-0.4409737,-0.8624314,0.30447364,-0.28149313,-0.4965765,-0.6820009,-0.4842692,0.8504989,0.6538959,0.6781881,-0.15844685,0.6031498,0.49523586,-0.10729492,0.23090738,-0.60620844,1.2564288,-0.6457622,1.5274904,-0.4156279,0.030208342,0.31434476,-0.060676396,1.0352076,-0.46194565,-0.3253836,0.31827432,-0.31927353,-0.18346351,-0.6073068,-0.1673274,-0.46808952,-0.7864762,-0.2921332,-0.60777235,-0.3016862,-0.13154319,1.633458,2.286007,-1.6064556,0.31073424,0.8421908,-1.4907851,1.7358922,-0.12776849,-0.42548817,-3.327165,1.5963684,-0.8237171,1.3789858,4.076952,1.5647748,1.178154,-1.2193732,-0.6960829,-3.049759,-1.2283275,-0.13705577,2.6962848,2.987954,0.90939015,-1.2028068,-0.9470651,-1.9695561,-1.7047064,0.6531113,0.6852079,-0.16915715,1.6390631,1.653579,2.328595,2.957743,-1.0269651,-1.4979239,-0.47746214,-1.962206,-1.5919974,-0.36454785,-0.7793983,-0.66100067,-1.448816,-3.0416303,-0.6686348,-1.7859672,1.0003039,-3.4562714,1.5433983,0.3383922,-1.8067815,1.5216775,0.20619288,-0.45003843,-0.35971168,-2.823629,-2.113787,0.48187426,-1.1701148,-1.8017316,2.9465249,-0.73370725,-0.13288718,2.2945693,-0.97588706,1.0013628,2.8346822,-0.80821097,-1.0905161,-0.7456946,-0.03284143,-2.1228108,1.6495993,-1.2562983,1.5861703,1.8695445,0.79759216,-0.4428325,-2.1251364,-0.5336228,0.026950207,-0.14913589,-0.2310167,0.6722152,1.0557669,1.8635821,2.165711,-1.6708841,-1.9547894,1.698403,2.7954946,-0.13365145,-0.1559338,-2.0584092,-2.325334,-2.9178553,1.0222557,1.7265967,2.007151,1.650785,0.63327414,-1.9661832,-1.9322474,-1.5904274,2.466051,0.4714324,0.12064482,1.4665644,-0.66158044,2.7214072,1.595145,-3.117781,-2.3197525,-0.19776456,-1.6574444,1.7090545,2.464808,-1.1771657,-1.9033982,1.4914297,-1.3534919,-0.60398346,-0.058002755
135,0.6963749,0.50644594,0.437934,-0.7412611,0.48906472,0.70312345,-0.60325927,0.12005235,-0.5862218,0.61100274,1.4236139,-0.6270926,-0.67947537,-0.46540356,0.10457399,0.19311698,-0.42974913,-0.00020599365,-0.59385574,-0.36309218,0.48768294,-0.21609777,1.3354067,0.6397651,-0.7743203,0.79220587,0.2568772,0.6846148,0.62242424,-0.6292934,-0.17006099,-0.17896438,-0.3389008,-0.49879086,0.14185463,1.0728892,-0.36166048,-0.57815397,-0.61361414,0.3425103,-0.5042516,-0.63408256,-0.7488537,0.6898337,0.25115648,-0.67239124,0.67494154,-0.5871098,0.40074605,1.0270381,-0.16952235,-0.8630223,-0.7675625,-0.758939,0.11036646,-0.12305945,0.8093244,0.5603541,-0.58038616,-0.21566552,-0.15713185,0.6481197,-0.34592897,0.385301,-0.047407687,0.003986556,1.0454936,0.3618377,0.95248884,-0.35190105,0.9434544,0.52531695,1.0713439,0.976468,-0.24178284,0.77750087,-0.14087129,0.87149143,0.4960737,-0.5259104,0.74252504,0.71635365,-0.43738914,-0.42492956,1.3302739,-0.35703254,-0.23599786,-0.3445812,0.7412821,0.2614913,-0.24928021,-0.19003367,0.50467783,-0.56389046,0.8028996,-0.4409737,-0.8624314,0.30447364,-0.28149313,-0.4965765,-0.6820009,-0.4842692,0.8504989,0.6538959,0.6781881,-0.15844685,0.6031498,0.49523586,-0.10729492,0.23090738,-0.60620844,1.2564288,-0.6457622,1.5274904,-0.4156279,0.030208342,0.31434476,-0.060676396,1.0352076,-0.46194565,-0.3253836,0.31827432,-0.31927353,-0.18346351,-0.6073068,-0.1673274,-0.46808952,-0.7864762,-0.2921332,-0.60777235,-0.3016862,-0.13154319,1.633458,2.286007,-1.6064556,0.31073424,0.8421908,-1.4907851,1.7358922,-0.12776849,-0.42548817,-3.327165,1.5963684,-0.8237171,1.3789858,4.076952,1.5647748,1.178154,-1.2193732,-0.6960829,-3.049759,-1.2283275,-0.13705577,2.6962848,2.987954,0.90939015,-1.2028068,-0.9470651,-1.9695561,-1.7047064,0.6531113,0.6852079,-0.16915715,1.6390631,1.653579,2.328595,2.957743,-1.0269651,-1.4979239,-0.47746214,-1.962206,-1.5919974,-0.36454785,-0.7793983,-0.66100067,-1.448816,-3.0416303,-0.6686348,-1.7859672,1.0003039,-3.4562714,1.5433983,0.3383922,-1.8067815,1.5216775,0.20619288,-0.45003843,-0.35971168,-2.823629,-2.113787,0.48187426,-1.1701148,-1.8017316,2.9465249,-0.73370725,-0.13288718,2.2945693,-0.97588706,1.0013628,2.8346822,-0.80821097,-1.0905161,-0.7456946,-0.03284143,-2.1228108,1.6495993,-1.2562983,1.5861703,1.8695445,0.79759216,-0.4428325,-2.1251364,-0.5336228,0.026950207,-0.14913589,-0.2310167,0.6722152,1.0557669,1.8635821,2.165711,-1.6708841,-1.9547894,1.698403,2.7954946,-0.13365145,-0.1559338,-2.0584092,-2.325334,-2.9178553,1.0222557,1.7265967,2.007151,1.650785,0.63327414,-1.9661832,-1.9322474,-1.5904274,2.466051,0.4714324,0.12064482,1.4665644,-0.66158044,2.7214072,1.595145,-3.117781,-2.3197525,-0.19776456,-1.6574444,1.7090545,2.464808,-1.1771657,-1.9033982,1.4914297,-1.3534919,-0.60398346,-0.058002755
136,0.6963749,0.50644594,0.437934,-0.7412611,0.48906472,0.70312345,-0.60325927,0.12005235,-0.5862218,0.61100274,1.4236139,-0.6270926,-0.67947537,-0.46540356,0.10457399,0.19311698,-0.42974913,-0.00020599365,-0.59385574,-0.36309218,0.48768294,-0.21609777,1.3354067,0.6397651,-0.7743203,0.79220587,0.2568772,0.6846148,0.62242424,-0.6292934,-0.17006099,-0.17896438,-0.3389008,-0.49879086,0.14185463,1.0728892,-0.36166048,-0.57815397,-0.61361414,0.3425103,-0.5042516,-0.63408256,-0.7488537,0.6898337,0.25115648,-0.67239124,0.67494154,-0.5871098,0.40074605,1.0270381,-0.16952235,-0.8630223,-0.7675625,-0.758939,0.11036646,-0.12305945,0.8093244,0.5603541,-0.58038616,-0.21566552,-0.15713185,0.6481197,-0.34592897,0.385301,-0.047407687,0.003986556,1.0454936,0.3618377,0.95248884,-0.35190105,0.9434544,0.52531695,1.0713439,0.976468,-0.24178284,0.77750087,-0.14087129,0.87149143,0.4960737,-0.5259104,0.74252504,0.71635365,-0.43738914,-0.42492956,1.3302739,-0.35703254,-0.23599786,-0.3445812,0.7412821,0.2614913,-0.24928021,-0.19003367,0.50467783,-0.56389046,0.8028996,-0.4409737,-0.8624314,0.30447364,-0.28149313,-0.4965765,-0.6820009,-0.4842692,0.8504989,0.6538959,0.6781881,-0.15844685,0.6031498,0.49523586,-0.10729492,0.23090738,-0.60620844,1.2564288,-0.6457622,1.5274904,-0.4156279,0.030208342,0.31434476,-0.060676396,1.0352076,-0.46194565,-0.3253836,0.31827432,-0.31927353,-0.18346351,-0.6073068,-0.1673274,-0.46808952,-0.7864762,-0.2921332,-0.60777235,-0.3016862,-0.13154319,1.633458,2.286007,-1.6064556,0.31073424,0.8421908,-1.4907851,1.7358922,-0.12776849,-0.42548817,-3.327165,1.5963684,-0.8237171,1.3789858,4.076952,1.5647748,1.178154,-1.2193732,-0.6960829,-3.049759,-1.2283275,-0.13705577,2.6962848,2.987954,0.90939015,-1.2028068,-0.9470651,-1.9695561,-1.7047064,0.6531113,0.6852079,-0.16915715,1.6390631,1.653579,2.328595,2.957743,-1.0269651,-1.4979239,-0.47746214,-1.962206,-1.5919974,-0.36454785,-0.7793983,-0.66100067,-1.448816,-3.0416303,-0.6686348,-1.7859672,1.0003039,-3.4562714,1.5433983,0.3383922,-1.8067815,1.5216775,0.20619288,-0.45003843,-0.35971168,-2.823629,-2.113787,0.48187426,-1.1701148,-1.8017316,2.9465249,-0.73370725,-0.13288718,2.2945693,-0.97588706,1.0013628,2.8346822,-0.80821097,-1.0905161,-0.7456946,-0.03284143,-2.1228108,1.6495993,-1.2562983,1.5861703,1.8695445,0.79759216,-0.4428325,-2.1251364,-0.5336228,0.026950207,-0.14913589,-0.2310167,0.6722152,1.0557669,1.8635821,2.165711,-1.6708841,-1.9547894,1.698403,2.7954946,-0.13365145,-0.1559338,-2.0584092,-2.325334,-2.9178553,1.0222557,1.7265967,2.007151,1.650785,0.63327414,-1.9661832,-1.9322474,-1.5904274,2.466051,0.4714324,0.12064482,1.4665644,-0.66158044,2.7214072,1.595145,-3.117781,-2.3197525,-0.19776456,-1.6574444,1.7090545,2.464808,-1.1771657,-1.9033982,1.4914297,-1.3534919,-0.60398346,-0.058002755
137,0.6963749,0.50644594,0.437934,-0.7412611,0.48906472,0.70312345,-0.60325927,0.12005235,-0.5862218,0.61100274,1.4236139,-0.6270926,-0.67947537,-0.46540356,0.10457399,0.19311698,-0.42974913,-0.00020599365,-0.59385574,-0.36309218,0.48768294,-0.21609777,1.3354067,0.6397651,-0.7743203,0.79220587,0.2568772,0.6846148,0.62242424,-0.6292934,-0.17006099,-0.17896438,-0.3389008,-0.49879086,0.14185463,1.0728892,-0.36166048,-0.57815397,-0.61361414,0.3425103,-0.5042516,-0.63408256,-0.7488537,0.6898337,0.25115648,-0.67239124,0.67494154,-0.5871098,0.40074605,1.0270381,-0.16952235,-0.8630223,-0.7675625,-0.758939,0.11036646,-0.12305945,0.8093244,0.5603541,-0.58038616,-0.21566552,-0.15713185,0.6481197,-0.34592897,0.385301,-0.047407687,0.003986556,1.0454936,0.3618377,0.95248884,-0.35190105,0.9434544,0.52531695,1.0713439,0.976468,-0.24178284,0.77750087,-0.14087129,0.87149143,0.4960737,-0.5259104,0.74252504,0.71635365,-0.43738914,-0.42492956,1.3302739,-0.35703254,-0.23599786,-0.3445812,0.7412821,0.2614913,-0.24928021,-0.19003367,0.50467783,-0.56389046,0.8028996,-0.4409737,-0.8624314,0.30447364,-0.28149313,-0.4965765,-0.6820009,-0.4842692,0.8504989,0.6538959,0.6781881,-0.15844685,0.6031498,0.49523586,-0.10729492,0.23090738,-0.60620844,1.2564288,-0.6457622,1.5274904,-0.4156279,0.030208342,0.31434476,-0.060676396,1.0352076,-0.46194565,-0.3253836,0.31827432,-0.31927353,-0.18346351,-0.6073068,-0.1673274,-0.46808952,-0.7864762,-0.2921332,-0.60777235,-0.3016862,-0.13154319,1.633458,2.286007,-1.6064556,0.31073424,0.8421908,-1.4907851,1.7358922,-0.12776849,-0.42548817,-3.327165,1.5963684,-0.8237171,1.3789858,4.076952,1.5647748,1.178154,-1.2193732,-0.6960829,-3.049759,-1.2283275,-0.13705577,2.6962848,2.987954,0.90939015,-1.2028068,-0.9470651,-1.9695561,-1.7047064,0.6531113,0.6852079,-0.16915715,1.6390631,1.653579,2.328595,2.957743,-1.0269651,-1.4979239,-0.47746214,-1.962206,-1.5919974,-0.36454785,-0.7793983,-0.66100067,-1.448816,-3.0416303,-0.6686348,-1.7859672,1.0003039,-3.4562714,1.5433983,0.3383922,-1.8067815,1.5216775,0.20619288,-0.45003843,-0.35971168,-2.823629,-2.113787,0.48187426,-1.1701148,-1.8017316,2.9465249,-0.73370725,-0.13288718,2.2945693,-0.97588706,1.0013628,2.8346822,-0.80821097,-1.0905161,-0.7456946,-0.03284143,-2.1228108,1.6495993,-1.2562983,1.5861703,1.8695445,0.79759216,-0.4428325,-2.1251364,-0.5336228,0.026950207,-0.14913589,-0.2310167,0.6722152,1.0557669,1.8635821,2.165711,-1.6708841,-1.9547894,1.698403,2.7954946,-0.13365145,-0.1559338,-2.0584092,-2.325334,-2.9178553,1.0222557,1.7265967,2.007151,1.650785,0.63327414,-1.9661832,-1.9322474,-1.5904274,2.466051,0.4714324,0.12064482,1.4665644,-0.66158044,2.7214072,1.595145,-3.117781,-2.3197525,-0.19776456,-1.6574444,1.7090545,2.464808,-1.1771657,-1.9033982,1.4914297,-1.3534919,-0.60398346,-0.058002755
138,0.6963749,0.50644594,0.437934,-0.7412611,0.48906472,0.70312345,-0.60325927,0.12005235,-0.5862218,0.61100274,1.4236139,-0.6270926,-0.67947537,-0.46540356,0.10457399,0.19311698,-0.42974913,-0.00020599365,-0.59385574,-0.36309218,0.48768294,-0.21609777,1.3354067,0.6397651,-0.7743203,0.79220587,0.2568772,0.6846148,0.62242424,-0.6292934,-0.17006099,-0.17896438,-0.3389008,-0.49879086,0.14185463,1.0728892,-0.36166048,-0.57815397,-0.61361414,0.3425103,-0.5042516,-0.63408256,-0.7488537,0.6898337,0.25115648,-0.67239124,0.67494154,-0.5871098,0.40074605,1.0270381,-0.16952235,-0.8630223,-0.7675625,-0.758939,0.11036646,-0.12305945,0.8093244,0.5603541,-0.58038616,-0.21566552,-0.15713185,0.6481197,-0.34592897,0.385301,-0.047407687,0.003986556,1.0454936,0.3618377,0.95248884,-0.35190105,0.9434544,0.52531695,1.0713439,0.976468,-0.24178284,0.77750087,-0.14087129,0.87149143,0.4960737,-0.5259104,0.74252504,0.71635365,-0.43738914,-0.42492956,1.3302739,-0.35703254,-0.23599786,-0.3445812,0.7412821,0.2614913,-0.24928021,-0.19003367,0.50467783,-0.56389046,0.8028996,-0.4409737,-0.8624314,0.30447364,-0.28149313,-0.4965765,-0.6820009,-0.4842692,0.8504989,0.6538959,0.6781881,-0.15844685,0.6031498,0.49523586,-0.10729492,0.23090738,-0.60620844,1.2564288,-0.6457622,1.5274904,-0.4156279,0.030208342,0.31434476,-0.060676396,1.0352076,-0.46194565,-0.3253836,0.31827432,-0.31927353,-0.18346351,-0.6073068,-0.1673274,-0.46808952,-0.7864762,-0.2921332,-0.60777235,-0.3016862,-0.13154319,1.633458,2.286007,-1.6064556,0.31073424,0.8421908,-1.4907851,1.7358922,-0.12776849,-0.42548817,-3.327165,1.5963684,-0.8237171,1.3789858,4.076952,1.5647748,1.178154,-1.2193732,-0.6960829,-3.049759,-1.2283275,-0.13705577,2.6962848,2.987954,0.90939015,-1.2028068,-0.9470651,-1.9695561,-1.7047064,0.6531113,0.6852079,-0.16915715,1.6390631,1.653579,2.328595,2.957743,-1.0269651,-1.4979239,-0.47746214,-1.962206,-1.5919974,-0.36454785,-0.7793983,-0.66100067,-1.448816,-3.0416303,-0.6686348,-1.7859672,1.0003039,-3.4562714,1.5433983,0.3383922,-1.8067815,1.5216775,0.20619288,-0.45003843,-0.35971168,-2.823629,-2.113787,0.48187426,-1.1701148,-1.8017316,2.9465249,-0.73370725,-0.13288718,2.2945693,-0.97588706,1.0013628,2.8346822,-0.80821097,-1.0905161,-0.7456946,-0.03284143,-2.1228108,1.6495993,-1.2562983,1.5861703,1.8695445,0.79759216,-0.4428325,-2.1251364,-0.5336228,0.026950207,-0.14913589,-0.2310167,0.6722152,1.0557669,1.8635821,2.165711,-1.6708841,-1.9547894,1.698403,2.7954946,-0.13365145,-0.1559338,-2.0584092,-2.325334,-2.9178553,1.0222557,1.7265967,2.007151,1.650785,0.63327414,-1.9661832,-1.9322474,-1.5904274,2.466051,0.4714324,0.12064482,1.4665644,-0.66158044,2.7214072,1.595145,-3.117781,-2.3197525,-0.19776456,-1.6574444,1.7090545,2.464808,-1.1771657,-1.9033982,1.4914297,-1.3534919,-0.60398346,-0.058002755
139,0.6963749,0.50644594,0.437934,-0.7412611,0.48906472,0.70312345,-0.60325927,0.12005235,-0.5862218,0.61100274,1.4236139,-0.6270926,-0.67947537,-0.46540356,0.10457399,0.19311698,-0.42974913,-0.00020599365,-0.59385574,-0.36309218,0.48768294,-0.21609777,1.3354067,0.6397651,-0.7743203,0.79220587,0.2568772,0.6846148,0.62242424,-0.6292934,-0.17006099,-0.17896438,-0.3389008,-0.49879086,0.14185463,1.0728892,-0.36166048,-0.57815397,-0.61361414,0.3425103,-0.5042516,-0.63408256,-0.7488537,0.6898337,0.25115648,-0.67239124,0.67494154,-0.5871098,0.40074605,1.0270381,-0.16952235,-0.8630223,-0.7675625,-0.758939,0.11036646,-0.12305945,0.8093244,0.5603541,-0.58038616,-0.21566552,-0.15713185,0.6481197,-0.34592897,0.385301,-0.047407687,0.003986556,1.0454936,0.3618377,0.95248884,-0.35190105,0.9434544,0.52531695,1.0713439,0.976468,-0.24178284,0.77750087,-0.14087129,0.87149143,0.4960737,-0.5259104,0.74252504,0.71635365,-0.43738914,-0.42492956,1.3302739,-0.35703254,-0.23599786,-0.3445812,0.7412821,0.2614913,-0.24928021,-0.19003367,0.50467783,-0.56389046,0.8028996,-0.4409737,-0.8624314,0.30447364,-0.28149313,-0.4965765,-0.6820009,-0.4842692,0.8504989,0.6538959,0.6781881,-0.15844685,0.6031498,0.49523586,-0.10729492,0.23090738,-0.60620844,1.2564288,-0.6457622,1.5274904,-0.4156279,0.030208342,0.31434476,-0.060676396,1.0352076,-0.46194565,-0.3253836,0.31827432,-0.31927353,-0.18346351,-0.6073068,-0.1673274,-0.46808952,-0.7864762,-0.2921332,-0.60777235,-0.3016862,-0.13154319,1.633458,2.286007,-1.6064556,0.31073424,0.8421908,-1.4907851,1.7358922,-0.12776849,-0.42548817,-3.327165,1.5963684,-0.8237171,1.3789858,4.076952,1.5647748,1.178154,-1.2193732,-0.6960829,-3.049759,-1.2283275,-0.13705577,2.6962848,2.987954,0.90939015,-1.2028068,-0.9470651,-1.9695561,-1.7047064,0.6531113,0.6852079,-0.16915715,1.6390631,1.653579,2.328595,2.957743,-1.0269651,-1.4979239,-0.47746214,-1.962206,-1.5919974,-0.36454785,-0.7793983,-0.66100067,-1.448816,-3.0416303,-0.6686348,-1.7859672,1.0003039,-3.4562714,1.5433983,0.3383922,-1.8067815,1.5216775,0.20619288,-0.45003843,-0.35971168,-2.823629,-2.113787,0.48187426,-1.1701148,-1.8017316,2.9465249,-0.73370725,-0.13288718,2.2945693,-0.97588706,1.0013628,2.8346822,-0.80821097,-1.0905161,-0.7456946,-0.03284143,-2.1228108,1.6495993,-1.2562983,1.5861703,1.8695445,0.79759216,-0.4428325,-2.1251364,-0.5336228,0.026950207,-0.14913589,-0.2310167,0.6722152,1.0557669,1.8635821,2.165711,-1.6708841,-1.9547894,1.698403,2.7954946,-0.13365145,-0.1559338,-2.0584092,-2.325334,-2.9178553,1.0222557,1.7265967,2.007151,1.650785,0.63327414,-1.9661832,-1.9322474,-1.5904274,2.466051,0.4714324,0.12064482,1.4665644,-0.66158044,2.7214072,1.595145,-3.117781,-2.3197525,-0.19776456,-1.6574444,1.7090545,2.464808,-1.1771657,-1.9033982,1.4914297,-1.3534919,-0.60398346,-0.058002755
140,0.6963749,0.50644594,0.437934,-0.7412611,0.48906472,0.70312345,-0.60325927,0.12005235,-0.5862218,0.61100274,1.4236139,-0.6270926,-0.67947537,-0.46540356,0.10457399,0.19311698,-0.42974913,-0.00020599365,-0.59385574,-0.36309218,0.48768294,-0.21609777,1.3354067,0.6397651,-0.7743203,0.79220587,0.2568772,0.6846148,0.62242424,-0.6292934,-0.17006099,-0.17896438,-0.3389008,-0.49879086,0.14185463,1.0728892,-0.36166048,-0.57815397,-0.61361414,0.3425103,-0.5042516,-0.63408256,-0.7488537,0.6898337,0.25115648,-0.67239124,0.67494154,-0.5871098,0.40074605,1.0270381,-0.16952235,-0.8630223,-0.7675625,-0.758939,0.11036646,-0.12305945,0.8093244,0.5603541,-0.58038616,-0.21566552,-0.15713185,0.6481197,-0.34592897,0.385301,-0.047407687,0.003986556,1.0454936,0.3618377,0.95248884,-0.35190105,0.9434544,0.52531695,1.0713439,0.976468,-0.24178284,0.77750087,-0.14087129,0.87149143,0.4960737,-0.5259104,0.74252504,0.71635365,-0.43738914,-0.42492956,1.3302739,-0.35703254,-0.23599786,-0.3445812,0.7412821,0.2614913,-0.24928021,-0.19003367,0.50467783,-0.56389046,0.8028996,-0.4409737,-0.8624314,0.30447364,-0.28149313,-0.4965765,-0.6820009,-0.4842692,0.8504989,0.6538959,0.6781881,-0.15844685,0.6031498,0.49523586,-0.10729492,0.23090738,-0.60620844,1.2564288,-0.6457622,1.5274904,-0.4156279,0.030208342,0.31434476,-0.060676396,1.0352076,-0.46194565,-0.3253836,0.31827432,-0.31927353,-0.18346351,-0.6073068,-0.1673274,-0.46808952,-0.7864762,-0.2921332,-0.60777235,-0.3016862,-0.13154319,1.633458,2.286007,-1.6064556,0.31073424,0.8421908,-1.4907851,1.7358922,-0.12776849,-0.42548817,-3.327165,1.5963684,-0.8237171,1.3789858,4.076952,1.5647748,1.178154,-1.2193732,-0.6960829,-3.049759,-1.2283275,-0.13705577,2.6962848,2.987954,0.90939015,-1.2028068,-0.9470651,-1.9695561,-1.7047064,0.6531113,0.6852079,-0.16915715,1.6390631,1.653579,2.328595,2.957743,-1.0269651,-1.4979239,-0.47746214,-1.962206,-1.5919974,-0.36454785,-0.7793983,-0.66100067,-1.448816,-3.0416303,-0.6686348,-1.7859672,1.0003039,-3.4562714,1.5433983,0.3383922,-1.8067815,1.5216775,0.20619288,-0.45003843,-0.35971168,-2.823629,-2.113787,0.48187426,-1.1701148,-1.8017316,2.9465249,-0.73370725,-0.13288718,2.2945693,-0.97588706,1.0013628,2.8346822,-0.80821097,-1.0905161,-0.7456946,-0.03284143,-2.1228108,1.6495993,-1.2562983,1.5861703,1.8695445,0.79759216,-0.4428325,-2.1251364,-0.5336228,0.026950207,-0.14913589,-0.2310167,0.6722152,1.0557669,1.8635821,2.165711,-1.6708841,-1.9547894,1.698403,2.7954946,-0.13365145,-0.1559338,-2.0584092,-2.325334,-2.9178553,1.0222557,1.7265967,2.007151,1.650785,0.63327414,-1.9661832,-1.9322474,-1.5904274,2.466051,0.4714324,0.12064482,1.4665644,-0.66158044,2.7214072,1.595145,-3.117781,-2.3197525,-0.19776456,-1.6574444,1.7090545,2.464808,-1.1771657,-1.9033982,1.4914297,-1.3534919,-0.60398346,-0.058002755
141,0.6963749,0.50644594,0.437934,-0.7412611,0.48906472,0.70312345,-0.60325927,0.12005235,-0.5862218,0.61100274,1.4236139,-0.6270926,-0.67947537,-0.46540356,0.10457399,0.19311698,-0.42974913,-0.00020599365,-0.59385574,-0.36309218,0.48768294,-0.21609777,1.3354067,0.6397651,-0.7743203,0.79220587,0.2568772,0.6846148,0.62242424,-0.6292934,-0.17006099,-0.17896438,-0.3389008,-0.49879086,0.14185463,1.0728892,-0.36166048,-0.57815397,-0.61361414,0.3425103,-0.5042516,-0.63408256,-0.7488537,0.6898337,0.25115648,-0.67239124,0.67494154,-0.5871098,0.40074605,1.0270381,-0.16952235,-0.8630223,-0.7675625,-0.758939,0.11036646,-0.12305945,0.8093244,0.5603541,-0.58038616,-0.21566552,-0.15713185,0.6481197,-0.34592897,0.385301,-0.047407687,0.003986556,1.0454936,0.3618377,0.95248884,-0.35190105,0.9434544,0.52531695,1.0713439,0.976468,-0.24178284,0.77750087,-0.14087129,0.87149143,0.4960737,-0.5259104,0.74252504,0.71635365,-0.43738914,-0.42492956,1.3302739,-0.35703254,-0.23599786,-0.3445812,0.7412821,0.2614913,-0.24928021,-0.19003367,0.50467783,-0.56389046,0.8028996,-0.4409737,-0.8624314,0.30447364,-0.28149313,-0.4965765,-0.6820009,-0.4842692,0.8504989,0.6538959,0.6781881,-0.15844685,0.6031498,0.49523586,-0.10729492,0.23090738,-0.60620844,1.2564288,-0.6457622,1.5274904,-0.4156279,0.030208342,0.31434476,-0.060676396,1.0352076,-0.46194565,-0.3253836,0.31827432,-0.31927353,-0.18346351,-0.6073068,-0.1673274,-0.46808952,-0.7864762,-0.2921332,-0.60777235,-0.3016862,-0.13154319,1.633458,2.286007,-1.6064556,0.31073424,0.8421908,-1.4907851,1.7358922,-0.12776849,-0.42548817,-3.327165,1.5963684,-0.8237171,1.3789858,4.076952,1.5647748,1.178154,-1.2193732,-0.6960829,-3.049759,-1.2283275,-0.13705577,2.6962848,2.987954,0.90939015,-1.2028068,-0.9470651,-1.9695561,-1.7047064,0.6531113,0.6852079,-0.16915715,1.6390631,1.653579,2.328595,2.957743,-1.0269651,-1.4979239,-0.47746214,-1.962206,-1.5919974,-0.36454785,-0.7793983,-0.66100067,-1.448816,-3.0416303,-0.6686348,-1.7859672,1.0003039,-3.4562714,1.5433983,0.3383922,-1.8067815,1.5216775,0.20619288,-0.45003843,-0.35971168,-2.823629,-2.113787,0.48187426,-1.1701148,-1.8017316,2.9465249,-0.73370725,-0.13288718,2.2945693,-0.97588706,1.0013628,2.8346822,-0.80821097,-1.0905161,-0.7456946,-0.03284143,-2.1228108,1.6495993,-1.2562983,1.5861703,1.8695445,0.79759216,-0.4428325,-2.1251364,-0.5336228,0.026950207,-0.14913589,-0.2310167,0.6722152,1.0557669,1.8635821,2.165711,-1.6708841,-1.9547894,1.698403,2.7954946,-0.13365145,-0.1559338,-2.0584092,-2.325334,-2.9178553,1.0222557,1.7265967,2.007151,1.650785,0.63327414,-1.9661832,-1.9322474,-1.5904274,2.466051,0.4714324,0.12064482,1.4665644,-0.66158044,2.7214072,1.595145,-3.117781,-2.3197525,-0.19776456,-1.6574444,1.7090545,2.464808,-1.1771657,-1.9033982,1.4914297,-1.3534919,-0.60398346,-0.058002755
142,0.6963749,0.50644594,0.437934,-0.7412611,0.48906472,0.70312345,-0.60325927,0.12005235,-0.5862218,0.61100274,1.4236139,-0.6270926,-0.67947537,-0.46540356,0.10457399,0.19311698,-0.42974913,-0.00020599365,-0.59385574,-0.36309218,0.48768294,-0.21609777,1.3354067,0.6397651,-0.7743203,0.79220587,0.2568772,0.6846148,0.62242424,-0.6292934,-0.17006099,-0.17896438,-0.3389008,-0.49879086,0.14185463,1.0728892,-0.36166048,-0.57815397,-0.61361414,0.3425103,-0.5042516,-0.63408256,-0.7488537,0.6898337,0.25115648,-0.67239124,0.67494154,-0.5871098,0.40074605,1.0270381,-0.16952235,-0.8630223,-0.7675625,-0.758939,0.11036646,-0.12305945,0.8093244,0.5603541,-0.58038616,-0.21566552,-0.15713185,0.6481197,-0.34592897,0.385301,-0.047407687,0.003986556,1.0454936,0.3618377,0.95248884,-0.35190105,0.9434544,0.52531695,1.0713439,0.976468,-0.24178284,0.77750087,-0.14087129,0.87149143,0.4960737,-0.5259104,0.74252504,0.71635365,-0.43738914,-0.42492956,1.3302739,-0.35703254,-0.23599786,-0.3445812,0.7412821,0.2614913,-0.24928021,-0.19003367,0.50467783,-0.56389046,0.8028996,-0.4409737,-0.8624314,0.30447364,-0.28149313,-0.4965765,-0.6820009,-0.4842692,0.8504989,0.6538959,0.6781881,-0.15844685,0.6031498,0.49523586,-0.10729492,0.23090738,-0.60620844,1.2564288,-0.6457622,1.5274904,-0.4156279,0.030208342,0.31434476,-0.060676396,1.0352076,-0.46194565,-0.3253836,0.31827432,-0.31927353,-0.18346351,-0.6073068,-0.1673274,-0.46808952,-0.7864762,-0.2921332,-0.60777235,-0.3016862,-0.13154319,1.633458,2.286007,-1.6064556,0.31073424,0.8421908,-1.4907851,1.7358922,-0.12776849,-0.42548817,-3.327165,1.5963684,-0.8237171,1.3789858,4.076952,1.5647748,1.178154,-1.2193732,-0.6960829,-3.049759,-1.2283275,-0.13705577,2.6962848,2.987954,0.90939015,-1.2028068,-0.9470651,-1.9695561,-1.7047064,0.6531113,0.6852079,-0.16915715,1.6390631,1.653579,2.328595,2.957743,-1.0269651,-1.4979239,-0.47746214,-1.962206,-1.5919974,-0.36454785,-0.7793983,-0.66100067,-1.448816,-3.0416303,-0.6686348,-1.7859672,1.0003039,-3.4562714,1.5433983,0.3383922,-1.8067815,1.5216775,0.20619288,-0.45003843,-0.35971168,-2.823629,-2.113787,0.48187426,-1.1701148,-1.8017316,2.9465249,-0.73370725,-0.13288718,2.2945693,-0.97588706,1.0013628,2.8346822,-0.80821097,-1.0905161,-0.7456946,-0.03284143,-2.1228108,1.6495993,-1.2562983,1.5861703,1.8695445,0.79759216,-0.4428325,-2.1251364,-0.5336228,0.026950207,-0.14913589,-0.2310167,0.6722152,1.0557669,1.8635821,2.165711,-1.6708841,-1.9547894,1.698403,2.7954946,-0.13365145,-0.1559338,-2.0584092,-2.325334,-2.9178553,1.0222557,1.7265967,2.007151,1.650785,0.63327414,-1.9661832,-1.9322474,-1.5904274,2.466051,0.4714324,0.12064482,1.4665644,-0.66158044,2.7214072,1.595145,-3.117781,-2.3197525,-0.19776456,-1.6574444,1.7090545,2.464808,-1.1771657,-1.9033982,1.4914297,-1.3534919,-0.60398346,-0.058002755
143,0.6963749,0.50644594,0.437934,-0.7412611,0.48906472,0.70312345,-0.60325927,0.12005235,-0.5862218,0.61100274,1.4236139,-0.6270926,-0.67947537,-0.46540356,0.10457399,0.19311698,-0.42974913,-0.00020599365,-0.59385574,-0.36309218,0.48768294,-0.21609777,1.3354067,0.6397651,-0.7743203,0.79220587,0.2568772,0.6846148,0.62242424,-0.6292934,-0.17006099,-0.17896438,-0.3389008,-0.49879086,0.14185463,1.0728892,-0.36166048,-0.57815397,-0.61361414,0.3425103,-0.5042516,-0.63408256,-0.7488537,0.6898337,0.25115648,-0.67239124,0.67494154,-0.5871098,0.40074605,1.0270381,-0.16952235,-0.8630223,-0.7675625,-0.758939,0.11036646,-0.12305945,0.8093244,0.5603541,-0.58038616,-0.21566552,-0.15713185,0.6481197,-0.34592897,0.385301,-0.047407687,0.003986556,1.0454936,0.3618377,0.95248884,-0.35190105,0.9434544,0.52531695,1.0713439,0.976468,-0.24178284,0.77750087,-0.14087129,0.87149143,0.4960737,-0.5259104,0.74252504,0.71635365,-0.43738914,-0.42492956,1.3302739,-0.35703254,-0.23599786,-0.3445812,0.7412821,0.2614913,-0.24928021,-0.19003367,0.50467783,-0.56389046,0.8028996,-0.4409737,-0.8624314,0.30447364,-0.28149313,-0.4965765,-0.6820009,-0.4842692,0.8504989,0.6538959,0.6781881,-0.15844685,0.6031498,0.49523586,-0.10729492,0.23090738,-0.60620844,1.2564288,-0.6457622,1.5274904,-0.4156279,0.030208342,0.31434476,-0.060676396,1.0352076,-0.46194565,-0.3253836,0.31827432,-0.31927353,-0.18346351,-0.6073068,-0.1673274,-0.46808952,-0.7864762,-0.2921332,-0.60777235,-0.3016862,-0.13154319,1.633458,2.286007,-1.6064556,0.31073424,0.8421908,-1.4907851,1.7358922,-0.12776849,-0.42548817,-3.327165,1.5963684,-0.8237171,1.3789858,4.076952,1.5647748,1.178154,-1.2193732,-0.6960829,-3.049759,-1.2283275,-0.13705577,2.6962848,2.987954,0.90939015,-1.2028068,-0.9470651,-1.9695561,-1.7047064,0.6531113,0.6852079,-0.16915715,1.6390631,1.653579,2.328595,2.957743,-1.0269651,-1.4979239,-0.47746214,-1.962206,-1.5919974,-0.36454785,-0.7793983,-0.66100067,-1.448816,-3.0416303,-0.6686348,-1.7859672,1.0003039,-3.4562714,1.5433983,0.3383922,-1.8067815,1.5216775,0.20619288,-0.45003843,-0.35971168,-2.823629,-2.113787,0.48187426,-1.1701148,-1.8017316,2.9465249,-0.73370725,-0.13288718,2.2945693,-0.97588706,1.0013628,2.8346822,-0.80821097,-1.0905161,-0.7456946,-0.03284143,-2.1228108,1.6495993,-1.2562983,1.5861703,1.8695445,0.79759216,-0.4428325,-2.1251364,-0.5336228,0.026950207,-0.14913589,-0.2310167,0.6722152,1.0557669,1.8635821,2.165711,-1.6708841,-1.9547894,1.698403,2.7954946,-0.13365145,-0.1559338,-2.0584092,-2.325334,-2.9178553,1.0222557,1.7265967,2.007151,1.650785,0.63327414,-1.9661832,-1.9322474,-1.5904274,2.466051,0.4714324,0.12064482,1.4665644,-0.66158044,2.7214072,1.595145,-3.117781,-2.3197525,-0.19776456,-1.6574444,1.7090545,2.464808,-1.1771657,-1.9033982,1.4914297,-1.3534919,-0.60398346,-0.058002755
144,0.6963749,0.50644594,0.437934,-0.7412611,0.48906472,0.70312345,-0.60325927,0.12005235,-0.5862218,0.61100274,1.4236139,-0.6270926,-0.67947537,-0.46540356,0.10457399,0.19311698,-0.42974913,-0.00020599365,-0.59385574,-0.36309218,0.48768294,-0.21609777,1.3354067,0.6397651,-0.7743203,0.79220587,0.2568772,0.6846148,0.62242424,-0.6292934,-0.17006099,-0.17896438,-0.3389008,-0.49879086,0.14185463,1.0728892,-0.36166048,-0.57815397,-0.61361414,0.3425103,-0.5042516,-0.63408256,-0.7488537,0.6898337,0.25115648,-0.67239124,0.67494154,-0.5871098,0.40074605,1.0270381,-0.16952235,-0.8630223,-0.7675625,-0.758939,0.11036646,-0.12305945,0.8093244,0.5603541,-0.58038616,-0.21566552,-0.15713185,0.6481197,-0.34592897,0.385301,-0.047407687,0.003986556,1.0454936,0.3618377,0.95248884,-0.35190105,0.9434544,0.52531695,1.0713439,0.976468,-0.24178284,0.77750087,-0.14087129,0.87149143,0.4960737,-0.5259104,0.74252504,0.71635365,-0.43738914,-0.42492956,1.3302739,-0.35703254,-0.23599786,-0.3445812,0.7412821,0.2614913,-0.24928021,-0.19003367,0.50467783,-0.56389046,0.8028996,-0.4409737,-0.8624314,0.30447364,-0.28149313,-0.4965765,-0.6820009,-0.4842692,0.8504989,0.6538959,0.6781881,-0.15844685,0.6031498,0.49523586,-0.10729492,0.23090738,-0.60620844,1.2564288,-0.6457622,1.5274904,-0.4156279,0.030208342,0.31434476,-0.060676396,1.0352076,-0.46194565,-0.3253836,0.31827432,-0.31927353,-0.18346351,-0.6073068,-0.1673274,-0.46808952,-0.7864762,-0.2921332,-0.60777235,-0.3016862,-0.13154319,1.633458,2.286007,-1.6064556,0.31073424,0.8421908,-1.4907851,1.7358922,-0.12776849,-0.42548817,-3.327165,1.5963684,-0.8237171,1.3789858,4.076952,1.5647748,1.178154,-1.2193732,-0.6960829,-3.049759,-1.2283275,-0.13705577,2.6962848,2.987954,0.90939015,-1.2028068,-0.9470651,-1.9695561,-1.7047064,0.6531113,0.6852079,-0.16915715,1.6390631,1.653579,2.328595,2.957743,-1.0269651,-1.4979239,-0.47746214,-1.962206,-1.5919974,-0.36454785,-0.7793983,-0.66100067,-1.448816,-3.0416303,-0.6686348,-1.7859672,1.0003039,-3.4562714,1.5433983,0.3383922,-1.8067815,1.5216775,0.20619288,-0.45003843,-0.35971168,-2.823629,-2.113787,0.48187426,-1.1701148,-1.8017316,2.9465249,-0.73370725,-0.13288718,2.2945693,-0.97588706,1.0013628,2.8346822,-0.80821097,-1.0905161,-0.7456946,-0.03284143,-2.1228108,1.6495993,-1.2562983,1.5861703,1.8695445,0.79759216,-0.4428325,-2.1251364,-0.5336228,0.026950207,-0.14913589,-0.2310167,0.6722152,1.0557669,1.8635821,2.165711,-1.6708841,-1.9547894,1.698403,2.7954946,-0.13365145,-0.1559338,-2.0584092,-2.325334,-2.9178553,1.0222557,1.7265967,2.007151,1.650785,0.63327414,-1.9661832,-1.9322474,-1.5904274,2.466051,0.4714324,0.12064482,1.4665644,-0.66158044,2.7214072,1.595145,-3.117781,-2.3197525,-0.19776456,-1.6574444,1.7090545,2.464808,-1.1771657,-1.9033982,1.4914297,-1.3534919,-0.60398346,-0.058002755
145,0.6963749,0.50644594,0.437934,-0.7412611,0.48906472,0.70312345,-0.60325927,0.12005235,-0.5862218,0.61100274,1.4236139,-0.6270926,-0.67947537,-0.46540356,0.10457399,0.19311698,-0.42974913,-0.00020599365,-0.59385574,-0.36309218,0.48768294,-0.21609777,1.3354067,0.6397651,-0.7743203,0.79220587,0.2568772,0.6846148,0.62242424,-0.6292934,-0.17006099,-0.17896438,-0.3389008,-0.49879086,0.14185463,1.0728892,-0.36166048,-0.57815397,-0.61361414,0.3425103,-0.5042516,-0.63408256,-0.7488537,0.6898337,0.25115648,-0.67239124,0.67494154,-0.5871098,0.40074605,1.0270381,-0.16952235,-0.8630223,-0.7675625,-0.758939,0.11036646,-0.12305945,0.8093244,0.5603541,-0.58038616,-0.21566552,-0.15713185,0.6481197,-0.34592897,0.385301,-0.047407687,0.003986556,1.0454936,0.3618377,0.95248884,-0.35190105,0.9434544,0.52531695,1.0713439,0.976468,-0.24178284,0.77750087,-0.14087129,0.87149143,0.4960737,-0.5259104,0.74252504,0.71635365,-0.43738914,-0.42492956,1.3302739,-0.35703254,-0.23599786,-0.3445812,0.7412821,0.2614913,-0.24928021,-0.19003367,0.50467783,-0.56389046,0.8028996,-0.4409737,-0.8624314,0.30447364,-0.28149313,-0.4965765,-0.6820009,-0.4842692,0.8504989,0.6538959,0.6781881,-0.15844685,0.6031498,0.49523586,-0.10729492,0.23090738,-0.60620844,1.2564288,-0.6457622,1.5274904,-0.4156279,0.030208342,0.31434476,-0.060676396,1.0352076,-0.46194565,-0.3253836,0.31827432,-0.31927353,-0.18346351,-0.6073068,-0.1673274,-0.46808952,-0.7864762,-0.2921332,-0.60777235,-0.3016862,-0.13154319,1.633458,2.286007,-1.6064556,0.31073424,0.8421908,-1.4907851,1.7358922,-0.12776849,-0.42548817,-3.327165,1.5963684,-0.8237171,1.3789858,4.076952,1.5647748,1.178154,-1.2193732,-0.6960829,-3.049759,-1.2283275,-0.13705577,2.6962848,2.987954,0.90939015,-1.2028068,-0.9470651,-1.9695561,-1.7047064,0.6531113,0.6852079,-0.16915715,1.6390631,1.653579,2.328595,2.957743,-1.0269651,-1.4979239,-0.47746214,-1.962206,-1.5919974,-0.36454785,-0.7793983,-0.66100067,-1.448816,-3.0416303,-0.6686348,-1.7859672,1.0003039,-3.4562714,1.5433983,0.3383922,-1.8067815,1.5216775,0.20619288,-0.45003843,-0.35971168,-2.823629,-2.113787,0.48187426,-1.1701148,-1.8017316,2.9465249,-0.73370725,-0.13288718,2.2945693,-0.97588706,1.0013628,2.8346822,-0.80821097,-1.0905161,-0.7456946,-0.03284143,-2.1228108,1.6495993,-1.2562983,1.5861703,1.8695445,0.79759216,-0.4428325,-2.1251364,-0.5336228,0.026950207,-0.14913589,-0.2310167,0.6722152,1.0557669,1.8635821,2.165711,-1.6708841,-1.9547894,1.698403,2.7954946,-0.13365145,-0.1559338,-2.0584092,-2.325334,-2.9178553,1.0222557,1.7265967,2.007151,1.650785,0.63327414,-1.9661832,-1.9322474,-1.5904274,2.466051,0.4714324,0.12064482,1.4665644,-0.66158044,2.7214072,1.595145,-3.117781,-2.3197525,-0.19776456,-1.6574444,1.7090545,2.464808,-1.1771657,-1.9033982,1.4914297,-1.3534919,-0.60398346,-0.058002755
146,0.6963749,0.50644594,0.437934,-0.7412611,0.48906472,0.70312345,-0.60325927,0.12005235,-0.5862218,0.61100274,1.4236139,-0.6270926,-0.67947537,-0.46540356,0.10457399,0.19311698,-0.42974913,-0.00020599365,-0.59385574,-0.36309218,0.48768294,-0.21609777,1.3354067,0.6397651,-0.7743203,0.79220587,0.2568772,0.6846148,0.62242424,-0.6292934,-0.17006099,-0.17896438,-0.3389008,-0.49879086,0.14185463,1.0728892,-0.36166048,-0.57815397,-0.61361414,0.3425103,-0.5042516,-0.63408256,-0.7488537,0.6898337,0.25115648,-0.67239124,0.67494154,-0.5871098,0.40074605,1.0270381,-0.16952235,-0.8630223,-0.7675625,-0.758939,0.11036646,-0.12305945,0.8093244,0.5603541,-0.58038616,-0.21566552,-0.15713185,0.6481197,-0.34592897,0.385301,-0.047407687,0.003986556,1.0454936,0.3618377,0.95248884,-0.35190105,0.9434544,0.52531695,1.0713439,0.976468,-0.24178284,0.77750087,-0.14087129,0.87149143,0.4960737,-0.5259104,0.74252504,0.71635365,-0.43738914,-0.42492956,1.3302739,-0.35703254,-0.23599786,-0.3445812,0.7412821,0.2614913,-0.24928021,-0.19003367,0.50467783,-0.56389046,0.8028996,-0.4409737,-0.8624314,0.30447364,-0.28149313,-0.4965765,-0.6820009,-0.4842692,0.8504989,0.6538959,0.6781881,-0.15844685,0.6031498,0.49523586,-0.10729492,0.23090738,-0.60620844,1.2564288,-0.6457622,1.5274904,-0.4156279,0.030208342,0.31434476,-0.060676396,1.0352076,-0.46194565,-0.3253836,0.31827432,-0.31927353,-0.18346351,-0.6073068,-0.1673274,-0.46808952,-0.7864762,-0.2921332,-0.60777235,-0.3016862,-0.13154319,1.633458,2.286007,-1.6064556,0.31073424,0.8421908,-1.4907851,1.7358922,-0.12776849,-0.42548817,-3.327165,1.5963684,-0.8237171,1.3789858,4.076952,1.5647748,1.178154,-1.2193732,-0.6960829,-3.049759,-1.2283275,-0.13705577,2.6962848,2.987954,0.90939015,-1.2028068,-0.9470651,-1.9695561,-1.7047064,0.6531113,0.6852079,-0.16915715,1.6390631,1.653579,2.328595,2.957743,-1.0269651,-1.4979239,-0.47746214,-1.962206,-1.5919974,-0.36454785,-0.7793983,-0.66100067,-1.448816,-3.0416303,-0.6686348,-1.7859672,1.0003039,-3.4562714,1.5433983,0.3383922,-1.8067815,1.5216775,0.20619288,-0.45003843,-0.35971168,-2.823629,-2.113787,0.48187426,-1.1701148,-1.8017316,2.9465249,-0.73370725,-0.13288718,2.2945693,-0.97588706,1.0013628,2.8346822,-0.80821097,-1.0905161,-0.7456946,-0.03284143,-2.1228108,1.6495993,-1.2562983,1.5861703,1.8695445,0.79759216,-0.4428325,-2.1251364,-0.5336228,0.026950207,-0.14913589,-0.2310167,0.6722152,1.0557669,1.8635821,2.165711,-1.6708841,-1.9547894,1.698403,2.7954946,-0.13365145,-0.1559338,-2.0584092,-2.325334,-2.9178553,1.0222557,1.7265967,2.007151,1.650785,0.63327414,-1.9661832,-1.9322474,-1.5904274,2.466051,0.4714324,0.12064482,1.4665644,-0.66158044,2.7214072,1.595145,-3.117781,-2.3197525,-0.19776456,-1.6574444,1.7090545,2.464808,-1.1771657,-1.9033982,1.4914297,-1.3534919,-0.60398346,-0.058002755
147,0.6963749,0.50644594,0.437934,-0.7412611,0.48906472,0.70312345,-0.60325927,0.12005235,-0.5862218,0.61100274,1.4236139,-0.6270926,-0.67947537,-0.46540356,0.10457399,0.19311698,-0.42974913,-0.00020599365,-0.59385574,-0.36309218,0.48768294,-0.21609777,1.3354067,0.6397651,-0.7743203,0.79220587,0.2568772,0.6846148,0.62242424,-0.6292934,-0.17006099,-0.17896438,-0.3389008,-0.49879086,0.14185463,1.0728892,-0.36166048,-0.57815397,-0.61361414,0.3425103,-0.5042516,-0.63408256,-0.7488537,0.6898337,0.25115648,-0.67239124,0.67494154,-0.5871098,0.40074605,1.0270381,-0.16952235,-0.8630223,-0.7675625,-0.758939,0.11036646,-0.12305945,0.8093244,0.5603541,-0.58038616,-0.21566552,-0.15713185,0.6481197,-0.34592897,0.385301,-0.047407687,0.003986556,1.0454936,0.3618377,0.95248884,-0.35190105,0.9434544,0.52531695,1.0713439,0.976468,-0.24178284,0.77750087,-0.14087129,0.87149143,0.4960737,-0.5259104,0.74252504,0.71635365,-0.43738914,-0.42492956,1.3302739,-0.35703254,-0.23599786,-0.3445812,0.7412821,0.2614913,-0.24928021,-0.19003367,0.50467783,-0.56389046,0.8028996,-0.4409737,-0.8624314,0.30447364,-0.28149313,-0.4965765,-0.6820009,-0.4842692,0.8504989,0.6538959,0.6781881,-0.15844685,0.6031498,0.49523586,-0.10729492,0.23090738,-0.60620844,1.2564288,-0.6457622,1.5274904,-0.4156279,0.030208342,0.31434476,-0.060676396,1.0352076,-0.46194565,-0.3253836,0.31827432,-0.31927353,-0.18346351,-0.6073068,-0.1673274,-0.46808952,-0.7864762,-0.2921332,-0.60777235,-0.3016862,-0.13154319,1.633458,2.286007,-1.6064556,0.31073424,0.8421908,-1.4907851,1.7358922,-0.12776849,-0.42548817,-3.327165,1.5963684,-0.8237171,1.3789858,4.076952,1.5647748,1.178154,-1.2193732,-0.6960829,-3.049759,-1.2283275,-0.13705577,2.6962848,2.987954,0.90939015,-1.2028068,-0.9470651,-1.9695561,-1.7047064,0.6531113,0.6852079,-0.16915715,1.6390631,1.653579,2.328595,2.957743,-1.0269651,-1.4979239,-0.47746214,-1.962206,-1.5919974,-0.36454785,-0.7793983,-0.66100067,-1.448816,-3.0416303,-0.6686348,-1.7859672,1.0003039,-3.4562714,1.5433983,0.3383922,-1.8067815,1.5216775,0.20619288,-0.45003843,-0.35971168,-2.823629,-2.113787,0.48187426,-1.1701148,-1.8017316,2.9465249,-0.73370725,-0.13288718,2.2945693,-0.97588706,1.0013628,2.8346822,-0.80821097,-1.0905161,-0.7456946,-0.03284143,-2.1228108,1.6495993,-1.2562983,1.5861703,1.8695445,0.79759216,-0.4428325,-2.1251364,-0.5336228,0.026950207,-0.14913589,-0.2310167,0.6722152,1.0557669,1.8635821,2.165711,-1.6708841,-1.9547894,1.698403,2.7954946,-0.13365145,-0.1559338,-2.0584092,-2.325334,-2.9178553,1.0222557,1.7265967,2.007151,1.650785,0.63327414,-1.9661832,-1.9322474,-1.5904274,2.466051,0.4714324,0.12064482,1.4665644,-0.66158044,2.7214072,1.595145,-3.117781,-2.3197525,-0.19776456,-1.6574444,1.7090545,2.464808,-1.1771657,-1.9033982,1.4914297,-1.3534919,-0.60398346,-0.058002755
148,0.6963749,0.50644594,0.437934,-0.7412611,0.48906472,0.70312345,-0.60325927,0.12005235,-0.5862218,0.61100274,1.4236139,-0.6270926,-0.67947537,-0.46540356,0.10457399,0.19311698,-0.42974913,-0.00020599365,-0.59385574,-0.36309218,0.48768294,-0.21609777,1.3354067,0.6397651,-0.7743203,0.79220587,0.2568772,0.6846148,0.62242424,-0.6292934,-0.17006099,-0.17896438,-0.3389008,-0.49879086,0.14185463,1.0728892,-0.36166048,-0.57815397,-0.61361414,0.3425103,-0.5042516,-0.63408256,-0.7488537,0.6898337,0.25115648,-0.67239124,0.67494154,-0.5871098,0.40074605,1.0270381,-0.16952235,-0.8630223,-0.7675625,-0.758939,0.11036646,-0.12305945,0.8093244,0.5603541,-0.58038616,-0.21566552,-0.15713185,0.6481197,-0.34592897,0.385301,-0.047407687,0.003986556,1.0454936,0.3618377,0.95248884,-0.35190105,0.9434544,0.52531695,1.0713439,0.976468,-0.24178284,0.77750087,-0.14087129,0.87149143,0.4960737,-0.5259104,0.74252504,0.71635365,-0.43738914,-0.42492956,1.3302739,-0.35703254,-0.23599786,-0.3445812,0.7412821,0.2614913,-0.24928021,-0.19003367,0.50467783,-0.56389046,0.8028996,-0.4409737,-0.8624314,0.30447364,-0.28149313,-0.4965765,-0.6820009,-0.4842692,0.8504989,0.6538959,0.6781881,-0.15844685,0.6031498,0.49523586,-0.10729492,0.23090738,-0.60620844,1.2564288,-0.6457622,1.5274904,-0.4156279,0.030208342,0.31434476,-0.060676396,1.0352076,-0.46194565,-0.3253836,0.31827432,-0.31927353,-0.18346351,-0.6073068,-0.1673274,-0.46808952,-0.7864762,-0.2921332,-0.60777235,-0.3016862,-0.13154319,1.633458,2.286007,-1.6064556,0.31073424,0.8421908,-1.4907851,1.7358922,-0.12776849,-0.42548817,-3.327165,1.5963684,-0.8237171,1.3789858,4.076952,1.5647748,1.178154,-1.2193732,-0.6960829,-3.049759,-1.2283275,-0.13705577,2.6962848,2.987954,0.90939015,-1.2028068,-0.9470651,-1.9695561,-1.7047064,0.6531113,0.6852079,-0.16915715,1.6390631,1.653579,2.328595,2.957743,-1.0269651,-1.4979239,-0.47746214,-1.962206,-1.5919974,-0.36454785,-0.7793983,-0.66100067,-1.448816,-3.0416303,-0.6686348,-1.7859672,1.0003039,-3.4562714,1.5433983,0.3383922,-1.8067815,1.5216775,0.20619288,-0.45003843,-0.35971168,-2.823629,-2.113787,0.48187426,-1.1701148,-1.8017316,2.9465249,-0.73370725,-0.13288718,2.2945693,-0.97588706,1.0013628,2.8346822,-0.80821097,-1.0905161,-0.7456946,-0.03284143,-2.1228108,1.6495993,-1.2562983,1.5861703,1.8695445,0.79759216,-0.4428325,-2.1251364,-0.5336228,0.026950207,-0.14913589,-0.2310167,0.6722152,1.0557669,1.8635821,2.165711,-1.6708841,-1.9547894,1.698403,2.7954946,-0.13365145,-0.1559338,-2.0584092,-2.325334,-2.9178553,1.0222557,1.7265967,2.007151,1.650785,0.63327414,-1.9661832,-1.9322474,-1.5904274,2.466051,0.4714324,0.12064482,1.4665644,-0.66158044,2.7214072,1.595145,-3.117781,-2.3197525,-0.19776456,-1.6574444,1.7090545,2.464808,-1.1771657,-1.9033982,1.4914297,-1.3534919,-0.60398346,-0.058002755
149,0.6963749,0.50644594,0.437934,-0.7412611,0.48906472,0.70312345,-0.60325927,0.12005235,-0.5862218,0.61100274,1.4236139,-0.6270926,-0.67947537,-0.46540356,0.10457399,0.19311698,-0.42974913,-0.00020599365,-0.59385574,-0.36309218,0.48768294,-0.21609777,1.3354067,0.6397651,-0.7743203,0.79220587,0.2568772,0.6846148,0.62242424,-0.6292934,-0.17006099,-0.17896438,-0.3389008,-0.49879086,0.14185463,1.0728892,-0.36166048,-0.57815397,-0.61361414,0.3425103,-0.5042516,-0.63408256,-0.7488537,0.6898337,0.25115648,-0.67239124,0.67494154,-0.5871098,0.40074605,1.0270381,-0.16952235,-0.8630223,-0.7675625,-0.758939,0.11036646,-0.12305945,0.8093244,0.5603541,-0.58038616,-0.21566552,-0.15713185,0.6481197,-0.34592897,0.385301,-0.047407687,0.003986556,1.0454936,0.3618377,0.95248884,-0.35190105,0.9434544,0.52531695,1.0713439,0.976468,-0.24178284,0.77750087,-0.14087129,0.87149143,0.4960737,-0.5259104,0.74252504,0.71635365,-0.43738914,-0.42492956,1.3302739,-0.35703254,-0.23599786,-0.3445812,0.7412821,0.2614913,-0.24928021,-0.19003367,0.50467783,-0.56389046,0.8028996,-0.4409737,-0.8624314,0.30447364,-0.28149313,-0.4965765,-0.6820009,-0.4842692,0.8504989,0.6538959,0.6781881,-0.15844685,0.6031498,0.49523586,-0.10729492,0.23090738,-0.60620844,1.2564288,-0.6457622,1.5274904,-0.4156279,0.030208342,0.31434476,-0.060676396,1.0352076,-0.46194565,-0.3253836,0.31827432,-0.31927353,-0.18346351,-0.6073068,-0.1673274,-0.46808952,-0.7864762,-0.2921332,-0.60777235,-0.3016862,-0.13154319,1.633458,2.286007,-1.6064556,0.31073424,0.8421908,-1.4907851,1.7358922,-0.12776849,-0.42548817,-3.327165,1.5963684,-0.8237171,1.3789858,4.076952,1.5647748,1.178154,-1.2193732,-0.6960829,-3.049759,-1.2283275,-0.13705577,2.6962848,2.987954,0.90939015,-1.2028068,-0.9470651,-1.9695561,-1.7047064,0.6531113,0.6852079,-0.16915715,1.6390631,1.653579,2.328595,2.957743,-1.0269651,-1.4979239,-0.47746214,-1.962206,-1.5919974,-0.36454785,-0.7793983,-0.66100067,-1.448816,-3.0416303,-0.6686348,-1.7859672,1.0003039,-3.4562714,1.5433983,0.3383922,-1.8067815,1.5216775,0.20619288,-0.45003843,-0.35971168,-2.823629,-2.113787,0.48187426,-1.1701148,-1.8017316,2.9465249,-0.73370725,-0.13288718,2.2945693,-0.97588706,1.0013628,2.8346822,-0.80821097,-1.0905161,-0.7456946,-0.03284143,-2.1228108,1.6495993,-1.2562983,1.5861703,1.8695445,0.79759216,-0.4428325,-2.1251364,-0.5336228,0.026950207,-0.14913589,-0.2310167,0.6722152,1.0557669,1.8635821,2.165711,-1.6708841,-1.9547894,1.698403,2.7954946,-0.13365145,-0.1559338,-2.0584092,-2.325334,-2.9178553,1.0222557,1.7265967,2.007151,1.650785,0.63327414,-1.9661832,-1.9322474,-1.5904274,2.466051,0.4714324,0.12064482,1.4665644,-0.66158044,2.7214072,1.595145,-3.117781,-2.3197525,-0.19776456,-1.6574444,1.7090545,2.464808,-1.1771657,-1.9033982,1.4914297,-1.3534919,-0.60398346,-0.058002755
150,0.6963749,0.50644594,0.437934,-0.7412611,0.48906472,0.70312345,-0.60325927,0.12005235,-0.5862218,0.61100274,1.4236139,-0.6270926,-0.67947537,-0.46540356,0.10457399,0.19311698,-0.42974913,-0.00020599365,-0.59385574,-0.36309218,0.48768294,-0.21609777,1.3354067,0.6397651,-0.7743203,0.79220587,0.2568772,0.6846148,0.62242424,-0.6292934,-0.17006099,-0.17896438,-0.3389008,-0.49879086,0.14185463,1.0728892,-0.36166048,-0.57815397,-0.61361414,0.3425103,-0.5042516,-0.63408256,-0.7488537,0.6898337,0.25115648,-0.67239124,0.67494154,-0.5871098,0.40074605,1.0270381,-0.16952235,-0.8630223,-0.7675625,-0.758939,0.11036646,-0.12305945,0.8093244,0.5603541,-0.58038616,-0.21566552,-0.15713185,0.6481197,-0.34592897,0.385301,-0.047407687,0.003986556,1.0454936,0.3618377,0.95248884,-0.35190105,0.9434544,0.52531695,1.0713439,0.976468,-0.24178284,0.77750087,-0.14087129,0.87149143,0.4960737,-0.5259104,0.74252504,0.71635365,-0.43738914,-0.42492956,1.3302739,-0.35703254,-0.23599786,-0.3445812,0.7412821,0.2614913,-0.24928021,-0.19003367,0.50467783,-0.56389046,0.8028996,-0.4409737,-0.8624314,0.30447364,-0.28149313,-0.4965765,-0.6820009,-0.4842692,0.8504989,0.6538959,0.6781881,-0.15844685,0.6031498,0.49523586,-0.10729492,0.23090738,-0.60620844,1.2564288,-0.6457622,1.5274904,-0.4156279,0.030208342,0.31434476,-0.060676396,1.0352076,-0.46194565,-0.3253836,0.31827432,-0.31927353,-0.18346351,-0.6073068,-0.1673274,-0.46808952,-0.7864762,-0.2921332,-0.60777235,-0.3016862,-0.13154319,1.633458,2.286007,-1.6064556,0.31073424,0.8421908,-1.4907851,1.7358922,-0.12776849,-0.42548817,-3.327165,1.5963684,-0.8237171,1.3789858,4.076952,1.5647748,1.178154,-1.2193732,-0.6960829,-3.049759,-1.2283275,-0.13705577,2.6962848,2.987954,0.90939015,-1.2028068,-0.9470651,-1.9695561,-1.7047064,0.6531113,0.6852079,-0.16915715,1.6390631,1.653579,2.328595,2.957743,-1.0269651,-1.4979239,-0.47746214,-1.962206,-1.5919974,-0.36454785,-0.7793983,-0.66100067,-1.448816,-3.0416303,-0.6686348,-1.7859672,1.0003039,-3.4562714,1.5433983,0.3383922,-1.8067815,1.5216775,0.20619288,-0.45003843,-0.35971168,-2.823629,-2.113787,0.48187426,-1.1701148,-1.8017316,2.9465249,-0.73370725,-0.13288718,2.2945693,-0.97588706,1.0013628,2.8346822,-0.80821097,-1.0905161,-0.7456946,-0.03284143,-2.1228108,1.6495993,-1.2562983,1.5861703,1.8695445,0.79759216,-0.4428325,-2.1251364,-0.5336228,0.026950207,-0.14913589,-0.2310167,0.6722152,1.0557669,1.8635821,2.165711,-1.6708841,-1.9547894,1.698403,2.7954946,-0.13365145,-0.1559338,-2.0584092,-2.325334,-2.9178553,1.0222557,1.7265967,2.007151,1.650785,0.63327414,-1.9661832,-1.9322474,-1.5904274,2.466051,0.4714324,0.12064482,1.4665644,-0.66158044,2.7214072,1.595145,-3.117781,-2.3197525,-0.19776456,-1.6574444,1.7090545,2.464808,-1.1771657,-1.9033982,1.4914297,-1.3534919,-0.60398346,-0.058002755
151,0.6963749,0.50644594,0.437934,-0.7412611,0.48906472,0.70312345,-0.60325927,0.12005235,-0.5862218,0.61100274,1.4236139,-0.6270926,-0.67947537,-0.46540356,0.10457399,0.19311698,-0.42974913,-0.00020599365,-0.59385574,-0.36309218,0.48768294,-0.21609777,1.3354067,0.6397651,-0.7743203,0.79220587,0.2568772,0.6846148,0.62242424,-0.6292934,-0.17006099,-0.17896438,-0.3389008,-0.49879086,0.14185463,1.0728892,-0.36166048,-0.57815397,-0.61361414,0.3425103,-0.5042516,-0.63408256,-0.7488537,0.6898337,0.25115648,-0.67239124,0.67494154,-0.5871098,0.40074605,1.0270381,-0.16952235,-0.8630223,-0.7675625,-0.758939,0.11036646,-0.12305945,0.8093244,0.5603541,-0.58038616,-0.21566552,-0.15713185,0.6481197,-0.34592897,0.385301,-0.047407687,0.003986556,1.0454936,0.3618377,0.95248884,-0.35190105,0.9434544,0.52531695,1.0713439,0.976468,-0.24178284,0.77750087,-0.14087129,0.87149143,0.4960737,-0.5259104,0.74252504,0.71635365,-0.43738914,-0.42492956,1.3302739,-0.35703254,-0.23599786,-0.3445812,0.7412821,0.2614913,-0.24928021,-0.19003367,0.50467783,-0.56389046,0.8028996,-0.4409737,-0.8624314,0.30447364,-0.28149313,-0.4965765,-0.6820009,-0.4842692,0.8504989,0.6538959,0.6781881,-0.15844685,0.6031498,0.49523586,-0.10729492,0.23090738,-0.60620844,1.2564288,-0.6457622,1.5274904,-0.4156279,0.030208342,0.31434476,-0.060676396,1.0352076,-0.46194565,-0.3253836,0.31827432,-0.31927353,-0.18346351,-0.6073068,-0.1673274,-0.46808952,-0.7864762,-0.2921332,-0.60777235,-0.3016862,-0.13154319,1.633458,2.286007,-1.6064556,0.31073424,0.8421908,-1.4907851,1.7358922,-0.12776849,-0.42548817,-3.327165,1.5963684,-0.8237171,1.3789858,4.076952,1.5647748,1.178154,-1.2193732,-0.6960829,-3.049759,-1.2283275,-0.13705577,2.6962848,2.987954,0.90939015,-1.2028068,-0.9470651,-1.9695561,-1.7047064,0.6531113,0.6852079,-0.16915715,1.6390631,1.653579,2.328595,2.957743,-1.0269651,-1.4979239,-0.47746214,-1.962206,-1.5919974,-0.36454785,-0.7793983,-0.66100067,-1.448816,-3.0416303,-0.6686348,-1.7859672,1.0003039,-3.4562714,1.5433983,0.3383922,-1.8067815,1.5216775,0.20619288,-0.45003843,-0.35971168,-2.823629,-2.113787,0.48187426,-1.1701148,-1.8017316,2.9465249,-0.73370725,-0.13288718,2.2945693,-0.97588706,1.0013628,2.8346822,-0.80821097,-1.0905161,-0.7456946,-0.03284143,-2.1228108,1.6495993,-1.2562983,1.5861703,1.8695445,0.79759216,-0.4428325,-2.1251364,-0.5336228,0.026950207,-0.14913589,-0.2310167,0.6722152,1.0557669,1.8635821,2.165711,-1.6708841,-1.9547894,1.698403,2.7954946,-0.13365145,-0.1559338,-2.0584092,-2.325334,-2.9178553,1.0222557,1.7265967,2.007151,1.650785,0.63327414,-1.9661832,-1.9322474,-1.5904274,2.466051,0.4714324,0.12064482,1.4665644,-0.66158044,2.7214072,1.595145,-3.117781,-2.3197525,-0.19776456,-1.6574444,1.7090545,2.464808,-1.1771657,-1.9033982,1.4914297,-1.3534919,-0.60398346,-0.058002755
152,0.6963749,0.50644594,0.437934,-0.7412611,0.48906472,0.70312345,-0.60325927,0.12005235,-0.5862218,0.61100274,1.4236139,-0.6270926,-0.67947537,-0.46540356,0.10457399,0.19311698,-0.42974913,-0.00020599365,-0.59385574,-0.36309218,0.48768294,-0.21609777,1.3354067,0.6397651,-0.7743203,0.79220587,0.2568772,0.6846148,0.62242424,-0.6292934,-0.17006099,-0.17896438,-0.3389008,-0.49879086,0.14185463,1.0728892,-0.36166048,-0.57815397,-0.61361414,0.3425103,-0.5042516,-0.63408256,-0.7488537,0.6898337,0.25115648,-0.67239124,0.67494154,-0.5871098,0.40074605,1.0270381,-0.16952235,-0.8630223,-0.7675625,-0.758939,0.11036646,-0.12305945,0.8093244,0.5603541,-0.58038616,-0.21566552,-0.15713185,0.6481197,-0.34592897,0.385301,-0.047407687,0.003986556,1.0454936,0.3618377,0.95248884,-0.35190105,0.9434544,0.52531695,1.0713439,0.976468,-0.24178284,0.77750087,-0.14087129,0.87149143,0.4960737,-0.5259104,0.74252504,0.71635365,-0.43738914,-0.42492956,1.3302739,-0.35703254,-0.23599786,-0.3445812,0.7412821,0.2614913,-0.24928021,-0.19003367,0.50467783,-0.56389046,0.8028996,-0.4409737,-0.8624314,0.30447364,-0.28149313,-0.4965765,-0.6820009,-0.4842692,0.8504989,0.6538959,0.6781881,-0.15844685,0.6031498,0.49523586,-0.10729492,0.23090738,-0.60620844,1.2564288,-0.6457622,1.5274904,-0.4156279,0.030208342,0.31434476,-0.060676396,1.0352076,-0.46194565,-0.3253836,0.31827432,-0.31927353,-0.18346351,-0.6073068,-0.1673274,-0.46808952,-0.7864762,-0.2921332,-0.60777235,-0.3016862,-0.13154319,1.633458,2.286007,-1.6064556,0.31073424,0.8421908,-1.4907851,1.7358922,-0.12776849,-0.42548817,-3.327165,1.5963684,-0.8237171,1.3789858,4.076952,1.5647748,1.178154,-1.2193732,-0.6960829,-3.049759,-1.2283275,-0.13705577,2.6962848,2.987954,0.90939015,-1.2028068,-0.9470651,-1.9695561,-1.7047064,0.6531113,0.6852079,-0.16915715,1.6390631,1.653579,2.328595,2.957743,-1.0269651,-1.4979239,-0.47746214,-1.962206,-1.5919974,-0.36454785,-0.7793983,-0.66100067,-1.448816,-3.0416303,-0.6686348,-1.7859672,1.0003039,-3.4562714,1.5433983,0.3383922,-1.8067815,1.5216775,0.20619288,-0.45003843,-0.35971168,-2.823629,-2.113787,0.48187426,-1.1701148,-1.8017316,2.9465249,-0.73370725,-0.13288718,2.2945693,-0.97588706,1.0013628,2.8346822,-0.80821097,-1.0905161,-0.7456946,-0.03284143,-2.1228108,1.6495993,-1.2562983,1.5861703,1.8695445,0.79759216,-0.4428325,-2.1251364,-0.5336228,0.026950207,-0.14913589,-0.2310167,0.6722152,1.0557669,1.8635821,2.165711,-1.6708841,-1.9547894,1.698403,2.7954946,-0.13365145,-0.1559338,-2.0584092,-2.325334,-2.9178553,1.0222557,1.7265967,2.007151,1.650785,0.63327414,-1.9661832,-1.9322474,-1.5904274,2.466051,0.4714324,0.12064482,1.4665644,-0.66158044,2.7214072,1.595145,-3.117781,-2.3197525,-0.19776456,-1.6574444,1.7090545,2.464808,-1.1771657,-1.9033982,1.4914297,-1.3534919,-0.60398346,-0.058002755
153,0.6963749,0.50644594,0.437934,-0.7412611,0.48906472,0.70312345,-0.60325927,0.12005235,-0.5862218,0.61100274,1.4236139,-0.6270926,-0.67947537,-0.46540356,0.10457399,0.19311698,-0.42974913,-0.00020599365,-0.59385574,-0.36309218,0.48768294,-0.21609777,1.3354067,0.6397651,-0.7743203,0.79220587,0.2568772,0.6846148,0.62242424,-0.6292934,-0.17006099,-0.17896438,-0.3389008,-0.49879086,0.14185463,1.0728892,-0.36166048,-0.57815397,-0.61361414,0.3425103,-0.5042516,-0.63408256,-0.7488537,0.6898337,0.25115648,-0.67239124,0.67494154,-0.5871098,0.40074605,1.0270381,-0.16952235,-0.8630223,-0.7675625,-0.758939,0.11036646,-0.12305945,0.8093244,0.5603541,-0.58038616,-0.21566552,-0.15713185,0.6481197,-0.34592897,0.385301,-0.047407687,0.003986556,1.0454936,0.3618377,0.95248884,-0.35190105,0.9434544,0.52531695,1.0713439,0.976468,-0.24178284,0.77750087,-0.14087129,0.87149143,0.4960737,-0.5259104,0.74252504,0.71635365,-0.43738914,-0.42492956,1.3302739,-0.35703254,-0.23599786,-0.3445812,0.7412821,0.2614913,-0.24928021,-0.19003367,0.50467783,-0.56389046,0.8028996,-0.4409737,-0.8624314,0.30447364,-0.28149313,-0.4965765,-0.6820009,-0.4842692,0.8504989,0.6538959,0.6781881,-0.15844685,0.6031498,0.49523586,-0.10729492,0.23090738,-0.60620844,1.2564288,-0.6457622,1.5274904,-0.4156279,0.030208342,0.31434476,-0.060676396,1.0352076,-0.46194565,-0.3253836,0.31827432,-0.31927353,-0.18346351,-0.6073068,-0.1673274,-0.46808952,-0.7864762,-0.2921332,-0.60777235,-0.3016862,-0.13154319,1.633458,2.286007,-1.6064556,0.31073424,0.8421908,-1.4907851,1.7358922,-0.12776849,-0.42548817,-3.327165,1.5963684,-0.8237171,1.3789858,4.076952,1.5647748,1.178154,-1.2193732,-0.6960829,-3.049759,-1.2283275,-0.13705577,2.6962848,2.987954,0.90939015,-1.2028068,-0.9470651,-1.9695561,-1.7047064,0.6531113,0.6852079,-0.16915715,1.6390631,1.653579,2.328595,2.957743,-1.0269651,-1.4979239,-0.47746214,-1.962206,-1.5919974,-0.36454785,-0.7793983,-0.66100067,-1.448816,-3.0416303,-0.6686348,-1.7859672,1.0003039,-3.4562714,1.5433983,0.3383922,-1.8067815,1.5216775,0.20619288,-0.45003843,-0.35971168,-2.823629,-2.113787,0.48187426,-1.1701148,-1.8017316,2.9465249,-0.73370725,-0.13288718,2.2945693,-0.97588706,1.0013628,2.8346822,-0.80821097,-1.0905161,-0.7456946,-0.03284143,-2.1228108,1.6495993,-1.2562983,1.5861703,1.8695445,0.79759216,-0.4428325,-2.1251364,-0.5336228,0.026950207,-0.14913589,-0.2310167,0.6722152,1.0557669,1.8635821,2.165711,-1.6708841,-1.9547894,1.698403,2.7954946,-0.13365145,-0.1559338,-2.0584092,-2.325334,-2.9178553,1.0222557,1.7265967,2.007151,1.650785,0.63327414,-1.9661832,-1.9322474,-1.5904274,2.466051,0.4714324,0.12064482,1.4665644,-0.66158044,2.7214072,1.595145,-3.117781,-2.3197525,-0.19776456,-1.6574444,1.7090545,2.464808,-1.1771657,-1.9033982,1.4914297,-1.3534919,-0.60398346,-0.058002755
154,0.6963749,0.50644594,0.437934,-0.7412611,0.48906472,0.70312345,-0.60325927,0.12005235,-0.5862218,0.61100274,1.4236139,-0.6270926,-0.67947537,-0.46540356,0.10457399,0.19311698,-0.42974913,-0.00020599365,-0.59385574,-0.36309218,0.48768294,-0.21609777,1.3354067,0.6397651,-0.7743203,0.79220587,0.2568772,0.6846148,0.62242424,-0.6292934,-0.17006099,-0.17896438,-0.3389008,-0.49879086,0.14185463,1.0728892,-0.36166048,-0.57815397,-0.61361414,0.3425103,-0.5042516,-0.63408256,-0.7488537,0.6898337,0.25115648,-0.67239124,0.67494154,-0.5871098,0.40074605,1.0270381,-0.16952235,-0.8630223,-0.7675625,-0.758939,0.11036646,-0.12305945,0.8093244,0.5603541,-0.58038616,-0.21566552,-0.15713185,0.6481197,-0.34592897,0.385301,-0.047407687,0.003986556,1.0454936,0.3618377,0.95248884,-0.35190105,0.9434544,0.52531695,1.0713439,0.976468,-0.24178284,0.77750087,-0.14087129,0.87149143,0.4960737,-0.5259104,0.74252504,0.71635365,-0.43738914,-0.42492956,1.3302739,-0.35703254,-0.23599786,-0.3445812,0.7412821,0.2614913,-0.24928021,-0.19003367,0.50467783,-0.56389046,0.8028996,-0.4409737,-0.8624314,0.30447364,-0.28149313,-0.4965765,-0.6820009,-0.4842692,0.8504989,0.6538959,0.6781881,-0.15844685,0.6031498,0.49523586,-0.10729492,0.23090738,-0.60620844,1.2564288,-0.6457622,1.5274904,-0.4156279,0.030208342,0.31434476,-0.060676396,1.0352076,-0.46194565,-0.3253836,0.31827432,-0.31927353,-0.18346351,-0.6073068,-0.1673274,-0.46808952,-0.7864762,-0.2921332,-0.60777235,-0.3016862,-0.13154319,1.633458,2.286007,-1.6064556,0.31073424,0.8421908,-1.4907851,1.7358922,-0.12776849,-0.42548817,-3.327165,1.5963684,-0.8237171,1.3789858,4.076952,1.5647748,1.178154,-1.2193732,-0.6960829,-3.049759,-1.2283275,-0.13705577,2.6962848,2.987954,0.90939015,-1.2028068,-0.9470651,-1.9695561,-1.7047064,0.6531113,0.6852079,-0.16915715,1.6390631,1.653579,2.328595,2.957743,-1.0269651,-1.4979239,-0.47746214,-1.962206,-1.5919974,-0.36454785,-0.7793983,-0.66100067,-1.448816,-3.0416303,-0.6686348,-1.7859672,1.0003039,-3.4562714,1.5433983,0.3383922,-1.8067815,1.5216775,0.20619288,-0.45003843,-0.35971168,-2.823629,-2.113787,0.48187426,-1.1701148,-1.8017316,2.9465249,-0.73370725,-0.13288718,2.2945693,-0.97588706,1.0013628,2.8346822,-0.80821097,-1.0905161,-0.7456946,-0.03284143,-2.1228108,1.6495993,-1.2562983,1.5861703,1.8695445,0.79759216,-0.4428325,-2.1251364,-0.5336228,0.026950207,-0.14913589,-0.2310167,0.6722152,1.0557669,1.8635821,2.165711,-1.6708841,-1.9547894,1.698403,2.7954946,-0.13365145,-0.1559338,-2.0584092,-2.325334,-2.9178553,1.0222557,1.7265967,2.007151,1.650785,0.63327414,-1.9661832,-1.9322474,-1.5904274,2.466051,0.4714324,0.12064482,1.4665644,-0.66158044,2.7214072,1.595145,-3.117781,-2.3197525,-0.19776456,-1.6574444,1.7090545,2.464808,-1.1771657,-1.9033982,1.4914297,-1.3534919,-0.60398346,-0.058002755
155,0.6963749,0.50644594,0.437934,-0.7412611,0.48906472,0.70312345,-0.60325927,0.12005235,-0.5862218,0.61100274,1.4236139,-0.6270926,-0.67947537,-0.46540356,0.10457399,0.19311698,-0.42974913,-0.00020599365,-0.59385574,-0.36309218,0.48768294,-0.21609777,1.3354067,0.6397651,-0.7743203,0.79220587,0.2568772,0.6846148,0.62242424,-0.6292934,-0.17006099,-0.17896438,-0.3389008,-0.49879086,0.14185463,1.0728892,-0.36166048,-0.57815397,-0.61361414,0.3425103,-0.5042516,-0.63408256,-0.7488537,0.6898337,0.25115648,-0.67239124,0.67494154,-0.5871098,0.40074605,1.0270381,-0.16952235,-0.8630223,-0.7675625,-0.758939,0.11036646,-0.12305945,0.8093244,0.5603541,-0.58038616,-0.21566552,-0.15713185,0.6481197,-0.34592897,0.385301,-0.047407687,0.003986556,1.0454936,0.3618377,0.95248884,-0.35190105,0.9434544,0.52531695,1.0713439,0.976468,-0.24178284,0.77750087,-0.14087129,0.87149143,0.4960737,-0.5259104,0.74252504,0.71635365,-0.43738914,-0.42492956,1.3302739,-0.35703254,-0.23599786,-0.3445812,0.7412821,0.2614913,-0.24928021,-0.19003367,0.50467783,-0.56389046,0.8028996,-0.4409737,-0.8624314,0.30447364,-0.28149313,-0.4965765,-0.6820009,-0.4842692,0.8504989,0.6538959,0.6781881,-0.15844685,0.6031498,0.49523586,-0.10729492,0.23090738,-0.60620844,1.2564288,-0.6457622,1.5274904,-0.4156279,0.030208342,0.31434476,-0.060676396,1.0352076,-0.46194565,-0.3253836,0.31827432,-0.31927353,-0.18346351,-0.6073068,-0.1673274,-0.46808952,-0.7864762,-0.2921332,-0.60777235,-0.3016862,-0.13154319,1.633458,2.286007,-1.6064556,0.31073424,0.8421908,-1.4907851,1.7358922,-0.12776849,-0.42548817,-3.327165,1.5963684,-0.8237171,1.3789858,4.076952,1.5647748,1.178154,-1.2193732,-0.6960829,-3.049759,-1.2283275,-0.13705577,2.6962848,2.987954,0.90939015,-1.2028068,-0.9470651,-1.9695561,-1.7047064,0.6531113,0.6852079,-0.16915715,1.6390631,1.653579,2.328595,2.957743,-1.0269651,-1.4979239,-0.47746214,-1.962206,-1.5919974,-0.36454785,-0.7793983,-0.66100067,-1.448816,-3.0416303,-0.6686348,-1.7859672,1.0003039,-3.4562714,1.5433983,0.3383922,-1.8067815,1.5216775,0.20619288,-0.45003843,-0.35971168,-2.823629,-2.113787,0.48187426,-1.1701148,-1.8017316,2.9465249,-0.73370725,-0.13288718,2.2945693,-0.97588706,1.0013628,2.8346822,-0.80821097,-1.0905161,-0.7456946,-0.03284143,-2.1228108,1.6495993,-1.2562983,1.5861703,1.8695445,0.79759216,-0.4428325,-2.1251364,-0.5336228,0.026950207,-0.14913589,-0.2310167,0.6722152,1.0557669,1.8635821,2.165711,-1.6708841,-1.9547894,1.698403,2.7954946,-0.13365145,-0.1559338,-2.0584092,-2.325334,-2.9178553,1.0222557,1.7265967,2.007151,1.650785,0.63327414,-1.9661832,-1.9322474,-1.5904274,2.466051,0.4714324,0.12064482,1.4665644,-0.66158044,2.7214072,1.595145,-3.117781,-2.3197525,-0.19776456,-1.6574444,1.7090545,2.464808,-1.1771657,-1.9033982,1.4914297,-1.3534919,-0.60398346,-0.058002755
156,0.6963749,0.50644594,0.437934,-0.7412611,0.48906472,0.70312345,-0.60325927,0.12005235,-0.5862218,0.61100274,1.4236139,-0.6270926,-0.67947537,-0.46540356,0.10457399,0.19311698,-0.42974913,-0.00020599365,-0.59385574,-0.36309218,0.48768294,-0.21609777,1.3354067,0.6397651,-0.7743203,0.79220587,0.2568772,0.6846148,0.62242424,-0.6292934,-0.17006099,-0.17896438,-0.3389008,-0.49879086,0.14185463,1.0728892,-0.36166048,-0.57815397,-0.61361414,0.3425103,-0.5042516,-0.63408256,-0.7488537,0.6898337,0.25115648,-0.67239124,0.67494154,-0.5871098,0.40074605,1.0270381,-0.16952235,-0.8630223,-0.7675625,-0.758939,0.11036646,-0.12305945,0.8093244,0.5603541,-0.58038616,-0.21566552,-0.15713185,0.6481197,-0.34592897,0.385301,-0.047407687,0.003986556,1.0454936,0.3618377,0.95248884,-0.35190105,0.9434544,0.52531695,1.0713439,0.976468,-0.24178284,0.77750087,-0.14087129,0.87149143,0.4960737,-0.5259104,0.74252504,0.71635365,-0.43738914,-0.42492956,1.3302739,-0.35703254,-0.23599786,-0.3445812,0.7412821,0.2614913,-0.24928021,-0.19003367,0.50467783,-0.56389046,0.8028996,-0.4409737,-0.8624314,0.30447364,-0.28149313,-0.4965765,-0.6820009,-0.4842692,0.8504989,0.6538959,0.6781881,-0.15844685,0.6031498,0.49523586,-0.10729492,0.23090738,-0.60620844,1.2564288,-0.6457622,1.5274904,-0.4156279,0.030208342,0.31434476,-0.060676396,1.0352076,-0.46194565,-0.3253836,0.31827432,-0.31927353,-0.18346351,-0.6073068,-0.1673274,-0.46808952,-0.7864762,-0.2921332,-0.60777235,-0.3016862,-0.13154319,1.633458,2.286007,-1.6064556,0.31073424,0.8421908,-1.4907851,1.7358922,-0.12776849,-0.42548817,-3.327165,1.5963684,-0.8237171,1.3789858,4.076952,1.5647748,1.178154,-1.2193732,-0.6960829,-3.049759,-1.2283275,-0.13705577,2.6962848,2.987954,0.90939015,-1.2028068,-0.9470651,-1.9695561,-1.7047064,0.6531113,0.6852079,-0.16915715,1.6390631,1.653579,2.328595,2.957743,-1.0269651,-1.4979239,-0.47746214,-1.962206,-1.5919974,-0.36454785,-0.7793983,-0.66100067,-1.448816,-3.0416303,-0.6686348,-1.7859672,1.0003039,-3.4562714,1.5433983,0.3383922,-1.8067815,1.5216775,0.20619288,-0.45003843,-0.35971168,-2.823629,-2.113787,0.48187426,-1.1701148,-1.8017316,2.9465249,-0.73370725,-0.13288718,2.2945693,-0.97588706,1.0013628,2.8346822,-0.80821097,-1.0905161,-0.7456946,-0.03284143,-2.1228108,1.6495993,-1.2562983,1.5861703,1.8695445,0.79759216,-0.4428325,-2.1251364,-0.5336228,0.026950207,-0.14913589,-0.2310167,0.6722152,1.0557669,1.8635821,2.165711,-1.6708841,-1.9547894,1.698403,2.7954946,-0.13365145,-0.1559338,-2.0584092,-2.325334,-2.9178553,1.0222557,1.7265967,2.007151,1.650785,0.63327414,-1.9661832,-1.9322474,-1.5904274,2.466051,0.4714324,0.12064482,1.4665644,-0.66158044,2.7214072,1.595145,-3.117781,-2.3197525,-0.19776456,-1.6574444,1.7090545,2.464808,-1.1771657,-1.9033982,1.4914297,-1.3534919,-0.60398346,-0.058002755
157,0.6963749,0.50644594,0.437934,-0.7412611,0.48906472,0.70312345,-0.60325927,0.12005235,-0.5862218,0.61100274,1.4236139,-0.6270926,-0.67947537,-0.46540356,0.10457399,0.19311698,-0.42974913,-0.00020599365,-0.59385574,-0.36309218,0.48768294,-0.21609777,1.3354067,0.6397651,-0.7743203,0.79220587,0.2568772,0.6846148,0.62242424,-0.6292934,-0.17006099,-0.17896438,-0.3389008,-0.49879086,0.14185463,1.0728892,-0.36166048,-0.57815397,-0.61361414,0.3425103,-0.5042516,-0.63408256,-0.7488537,0.6898337,0.25115648,-0.67239124,0.67494154,-0.5871098,0.40074605,1.0270381,-0.16952235,-0.8630223,-0.7675625,-0.758939,0.11036646,-0.12305945,0.8093244,0.5603541,-0.58038616,-0.21566552,-0.15713185,0.6481197,-0.34592897,0.385301,-0.047407687,0.003986556,1.0454936,0.3618377,0.95248884,-0.35190105,0.9434544,0.52531695,1.0713439,0.976468,-0.24178284,0.77750087,-0.14087129,0.87149143,0.4960737,-0.5259104,0.74252504,0.71635365,-0.43738914,-0.42492956,1.3302739,-0.35703254,-0.23599786,-0.3445812,0.7412821,0.2614913,-0.24928021,-0.19003367,0.50467783,-0.56389046,0.8028996,-0.4409737,-0.8624314,0.30447364,-0.28149313,-0.4965765,-0.6820009,-0.4842692,0.8504989,0.6538959,0.6781881,-0.15844685,0.6031498,0.49523586,-0.10729492,0.23090738,-0.60620844,1.2564288,-0.6457622,1.5274904,-0.4156279,0.030208342,0.31434476,-0.060676396,1.0352076,-0.46194565,-0.3253836,0.31827432,-0.31927353,-0.18346351,-0.6073068,-0.1673274,-0.46808952,-0.7864762,-0.2921332,-0.60777235,-0.3016862,-0.13154319,1.633458,2.286007,-1.6064556,0.31073424,0.8421908,-1.4907851,1.7358922,-0.12776849,-0.42548817,-3.327165,1.5963684,-0.8237171,1.3789858,4.076952,1.5647748,1.178154,-1.2193732,-0.6960829,-3.049759,-1.2283275,-0.13705577,2.6962848,2.987954,0.90939015,-1.2028068,-0.9470651,-1.9695561,-1.7047064,0.6531113,0.6852079,-0.16915715,1.6390631,1.653579,2.328595,2.957743,-1.0269651,-1.4979239,-0.47746214,-1.962206,-1.5919974,-0.36454785,-0.7793983,-0.66100067,-1.448816,-3.0416303,-0.6686348,-1.7859672,1.0003039,-3.4562714,1.5433983,0.3383922,-1.8067815,1.5216775,0.20619288,-0.45003843,-0.35971168,-2.823629,-2.113787,0.48187426,-1.1701148,-1.8017316,2.9465249,-0.73370725,-0.13288718,2.2945693,-0.97588706,1.0013628,2.8346822,-0.80821097,-1.0905161,-0.7456946,-0.03284143,-2.1228108,1.6495993,-1.2562983,1.5861703,1.8695445,0.79759216,-0.4428325,-2.1251364,-0.5336228,0.026950207,-0.14913589,-0.2310167,0.6722152,1.0557669,1.8635821,2.165711,-1.6708841,-1.9547894,1.698403,2.7954946,-0.13365145,-0.1559338,-2.0584092,-2.325334,-2.9178553,1.0222557,1.7265967,2.007151,1.650785,0.63327414,-1.9661832,-1.9322474,-1.5904274,2.466051,0.4714324,0.12064482,1.4665644,-0.66158044,2.7214072,1.595145,-3.117781,-2.3197525,-0.19776456,-1.6574444,1.7090545,2.464808,-1.1771657,-1.9033982,1.4914297,-1.3534919,-0.60398346,-0.058002755
158,0.6963749,0.50644594,0.437934,-0.7412611,0.48906472,0.70312345,-0.60325927,0.12005235,-0.5862218,0.61100274,1.4236139,-0.6270926,-0.67947537,-0.46540356,0.10457399,0.19311698,-0.42974913,-0.00020599365,-0.59385574,-0.36309218,0.48768294,-0.21609777,1.3354067,0.6397651,-0.7743203,0.79220587,0.2568772,0.6846148,0.62242424,-0.6292934,-0.17006099,-0.17896438,-0.3389008,-0.49879086,0.14185463,1.0728892,-0.36166048,-0.57815397,-0.61361414,0.3425103,-0.5042516,-0.63408256,-0.7488537,0.6898337,0.25115648,-0.67239124,0.67494154,-0.5871098,0.40074605,1.0270381,-0.16952235,-0.8630223,-0.7675625,-0.758939,0.11036646,-0.12305945,0.8093244,0.5603541,-0.58038616,-0.21566552,-0.15713185,0.6481197,-0.34592897,0.385301,-0.047407687,0.003986556,1.0454936,0.3618377,0.95248884,-0.35190105,0.9434544,0.52531695,1.0713439,0.976468,-0.24178284,0.77750087,-0.14087129,0.87149143,0.4960737,-0.5259104,0.74252504,0.71635365,-0.43738914,-0.42492956,1.3302739,-0.35703254,-0.23599786,-0.3445812,0.7412821,0.2614913,-0.24928021,-0.19003367,0.50467783,-0.56389046,0.8028996,-0.4409737,-0.8624314,0.30447364,-0.28149313,-0.4965765,-0.6820009,-0.4842692,0.8504989,0.6538959,0.6781881,-0.15844685,0.6031498,0.49523586,-0.10729492,0.23090738,-0.60620844,1.2564288,-0.6457622,1.5274904,-0.4156279,0.030208342,0.31434476,-0.060676396,1.0352076,-0.46194565,-0.3253836,0.31827432,-0.31927353,-0.18346351,-0.6073068,-0.1673274,-0.46808952,-0.7864762,-0.2921332,-0.60777235,-0.3016862,-0.13154319,1.633458,2.286007,-1.6064556,0.31073424,0.8421908,-1.4907851,1.7358922,-0.12776849,-0.42548817,-3.327165,1.5963684,-0.8237171,1.3789858,4.076952,1.5647748,1.178154,-1.2193732,-0.6960829,-3.049759,-1.2283275,-0.13705577,2.6962848,2.987954,0.90939015,-1.2028068,-0.9470651,-1.9695561,-1.7047064,0.6531113,0.6852079,-0.16915715,1.6390631,1.653579,2.328595,2.957743,-1.0269651,-1.4979239,-0.47746214,-1.962206,-1.5919974,-0.36454785,-0.7793983,-0.66100067,-1.448816,-3.0416303,-0.6686348,-1.7859672,1.0003039,-3.4562714,1.5433983,0.3383922,-1.8067815,1.5216775,0.20619288,-0.45003843,-0.35971168,-2.823629,-2.113787,0.48187426,-1.1701148,-1.8017316,2.9465249,-0.73370725,-0.13288718,2.2945693,-0.97588706,1.0013628,2.8346822,-0.80821097,-1.0905161,-0.7456946,-0.03284143,-2.1228108,1.6495993,-1.2562983,1.5861703,1.8695445,0.79759216,-0.4428325,-2.1251364,-0.5336228,0.026950207,-0.14913589,-0.2310167,0.6722152,1.0557669,1.8635821,2.165711,-1.6708841,-1.9547894,1.698403,2.7954946,-0.13365145,-0.1559338,-2.0584092,-2.325334,-2.9178553,1.0222557,1.7265967,2.007151,1.650785,0.63327414,-1.9661832,-1.9322474,-1.5904274,2.466051,0.4714324,0.12064482,1.4665644,-0.66158044,2.7214072,1.595145,-3.117781,-2.3197525,-0.19776456,-1.6574444,1.7090545,2.464808,-1.1771657,-1.9033982,1.4914297,-1.3534919,-0.60398346,-0.058002755
159,0.6963749,0.50644594,0.437934,-0.7412611,0.48906472,0.70312345,-0.60325927,0.12005235,-0.5862218,0.61100274,1.4236139,-0.6270926,-0.67947537,-0.46540356,0.10457399,0.19311698,-0.42974913,-0.00020599365,-0.59385574,-0.36309218,0.48768294,-0.21609777,1.3354067,0.6397651,-0.7743203,0.79220587,0.2568772,0.6846148,0.62242424,-0.6292934,-0.17006099,-0.17896438,-0.3389008,-0.49879086,0.14185463,1.0728892,-0.36166048,-0.57815397,-0.61361414,0.3425103,-0.5042516,-0.63408256,-0.7488537,0.6898337,0.25115648,-0.67239124,0.67494154,-0.5871098,0.40074605,1.0270381,-0.16952235,-0.8630223,-0.7675625,-0.758939,0.11036646,-0.12305945,0.8093244,0.5603541,-0.58038616,-0.21566552,-0.15713185,0.6481197,-0.34592897,0.385301,-0.047407687,0.003986556,1.0454936,0.3618377,0.95248884,-0.35190105,0.9434544,0.52531695,1.0713439,0.976468,-0.24178284,0.77750087,-0.14087129,0.87149143,0.4960737,-0.5259104,0.74252504,0.71635365,-0.43738914,-0.42492956,1.3302739,-0.35703254,-0.23599786,-0.3445812,0.7412821,0.2614913,-0.24928021,-0.19003367,0.50467783,-0.56389046,0.8028996,-0.4409737,-0.8624314,0.30447364,-0.28149313,-0.4965765,-0.6820009,-0.4842692,0.8504989,0.6538959,0.6781881,-0.15844685,0.6031498,0.49523586,-0.10729492,0.23090738,-0.60620844,1.2564288,-0.6457622,1.5274904,-0.4156279,0.030208342,0.31434476,-0.060676396,1.0352076,-0.46194565,-0.3253836,0.31827432,-0.31927353,-0.18346351,-0.6073068,-0.1673274,-0.46808952,-0.7864762,-0.2921332,-0.60777235,-0.3016862,-0.13154319,1.633458,2.286007,-1.6064556,0.31073424,0.8421908,-1.4907851,1.7358922,-0.12776849,-0.42548817,-3.327165,1.5963684,-0.8237171,1.3789858,4.076952,1.5647748,1.178154,-1.2193732,-0.6960829,-3.049759,-1.2283275,-0.13705577,2.6962848,2.987954,0.90939015,-1.2028068,-0.9470651,-1.9695561,-1.7047064,0.6531113,0.6852079,-0.16915715,1.6390631,1.653579,2.328595,2.957743,-1.0269651,-1.4979239,-0.47746214,-1.962206,-1.5919974,-0.36454785,-0.7793983,-0.66100067,-1.448816,-3.0416303,-0.6686348,-1.7859672,1.0003039,-3.4562714,1.5433983,0.3383922,-1.8067815,1.5216775,0.20619288,-0.45003843,-0.35971168,-2.823629,-2.113787,0.48187426,-1.1701148,-1.8017316,2.9465249,-0.73370725,-0.13288718,2.2945693,-0.97588706,1.0013628,2.8346822,-0.80821097,-1.0905161,-0.7456946,-0.03284143,-2.1228108,1.6495993,-1.2562983,1.5861703,1.8695445,0.79759216,-0.4428325,-2.1251364,-0.5336228,0.026950207,-0.14913589,-0.2310167,0.6722152,1.0557669,1.8635821,2.165711,-1.6708841,-1.9547894,1.698403,2.7954946,-0.13365145,-0.1559338,-2.0584092,-2.325334,-2.9178553,1.0222557,1.7265967,2.007151,1.650785,0.63327414,-1.9661832,-1.9322474,-1.5904274,2.466051,0.4714324,0.12064482,1.4665644,-0.66158044,2.7214072,1.595145,-3.117781,-2.3197525,-0.19776456,-1.6574444,1.7090545,2.464808,-1.1771657,-1.9033982,1.4914297,-1.3534919,-0.60398346,-0.058002755
160,0.6963749,0.50644594,0.437934,-0.7412611,0.48906472,0.70312345,-0.60325927,0.12005235,-0.5862218,0.61100274,1.4236139,-0.6270926,-0.67947537,-0.46540356,0.10457399,0.19311698,-0.42974913,-0.00020599365,-0.59385574,-0.36309218,0.48768294,-0.21609777,1.3354067,0.6397651,-0.7743203,0.79220587,0.2568772,0.6846148,0.62242424,-0.6292934,-0.17006099,-0.17896438,-0.3389008,-0.49879086,0.14185463,1.0728892,-0.36166048,-0.57815397,-0.61361414,0.3425103,-0.5042516,-0.63408256,-0.7488537,0.6898337,0.25115648,-0.67239124,0.67494154,-0.5871098,0.40074605,1.0270381,-0.16952235,-0.8630223,-0.7675625,-0.758939,0.11036646,-0.12305945,0.8093244,0.5603541,-0.58038616,-0.21566552,-0.15713185,0.6481197,-0.34592897,0.385301,-0.047407687,0.003986556,1.0454936,0.3618377,0.95248884,-0.35190105,0.9434544,0.52531695,1.0713439,0.976468,-0.24178284,0.77750087,-0.14087129,0.87149143,0.4960737,-0.5259104,0.74252504,0.71635365,-0.43738914,-0.42492956,1.3302739,-0.35703254,-0.23599786,-0.3445812,0.7412821,0.2614913,-0.24928021,-0.19003367,0.50467783,-0.56389046,0.8028996,-0.4409737,-0.8624314,0.30447364,-0.28149313,-0.4965765,-0.6820009,-0.4842692,0.8504989,0.6538959,0.6781881,-0.15844685,0.6031498,0.49523586,-0.10729492,0.23090738,-0.60620844,1.2564288,-0.6457622,1.5274904,-0.4156279,0.030208342,0.31434476,-0.060676396,1.0352076,-0.46194565,-0.3253836,0.31827432,-0.31927353,-0.18346351,-0.6073068,-0.1673274,-0.46808952,-0.7864762,-0.2921332,-0.60777235,-0.3016862,-0.13154319,1.633458,2.286007,-1.6064556,0.31073424,0.8421908,-1.4907851,1.7358922,-0.12776849,-0.42548817,-3.327165,1.5963684,-0.8237171,1.3789858,4.076952,1.5647748,1.178154,-1.2193732,-0.6960829,-3.049759,-1.2283275,-0.13705577,2.6962848,2.987954,0.90939015,-1.2028068,-0.9470651,-1.9695561,-1.7047064,0.6531113,0.6852079,-0.16915715,1.6390631,1.653579,2.328595,2.957743,-1.0269651,-1.4979239,-0.47746214,-1.962206,-1.5919974,-0.36454785,-0.7793983,-0.66100067,-1.448816,-3.0416303,-0.6686348,-1.7859672,1.0003039,-3.4562714,1.5433983,0.3383922,-1.8067815,1.5216775,0.20619288,-0.45003843,-0.35971168,-2.823629,-2.113787,0.48187426,-1.1701148,-1.8017316,2.9465249,-0.73370725,-0.13288718,2.2945693,-0.97588706,1.0013628,2.8346822,-0.80821097,-1.0905161,-0.7456946,-0.03284143,-2.1228108,1.6495993,-1.2562983,1.5861703,1.8695445,0.79759216,-0.4428325,-2.1251364,-0.5336228,0.026950207,-0.14913589,-0.2310167,0.6722152,1.0557669,1.8635821,2.165711,-1.6708841,-1.9547894,1.698403,2.7954946,-0.13365145,-0.1559338,-2.0584092,-2.325334,-2.9178553,1.0222557,1.7265967,2.007151,1.650785,0.63327414,-1.9661832,-1.9322474,-1.5904274,2.466051,0.4714324,0.12064482,1.4665644,-0.66158044,2.7214072,1.595145,-3.117781,-2.3197525,-0.19776456,-1.6574444,1.7090545,2.464808,-1.1771657,-1.9033982,1.4914297,-1.3534919,-0.60398346,-0.058002755
161,0.6963749,0.50644594,0.437934,-0.7412611,0.48906472,0.70312345,-0.60325927,0.12005235,-0.5862218,0.61100274,1.4236139,-0.6270926,-0.67947537,-0.46540356,0.10457399,0.19311698,-0.42974913,-0.00020599365,-0.59385574,-0.36309218,0.48768294,-0.21609777,1.3354067,0.6397651,-0.7743203,0.79220587,0.2568772,0.6846148,0.62242424,-0.6292934,-0.17006099,-0.17896438,-0.3389008,-0.49879086,0.14185463,1.0728892,-0.36166048,-0.57815397,-0.61361414,0.3425103,-0.5042516,-0.63408256,-0.7488537,0.6898337,0.25115648,-0.67239124,0.67494154,-0.5871098,0.40074605,1.0270381,-0.16952235,-0.8630223,-0.7675625,-0.758939,0.11036646,-0.12305945,0.8093244,0.5603541,-0.58038616,-0.21566552,-0.15713185,0.6481197,-0.34592897,0.385301,-0.047407687,0.003986556,1.0454936,0.3618377,0.95248884,-0.35190105,0.9434544,0.52531695,1.0713439,0.976468,-0.24178284,0.77750087,-0.14087129,0.87149143,0.4960737,-0.5259104,0.74252504,0.71635365,-0.43738914,-0.42492956,1.3302739,-0.35703254,-0.23599786,-0.3445812,0.7412821,0.2614913,-0.24928021,-0.19003367,0.50467783,-0.56389046,0.8028996,-0.4409737,-0.8624314,0.30447364,-0.28149313,-0.4965765,-0.6820009,-0.4842692,0.8504989,0.6538959,0.6781881,-0.15844685,0.6031498,0.49523586,-0.10729492,0.23090738,-0.60620844,1.2564288,-0.6457622,1.5274904,-0.4156279,0.030208342,0.31434476,-0.060676396,1.0352076,-0.46194565,-0.3253836,0.31827432,-0.31927353,-0.18346351,-0.6073068,-0.1673274,-0.46808952,-0.7864762,-0.2921332,-0.60777235,-0.3016862,-0.13154319,1.633458,2.286007,-1.6064556,0.31073424,0.8421908,-1.4907851,1.7358922,-0.12776849,-0.42548817,-3.327165,1.5963684,-0.8237171,1.3789858,4.076952,1.5647748,1.178154,-1.2193732,-0.6960829,-3.049759,-1.2283275,-0.13705577,2.6962848,2.987954,0.90939015,-1.2028068,-0.9470651,-1.9695561,-1.7047064,0.6531113,0.6852079,-0.16915715,1.6390631,1.653579,2.328595,2.957743,-1.0269651,-1.4979239,-0.47746214,-1.962206,-1.5919974,-0.36454785,-0.7793983,-0.66100067,-1.448816,-3.0416303,-0.6686348,-1.7859672,1.0003039,-3.4562714,1.5433983,0.3383922,-1.8067815,1.5216775,0.20619288,-0.45003843,-0.35971168,-2.823629,-2.113787,0.48187426,-1.1701148,-1.8017316,2.9465249,-0.73370725,-0.13288718,2.2945693,-0.97588706,1.0013628,2.8346822,-0.80821097,-1.0905161,-0.7456946,-0.03284143,-2.1228108,1.6495993,-1.2562983,1.5861703,1.8695445,0.79759216,-0.4428325,-2.1251364,-0.5336228,0.026950207,-0.14913589,-0.2310167,0.6722152,1.0557669,1.8635821,2.165711,-1.6708841,-1.9547894,1.698403,2.7954946,-0.13365145,-0.1559338,-2.0584092,-2.325334,-2.9178553,1.0222557,1.7265967,2.007151,1.650785,0.63327414,-1.9661832,-1.9322474,-1.5904274,2.466051,0.4714324,0.12064482,1.4665644,-0.66158044,2.7214072,1.595145,-3.117781,-2.3197525,-0.19776456,-1.6574444,1.7090545,2.464808,-1.1771657,-1.9033982,1.4914297,-1.3534919,-0.60398346,-0.058002755
162,0.6963749,0.50644594,0.437934,-0.7412611,0.48906472,0.70312345,-0.60325927,0.12005235,-0.5862218,0.61100274,1.4236139,-0.6270926,-0.67947537,-0.46540356,0.10457399,0.19311698,-0.42974913,-0.00020599365,-0.59385574,-0.36309218,0.48768294,-0.21609777,1.3354067,0.6397651,-0.7743203,0.79220587,0.2568772,0.6846148,0.62242424,-0.6292934,-0.17006099,-0.17896438,-0.3389008,-0.49879086,0.14185463,1.0728892,-0.36166048,-0.57815397,-0.61361414,0.3425103,-0.5042516,-0.63408256,-0.7488537,0.6898337,0.25115648,-0.67239124,0.67494154,-0.5871098,0.40074605,1.0270381,-0.16952235,-0.8630223,-0.7675625,-0.758939,0.11036646,-0.12305945,0.8093244,0.5603541,-0.58038616,-0.21566552,-0.15713185,0.6481197,-0.34592897,0.385301,-0.047407687,0.003986556,1.0454936,0.3618377,0.95248884,-0.35190105,0.9434544,0.52531695,1.0713439,0.976468,-0.24178284,0.77750087,-0.14087129,0.87149143,0.4960737,-0.5259104,0.74252504,0.71635365,-0.43738914,-0.42492956,1.3302739,-0.35703254,-0.23599786,-0.3445812,0.7412821,0.2614913,-0.24928021,-0.19003367,0.50467783,-0.56389046,0.8028996,-0.4409737,-0.8624314,0.30447364,-0.28149313,-0.4965765,-0.6820009,-0.4842692,0.8504989,0.6538959,0.6781881,-0.15844685,0.6031498,0.49523586,-0.10729492,0.23090738,-0.60620844,1.2564288,-0.6457622,1.5274904,-0.4156279,0.030208342,0.31434476,-0.060676396,1.0352076,-0.46194565,-0.3253836,0.31827432,-0.31927353,-0.18346351,-0.6073068,-0.1673274,-0.46808952,-0.7864762,-0.2921332,-0.60777235,-0.3016862,-0.13154319,1.633458,2.286007,-1.6064556,0.31073424,0.8421908,-1.4907851,1.7358922,-0.12776849,-0.42548817,-3.327165,1.5963684,-0.8237171,1.3789858,4.076952,1.5647748,1.178154,-1.2193732,-0.6960829,-3.049759,-1.2283275,-0.13705577,2.6962848,2.987954,0.90939015,-1.2028068,-0.9470651,-1.9695561,-1.7047064,0.6531113,0.6852079,-0.16915715,1.6390631,1.653579,2.328595,2.957743,-1.0269651,-1.4979239,-0.47746214,-1.962206,-1.5919974,-0.36454785,-0.7793983,-0.66100067,-1.448816,-3.0416303,-0.6686348,-1.7859672,1.0003039,-3.4562714,1.5433983,0.3383922,-1.8067815,1.5216775,0.20619288,-0.45003843,-0.35971168,-2.823629,-2.113787,0.48187426,-1.1701148,-1.8017316,2.9465249,-0.73370725,-0.13288718,2.2945693,-0.97588706,1.0013628,2.8346822,-0.80821097,-1.0905161,-0.7456946,-0.03284143,-2.1228108,1.6495993,-1.2562983,1.5861703,1.8695445,0.79759216,-0.4428325,-2.1251364,-0.5336228,0.026950207,-0.14913589,-0.2310167,0.6722152,1.0557669,1.8635821,2.165711,-1.6708841,-1.9547894,1.698403,2.7954946,-0.13365145,-0.1559338,-2.0584092,-2.325334,-2.9178553,1.0222557,1.7265967,2.007151,1.650785,0.63327414,-1.9661832,-1.9322474,-1.5904274,2.466051,0.4714324,0.12064482,1.4665644,-0.66158044,2.7214072,1.595145,-3.117781,-2.3197525,-0.19776456,-1.6574444,1.7090545,2.464808,-1.1771657,-1.9033982,1.4914297,-1.3534919,-0.60398346,-0.058002755
163,0.6963749,0.50644594,0.437934,-0.7412611,0.48906472,0.70312345,-0.60325927,0.12005235,-0.5862218,0.61100274,1.4236139,-0.6270926,-0.67947537,-0.46540356,0.10457399,0.19311698,-0.42974913,-0.00020599365,-0.59385574,-0.36309218,0.48768294,-0.21609777,1.3354067,0.6397651,-0.7743203,0.79220587,0.2568772,0.6846148,0.62242424,-0.6292934,-0.17006099,-0.17896438,-0.3389008,-0.49879086,0.14185463,1.0728892,-0.36166048,-0.57815397,-0.61361414,0.3425103,-0.5042516,-0.63408256,-0.7488537,0.6898337,0.25115648,-0.67239124,0.67494154,-0.5871098,0.40074605,1.0270381,-0.16952235,-0.8630223,-0.7675625,-0.758939,0.11036646,-0.12305945,0.8093244,0.5603541,-0.58038616,-0.21566552,-0.15713185,0.6481197,-0.34592897,0.385301,-0.047407687,0.003986556,1.0454936,0.3618377,0.95248884,-0.35190105,0.9434544,0.52531695,1.0713439,0.976468,-0.24178284,0.77750087,-0.14087129,0.87149143,0.4960737,-0.5259104,0.74252504,0.71635365,-0.43738914,-0.42492956,1.3302739,-0.35703254,-0.23599786,-0.3445812,0.7412821,0.2614913,-0.24928021,-0.19003367,0.50467783,-0.56389046,0.8028996,-0.4409737,-0.8624314,0.30447364,-0.28149313,-0.4965765,-0.6820009,-0.4842692,0.8504989,0.6538959,0.6781881,-0.15844685,0.6031498,0.49523586,-0.10729492,0.23090738,-0.60620844,1.2564288,-0.6457622,1.5274904,-0.4156279,0.030208342,0.31434476,-0.060676396,1.0352076,-0.46194565,-0.3253836,0.31827432,-0.31927353,-0.18346351,-0.6073068,-0.1673274,-0.46808952,-0.7864762,-0.2921332,-0.60777235,-0.3016862,-0.13154319,1.633458,2.286007,-1.6064556,0.31073424,0.8421908,-1.4907851,1.7358922,-0.12776849,-0.42548817,-3.327165,1.5963684,-0.8237171,1.3789858,4.076952,1.5647748,1.178154,-1.2193732,-0.6960829,-3.049759,-1.2283275,-0.13705577,2.6962848,2.987954,0.90939015,-1.2028068,-0.9470651,-1.9695561,-1.7047064,0.6531113,0.6852079,-0.16915715,1.6390631,1.653579,2.328595,2.957743,-1.0269651,-1.4979239,-0.47746214,-1.962206,-1.5919974,-0.36454785,-0.7793983,-0.66100067,-1.448816,-3.0416303,-0.6686348,-1.7859672,1.0003039,-3.4562714,1.5433983,0.3383922,-1.8067815,1.5216775,0.20619288,-0.45003843,-0.35971168,-2.823629,-2.113787,0.48187426,-1.1701148,-1.8017316,2.9465249,-0.73370725,-0.13288718,2.2945693,-0.97588706,1.0013628,2.8346822,-0.80821097,-1.0905161,-0.7456946,-0.03284143,-2.1228108,1.6495993,-1.2562983,1.5861703,1.8695445,0.79759216,-0.4428325,-2.1251364,-0.5336228,0.026950207,-0.14913589,-0.2310167,0.6722152,1.0557669,1.8635821,2.165711,-1.6708841,-1.9547894,1.698403,2.7954946,-0.13365145,-0.1559338,-2.0584092,-2.325334,-2.9178553,1.0222557,1.7265967,2.007151,1.650785,0.63327414,-1.9661832,-1.9322474,-1.5904274,2.466051,0.4714324,0.12064482,1.4665644,-0.66158044,2.7214072,1.595145,-3.117781,-2.3197525,-0.19776456,-1.6574444,1.7090545,2.464808,-1.1771657,-1.9033982,1.4914297,-1.3534919,-0.60398346,-0.058002755
164,0.6963749,0.50644594,0.437934,-0.7412611,0.48906472,0.70312345,-0.60325927,0.12005235,-0.5862218,0.61100274,1.4236139,-0.6270926,-0.67947537,-0.46540356,0.10457399,0.19311698,-0.42974913,-0.00020599365,-0.59385574,-0.36309218,0.48768294,-0.21609777,1.3354067,0.6397651,-0.7743203,0.79220587,0.2568772,0.6846148,0.62242424,-0.6292934,-0.17006099,-0.17896438,-0.3389008,-0.49879086,0.14185463,1.0728892,-0.36166048,-0.57815397,-0.61361414,0.3425103,-0.5042516,-0.63408256,-0.7488537,0.6898337,0.25115648,-0.67239124,0.67494154,-0.5871098,0.40074605,1.0270381,-0.16952235,-0.8630223,-0.7675625,-0.758939,0.11036646,-0.12305945,0.8093244,0.5603541,-0.58038616,-0.21566552,-0.15713185,0.6481197,-0.34592897,0.385301,-0.047407687,0.003986556,1.0454936,0.3618377,0.95248884,-0.35190105,0.9434544,0.52531695,1.0713439,0.976468,-0.24178284,0.77750087,-0.14087129,0.87149143,0.4960737,-0.5259104,0.74252504,0.71635365,-0.43738914,-0.42492956,1.3302739,-0.35703254,-0.23599786,-0.3445812,0.7412821,0.2614913,-0.24928021,-0.19003367,0.50467783,-0.56389046,0.8028996,-0.4409737,-0.8624314,0.30447364,-0.28149313,-0.4965765,-0.6820009,-0.4842692,0.8504989,0.6538959,0.6781881,-0.15844685,0.6031498,0.49523586,-0.10729492,0.23090738,-0.60620844,1.2564288,-0.6457622,1.5274904,-0.4156279,0.030208342,0.31434476,-0.060676396,1.0352076,-0.46194565,-0.3253836,0.31827432,-0.31927353,-0.18346351,-0.6073068,-0.1673274,-0.46808952,-0.7864762,-0.2921332,-0.60777235,-0.3016862,-0.13154319,1.633458,2.286007,-1.6064556,0.31073424,0.8421908,-1.4907851,1.7358922,-0.12776849,-0.42548817,-3.327165,1.5963684,-0.8237171,1.3789858,4.076952,1.5647748,1.178154,-1.2193732,-0.6960829,-3.049759,-1.2283275,-0.13705577,2.6962848,2.987954,0.90939015,-1.2028068,-0.9470651,-1.9695561,-1.7047064,0.6531113,0.6852079,-0.16915715,1.6390631,1.653579,2.328595,2.957743,-1.0269651,-1.4979239,-0.47746214,-1.962206,-1.5919974,-0.36454785,-0.7793983,-0.66100067,-1.448816,-3.0416303,-0.6686348,-1.7859672,1.0003039,-3.4562714,1.5433983,0.3383922,-1.8067815,1.5216775,0.20619288,-0.45003843,-0.35971168,-2.823629,-2.113787,0.48187426,-1.1701148,-1.8017316,2.9465249,-0.73370725,-0.13288718,2.2945693,-0.97588706,1.0013628,2.8346822,-0.80821097,-1.0905161,-0.7456946,-0.03284143,-2.1228108,1.6495993,-1.2562983,1.5861703,1.8695445,0.79759216,-0.4428325,-2.1251364,-0.5336228,0.026950207,-0.14913589,-0.2310167,0.6722152,1.0557669,1.8635821,2.165711,-1.6708841,-1.9547894,1.698403,2.7954946,-0.13365145,-0.1559338,-2.0584092,-2.325334,-2.9178553,1.0222557,1.7265967,2.007151,1.650785,0.63327414,-1.9661832,-1.9322474,-1.5904274,2.466051,0.4714324,0.12064482,1.4665644,-0.66158044,2.7214072,1.595145,-3.117781,-2.3197525,-0.19776456,-1.6574444,1.7090545,2.464808,-1.1771657,-1.9033982,1.4914297,-1.3534919,-0.60398346,-0.058002755
165,0.6963749,0.50644594,0.437934,-0.7412611,0.48906472,0.70312345,-0.60325927,0.12005235,-0.5862218,0.61100274,1.4236139,-0.6270926,-0.67947537,-0.46540356,0.10457399,0.19311698,-0.42974913,-0.00020599365,-0.59385574,-0.36309218,0.48768294,-0.21609777,1.3354067,0.6397651,-0.7743203,0.79220587,0.2568772,0.6846148,0.62242424,-0.6292934,-0.17006099,-0.17896438,-0.3389008,-0.49879086,0.14185463,1.0728892,-0.36166048,-0.57815397,-0.61361414,0.3425103,-0.5042516,-0.63408256,-0.7488537,0.6898337,0.25115648,-0.67239124,0.67494154,-0.5871098,0.40074605,1.0270381,-0.16952235,-0.8630223,-0.7675625,-0.758939,0.11036646,-0.12305945,0.8093244,0.5603541,-0.58038616,-0.21566552,-0.15713185,0.6481197,-0.34592897,0.385301,-0.047407687,0.003986556,1.0454936,0.3618377,0.95248884,-0.35190105,0.9434544,0.52531695,1.0713439,0.976468,-0.24178284,0.77750087,-0.14087129,0.87149143,0.4960737,-0.5259104,0.74252504,0.71635365,-0.43738914,-0.42492956,1.3302739,-0.35703254,-0.23599786,-0.3445812,0.7412821,0.2614913,-0.24928021,-0.19003367,0.50467783,-0.56389046,0.8028996,-0.4409737,-0.8624314,0.30447364,-0.28149313,-0.4965765,-0.6820009,-0.4842692,0.8504989,0.6538959,0.6781881,-0.15844685,0.6031498,0.49523586,-0.10729492,0.23090738,-0.60620844,1.2564288,-0.6457622,1.5274904,-0.4156279,0.030208342,0.31434476,-0.060676396,1.0352076,-0.46194565,-0.3253836,0.31827432,-0.31927353,-0.18346351,-0.6073068,-0.1673274,-0.46808952,-0.7864762,-0.2921332,-0.60777235,-0.3016862,-0.13154319,1.633458,2.286007,-1.6064556,0.31073424,0.8421908,-1.4907851,1.7358922,-0.12776849,-0.42548817,-3.327165,1.5963684,-0.8237171,1.3789858,4.076952,1.5647748,1.178154,-1.2193732,-0.6960829,-3.049759,-1.2283275,-0.13705577,2.6962848,2.987954,0.90939015,-1.2028068,-0.9470651,-1.9695561,-1.7047064,0.6531113,0.6852079,-0.16915715,1.6390631,1.653579,2.328595,2.957743,-1.0269651,-1.4979239,-0.47746214,-1.962206,-1.5919974,-0.36454785,-0.7793983,-0.66100067,-1.448816,-3.0416303,-0.6686348,-1.7859672,1.0003039,-3.4562714,1.5433983,0.3383922,-1.8067815,1.5216775,0.20619288,-0.45003843,-0.35971168,-2.823629,-2.113787,0.48187426,-1.1701148,-1.8017316,2.9465249,-0.73370725,-0.13288718,2.2945693,-0.97588706,1.0013628,2.8346822,-0.80821097,-1.0905161,-0.7456946,-0.03284143,-2.1228108,1.6495993,-1.2562983,1.5861703,1.8695445,0.79759216,-0.4428325,-2.1251364,-0.5336228,0.026950207,-0.14913589,-0.2310167,0.6722152,1.0557669,1.8635821,2.165711,-1.6708841,-1.9547894,1.698403,2.7954946,-0.13365145,-0.1559338,-2.0584092,-2.325334,-2.9178553,1.0222557,1.7265967,2.007151,1.650785,0.63327414,-1.9661832,-1.9322474,-1.5904274,2.466051,0.4714324,0.12064482,1.4665644,-0.66158044,2.7214072,1.595145,-3.117781,-2.3197525,-0.19776456,-1.6574444,1.7090545,2.464808,-1.1771657,-1.9033982,1.4914297,-1.3534919,-0.60398346,-0.058002755
166,0.6963749,0.50644594,0.437934,-0.7412611,0.48906472,0.70312345,-0.60325927,0.12005235,-0.5862218,0.61100274,1.4236139,-0.6270926,-0.67947537,-0.46540356,0.10457399,0.19311698,-0.42974913,-0.00020599365,-0.59385574,-0.36309218,0.48768294,-0.21609777,1.3354067,0.6397651,-0.7743203,0.79220587,0.2568772,0.6846148,0.62242424,-0.6292934,-0.17006099,-0.17896438,-0.3389008,-0.49879086,0.14185463,1.0728892,-0.36166048,-0.57815397,-0.61361414,0.3425103,-0.5042516,-0.63408256,-0.7488537,0.6898337,0.25115648,-0.67239124,0.67494154,-0.5871098,0.40074605,1.0270381,-0.16952235,-0.8630223,-0.7675625,-0.758939,0.11036646,-0.12305945,0.8093244,0.5603541,-0.58038616,-0.21566552,-0.15713185,0.6481197,-0.34592897,0.385301,-0.047407687,0.003986556,1.0454936,0.3618377,0.95248884,-0.35190105,0.9434544,0.52531695,1.0713439,0.976468,-0.24178284,0.77750087,-0.14087129,0.87149143,0.4960737,-0.5259104,0.74252504,0.71635365,-0.43738914,-0.42492956,1.3302739,-0.35703254,-0.23599786,-0.3445812,0.7412821,0.2614913,-0.24928021,-0.19003367,0.50467783,-0.56389046,0.8028996,-0.4409737,-0.8624314,0.30447364,-0.28149313,-0.4965765,-0.6820009,-0.4842692,0.8504989,0.6538959,0.6781881,-0.15844685,0.6031498,0.49523586,-0.10729492,0.23090738,-0.60620844,1.2564288,-0.6457622,1.5274904,-0.4156279,0.030208342,0.31434476,-0.060676396,1.0352076,-0.46194565,-0.3253836,0.31827432,-0.31927353,-0.18346351,-0.6073068,-0.1673274,-0.46808952,-0.7864762,-0.2921332,-0.60777235,-0.3016862,-0.13154319,1.633458,2.286007,-1.6064556,0.31073424,0.8421908,-1.4907851,1.7358922,-0.12776849,-0.42548817,-3.327165,1.5963684,-0.8237171,1.3789858,4.076952,1.5647748,1.178154,-1.2193732,-0.6960829,-3.049759,-1.2283275,-0.13705577,2.6962848,2.987954,0.90939015,-1.2028068,-0.9470651,-1.9695561,-1.7047064,0.6531113,0.6852079,-0.16915715,1.6390631,1.653579,2.328595,2.957743,-1.0269651,-1.4979239,-0.47746214,-1.962206,-1.5919974,-0.36454785,-0.7793983,-0.66100067,-1.448816,-3.0416303,-0.6686348,-1.7859672,1.0003039,-3.4562714,1.5433983,0.3383922,-1.8067815,1.5216775,0.20619288,-0.45003843,-0.35971168,-2.823629,-2.113787,0.48187426,-1.1701148,-1.8017316,2.9465249,-0.73370725,-0.13288718,2.2945693,-0.97588706,1.0013628,2.8346822,-0.80821097,-1.0905161,-0.7456946,-0.03284143,-2.1228108,1.6495993,-1.2562983,1.5861703,1.8695445,0.79759216,-0.4428325,-2.1251364,-0.5336228,0.026950207,-0.14913589,-0.2310167,0.6722152,1.0557669,1.8635821,2.165711,-1.6708841,-1.9547894,1.698403,2.7954946,-0.13365145,-0.1559338,-2.0584092,-2.325334,-2.9178553,1.0222557,1.7265967,2.007151,1.650785,0.63327414,-1.9661832,-1.9322474,-1.5904274,2.466051,0.4714324,0.12064482,1.4665644,-0.66158044,2.7214072,1.595145,-3.117781,-2.3197525,-0.19776456,-1.6574444,1.7090545,2.464808,-1.1771657,-1.9033982,1.4914297,-1.3534919,-0.60398346,-0.058002755
167,0.6963749,0.50644594,0.437934,-0.7412611,0.48906472,0.70312345,-0.60325927,0.12005235,-0.5862218,0.61100274,1.4236139,-0.6270926,-0.67947537,-0.46540356,0.10457399,0.19311698,-0.42974913,-0.00020599365,-0.59385574,-0.36309218,0.48768294,-0.21609777,1.3354067,0.6397651,-0.7743203,0.79220587,0.2568772,0.6846148,0.62242424,-0.6292934,-0.17006099,-0.17896438,-0.3389008,-0.49879086,0.14185463,1.0728892,-0.36166048,-0.57815397,-0.61361414,0.3425103,-0.5042516,-0.63408256,-0.7488537,0.6898337,0.25115648,-0.67239124,0.67494154,-0.5871098,0.40074605,1.0270381,-0.16952235,-0.8630223,-0.7675625,-0.758939,0.11036646,-0.12305945,0.8093244,0.5603541,-0.58038616,-0.21566552,-0.15713185,0.6481197,-0.34592897,0.385301,-0.047407687,0.003986556,1.0454936,0.3618377,0.95248884,-0.35190105,0.9434544,0.52531695,1.0713439,0.976468,-0.24178284,0.77750087,-0.14087129,0.87149143,0.4960737,-0.5259104,0.74252504,0.71635365,-0.43738914,-0.42492956,1.3302739,-0.35703254,-0.23599786,-0.3445812,0.7412821,0.2614913,-0.24928021,-0.19003367,0.50467783,-0.56389046,0.8028996,-0.4409737,-0.8624314,0.30447364,-0.28149313,-0.4965765,-0.6820009,-0.4842692,0.8504989,0.6538959,0.6781881,-0.15844685,0.6031498,0.49523586,-0.10729492,0.23090738,-0.60620844,1.2564288,-0.6457622,1.5274904,-0.4156279,0.030208342,0.31434476,-0.060676396,1.0352076,-0.46194565,-0.3253836,0.31827432,-0.31927353,-0.18346351,-0.6073068,-0.1673274,-0.46808952,-0.7864762,-0.2921332,-0.60777235,-0.3016862,-0.13154319,1.633458,2.286007,-1.6064556,0.31073424,0.8421908,-1.4907851,1.7358922,-0.12776849,-0.42548817,-3.327165,1.5963684,-0.8237171,1.3789858,4.076952,1.5647748,1.178154,-1.2193732,-0.6960829,-3.049759,-1.2283275,-0.13705577,2.6962848,2.987954,0.90939015,-1.2028068,-0.9470651,-1.9695561,-1.7047064,0.6531113,0.6852079,-0.16915715,1.6390631,1.653579,2.328595,2.957743,-1.0269651,-1.4979239,-0.47746214,-1.962206,-1.5919974,-0.36454785,-0.7793983,-0.66100067,-1.448816,-3.0416303,-0.6686348,-1.7859672,1.0003039,-3.4562714,1.5433983,0.3383922,-1.8067815,1.5216775,0.20619288,-0.45003843,-0.35971168,-2.823629,-2.113787,0.48187426,-1.1701148,-1.8017316,2.9465249,-0.73370725,-0.13288718,2.2945693,-0.97588706,1.0013628,2.8346822,-0.80821097,-1.0905161,-0.7456946,-0.03284143,-2.1228108,1.6495993,-1.2562983,1.5861703,1.8695445,0.79759216,-0.4428325,-2.1251364,-0.5336228,0.026950207,-0.14913589,-0.2310167,0.6722152,1.0557669,1.8635821,2.165711,-1.6708841,-1.9547894,1.698403,2.7954946,-0.13365145,-0.1559338,-2.0584092,-2.325334,-2.9178553,1.0222557,1.7265967,2.007151,1.650785,0.63327414,-1.9661832,-1.9322474,-1.5904274,2.466051,0.4714324,0.12064482,1.4665644,-0.66158044,2.7214072,1.595145,-3.117781,-2.3197525,-0.19776456,-1.6574444,1.7090545,2.464808,-1.1771657,-1.9033982,1.4914297,-1.3534919,-0.60398346,-0.058002755
168,0.6963749,0.50644594,0.437934,-0.7412611,0.48906472,0.70312345,-0.60325927,0.12005235,-0.5862218,0.61100274,1.4236139,-0.6270926,-0.67947537,-0.46540356,0.10457399,0.19311698,-0.42974913,-0.00020599365,-0.59385574,-0.36309218,0.48768294,-0.21609777,1.3354067,0.6397651,-0.7743203,0.79220587,0.2568772,0.6846148,0.62242424,-0.6292934,-0.17006099,-0.17896438,-0.3389008,-0.49879086,0.14185463,1.0728892,-0.36166048,-0.57815397,-0.61361414,0.3425103,-0.5042516,-0.63408256,-0.7488537,0.6898337,0.25115648,-0.67239124,0.67494154,-0.5871098,0.40074605,1.0270381,-0.16952235,-0.8630223,-0.7675625,-0.758939,0.11036646,-0.12305945,0.8093244,0.5603541,-0.58038616,-0.21566552,-0.15713185,0.6481197,-0.34592897,0.385301,-0.047407687,0.003986556,1.0454936,0.3618377,0.95248884,-0.35190105,0.9434544,0.52531695,1.0713439,0.976468,-0.24178284,0.77750087,-0.14087129,0.87149143,0.4960737,-0.5259104,0.74252504,0.71635365,-0.43738914,-0.42492956,1.3302739,-0.35703254,-0.23599786,-0.3445812,0.7412821,0.2614913,-0.24928021,-0.19003367,0.50467783,-0.56389046,0.8028996,-0.4409737,-0.8624314,0.30447364,-0.28149313,-0.4965765,-0.6820009,-0.4842692,0.8504989,0.6538959,0.6781881,-0.15844685,0.6031498,0.49523586,-0.10729492,0.23090738,-0.60620844,1.2564288,-0.6457622,1.5274904,-0.4156279,0.030208342,0.31434476,-0.060676396,1.0352076,-0.46194565,-0.3253836,0.31827432,-0.31927353,-0.18346351,-0.6073068,-0.1673274,-0.46808952,-0.7864762,-0.2921332,-0.60777235,-0.3016862,-0.13154319,1.633458,2.286007,-1.6064556,0.31073424,0.8421908,-1.4907851,1.7358922,-0.12776849,-0.42548817,-3.327165,1.5963684,-0.8237171,1.3789858,4.076952,1.5647748,1.178154,-1.2193732,-0.6960829,-3.049759,-1.2283275,-0.13705577,2.6962848,2.987954,0.90939015,-1.2028068,-0.9470651,-1.9695561,-1.7047064,0.6531113,0.6852079,-0.16915715,1.6390631,1.653579,2.328595,2.957743,-1.0269651,-1.4979239,-0.47746214,-1.962206,-1.5919974,-0.36454785,-0.7793983,-0.66100067,-1.448816,-3.0416303,-0.6686348,-1.7859672,1.0003039,-3.4562714,1.5433983,0.3383922,-1.8067815,1.5216775,0.20619288,-0.45003843,-0.35971168,-2.823629,-2.113787,0.48187426,-1.1701148,-1.8017316,2.9465249,-0.73370725,-0.13288718,2.2945693,-0.97588706,1.0013628,2.8346822,-0.80821097,-1.0905161,-0.7456946,-0.03284143,-2.1228108,1.6495993,-1.2562983,1.5861703,1.8695445,0.79759216,-0.4428325,-2.1251364,-0.5336228,0.026950207,-0.14913589,-0.2310167,0.6722152,1.0557669,1.8635821,2.165711,-1.6708841,-1.9547894,1.698403,2.7954946,-0.13365145,-0.1559338,-2.0584092,-2.325334,-2.9178553,1.0222557,1.7265967,2.007151,1.650785,0.63327414,-1.9661832,-1.9322474,-1.5904274,2.466051,0.4714324,0.12064482,1.4665644,-0.66158044,2.7214072,1.595145,-3.117781,-2.3197525,-0.19776456,-1.6574444,1.7090545,2.464808,-1.1771657,-1.9033982,1.4914297,-1.3534919,-0.60398346,-0.058002755
169,0.6963749,0.50644594,0.437934,-0.7412611,0.48906472,0.70312345,-0.60325927,0.12005235,-0.5862218,0.61100274,1.4236139,-0.6270926,-0.67947537,-0.46540356,0.10457399,0.19311698,-0.42974913,-0.00020599365,-0.59385574,-0.36309218,0.48768294,-0.21609777,1.3354067,0.6397651,-0.7743203,0.79220587,0.2568772,0.6846148,0.62242424,-0.6292934,-0.17006099,-0.17896438,-0.3389008,-0.49879086,0.14185463,1.0728892,-0.36166048,-0.57815397,-0.61361414,0.3425103,-0.5042516,-0.63408256,-0.7488537,0.6898337,0.25115648,-0.67239124,0.67494154,-0.5871098,0.40074605,1.0270381,-0.16952235,-0.8630223,-0.7675625,-0.758939,0.11036646,-0.12305945,0.8093244,0.5603541,-0.58038616,-0.21566552,-0.15713185,0.6481197,-0.34592897,0.385301,-0.047407687,0.003986556,1.0454936,0.3618377,0.95248884,-0.35190105,0.9434544,0.52531695,1.0713439,0.976468,-0.24178284,0.77750087,-0.14087129,0.87149143,0.4960737,-0.5259104,0.74252504,0.71635365,-0.43738914,-0.42492956,1.3302739,-0.35703254,-0.23599786,-0.3445812,0.7412821,0.2614913,-0.24928021,-0.19003367,0.50467783,-0.56389046,0.8028996,-0.4409737,-0.8624314,0.30447364,-0.28149313,-0.4965765,-0.6820009,-0.4842692,0.8504989,0.6538959,0.6781881,-0.15844685,0.6031498,0.49523586,-0.10729492,0.23090738,-0.60620844,1.2564288,-0.6457622,1.5274904,-0.4156279,0.030208342,0.31434476,-0.060676396,1.0352076,-0.46194565,-0.3253836,0.31827432,-0.31927353,-0.18346351,-0.6073068,-0.1673274,-0.46808952,-0.7864762,-0.2921332,-0.60777235,-0.3016862,-0.13154319,1.633458,2.286007,-1.6064556,0.31073424,0.8421908,-1.4907851,1.7358922,-0.12776849,-0.42548817,-3.327165,1.5963684,-0.8237171,1.3789858,4.076952,1.5647748,1.178154,-1.2193732,-0.6960829,-3.049759,-1.2283275,-0.13705577,2.6962848,2.987954,0.90939015,-1.2028068,-0.9470651,-1.9695561,-1.7047064,0.6531113,0.6852079,-0.16915715,1.6390631,1.653579,2.328595,2.957743,-1.0269651,-1.4979239,-0.47746214,-1.962206,-1.5919974,-0.36454785,-0.7793983,-0.66100067,-1.448816,-3.0416303,-0.6686348,-1.7859672,1.0003039,-3.4562714,1.5433983,0.3383922,-1.8067815,1.5216775,0.20619288,-0.45003843,-0.35971168,-2.823629,-2.113787,0.48187426,-1.1701148,-1.8017316,2.9465249,-0.73370725,-0.13288718,2.2945693,-0.97588706,1.0013628,2.8346822,-0.80821097,-1.0905161,-0.7456946,-0.03284143,-2.1228108,1.6495993,-1.2562983,1.5861703,1.8695445,0.79759216,-0.4428325,-2.1251364,-0.5336228,0.026950207,-0.14913589,-0.2310167,0.6722152,1.0557669,1.8635821,2.165711,-1.6708841,-1.9547894,1.698403,2.7954946,-0.13365145,-0.1559338,-2.0584092,-2.325334,-2.9178553,1.0222557,1.7265967,2.007151,1.650785,0.63327414,-1.9661832,-1.9322474,-1.5904274,2.466051,0.4714324,0.12064482,1.4665644,-0.66158044,2.7214072,1.595145,-3.117781,-2.3197525,-0.19776456,-1.6574444,1.7090545,2.464808,-1.1771657,-1.9033982,1.4914297,-1.3534919,-0.60398346,-0.058002755
170,0.6963749,0.50644594,0.437934,-0.7412611,0.48906472,0.70312345,-0.60325927,0.12005235,-0.5862218,0.61100274,1.4236139,-0.6270926,-0.67947537,-0.46540356,0.10457399,0.19311698,-0.42974913,-0.00020599365,-0.59385574,-0.36309218,0.48768294,-0.21609777,1.3354067,0.6397651,-0.7743203,0.79220587,0.2568772,0.6846148,0.62242424,-0.6292934,-0.17006099,-0.17896438,-0.3389008,-0.49879086,0.14185463,1.0728892,-0.36166048,-0.57815397,-0.61361414,0.3425103,-0.5042516,-0.63408256,-0.7488537,0.6898337,0.25115648,-0.67239124,0.67494154,-0.5871098,0.40074605,1.0270381,-0.16952235,-0.8630223,-0.7675625,-0.758939,0.11036646,-0.12305945,0.8093244,0.5603541,-0.58038616,-0.21566552,-0.15713185,0.6481197,-0.34592897,0.385301,-0.047407687,0.003986556,1.0454936,0.3618377,0.95248884,-0.35190105,0.9434544,0.52531695,1.0713439,0.976468,-0.24178284,0.77750087,-0.14087129,0.87149143,0.4960737,-0.5259104,0.74252504,0.71635365,-0.43738914,-0.42492956,1.3302739,-0.35703254,-0.23599786,-0.3445812,0.7412821,0.2614913,-0.24928021,-0.19003367,0.50467783,-0.56389046,0.8028996,-0.4409737,-0.8624314,0.30447364,-0.28149313,-0.4965765,-0.6820009,-0.4842692,0.8504989,0.6538959,0.6781881,-0.15844685,0.6031498,0.49523586,-0.10729492,0.23090738,-0.60620844,1.2564288,-0.6457622,1.5274904,-0.4156279,0.030208342,0.31434476,-0.060676396,1.0352076,-0.46194565,-0.3253836,0.31827432,-0.31927353,-0.18346351,-0.6073068,-0.1673274,-0.46808952,-0.7864762,-0.2921332,-0.60777235,-0.3016862,-0.13154319,1.633458,2.286007,-1.6064556,0.31073424,0.8421908,-1.4907851,1.7358922,-0.12776849,-0.42548817,-3.327165,1.5963684,-0.8237171,1.3789858,4.076952,1.5647748,1.178154,-1.2193732,-0.6960829,-3.049759,-1.2283275,-0.13705577,2.6962848,2.987954,0.90939015,-1.2028068,-0.9470651,-1.9695561,-1.7047064,0.6531113,0.6852079,-0.16915715,1.6390631,1.653579,2.328595,2.957743,-1.0269651,-1.4979239,-0.47746214,-1.962206,-1.5919974,-0.36454785,-0.7793983,-0.66100067,-1.448816,-3.0416303,-0.6686348,-1.7859672,1.0003039,-3.4562714,1.5433983,0.3383922,-1.8067815,1.5216775,0.20619288,-0.45003843,-0.35971168,-2.823629,-2.113787,0.48187426,-1.1701148,-1.8017316,2.9465249,-0.73370725,-0.13288718,2.2945693,-0.97588706,1.0013628,2.8346822,-0.80821097,-1.0905161,-0.7456946,-0.03284143,-2.1228108,1.6495993,-1.2562983,1.5861703,1.8695445,0.79759216,-0.4428325,-2.1251364,-0.5336228,0.026950207,-0.14913589,-0.2310167,0.6722152,1.0557669,1.8635821,2.165711,-1.6708841,-1.9547894,1.698403,2.7954946,-0.13365145,-0.1559338,-2.0584092,-2.325334,-2.9178553,1.0222557,1.7265967,2.007151,1.650785,0.63327414,-1.9661832,-1.9322474,-1.5904274,2.466051,0.4714324,0.12064482,1.4665644,-0.66158044,2.7214072,1.595145,-3.117781,-2.3197525,-0.19776456,-1.6574444,1.7090545,2.464808,-1.1771657,-1.9033982,1.4914297,-1.3534919,-0.60398346,-0.058002755
171,0.6963749,0.50644594,0.437934,-0.7412611,0.48906472,0.70312345,-0.60325927,0.12005235,-0.5862218,0.61100274,1.4236139,-0.6270926,-0.67947537,-0.46540356,0.10457399,0.19311698,-0.42974913,-0.00020599365,-0.59385574,-0.36309218,0.48768294,-0.21609777,1.3354067,0.6397651,-0.7743203,0.79220587,0.2568772,0.6846148,0.62242424,-0.6292934,-0.17006099,-0.17896438,-0.3389008,-0.49879086,0.14185463,1.0728892,-0.36166048,-0.57815397,-0.61361414,0.3425103,-0.5042516,-0.63408256,-0.7488537,0.6898337,0.25115648,-0.67239124,0.67494154,-0.5871098,0.40074605,1.0270381,-0.16952235,-0.8630223,-0.7675625,-0.758939,0.11036646,-0.12305945,0.8093244,0.5603541,-0.58038616,-0.21566552,-0.15713185,0.6481197,-0.34592897,0.385301,-0.047407687,0.003986556,1.0454936,0.3618377,0.95248884,-0.35190105,0.9434544,0.52531695,1.0713439,0.976468,-0.24178284,0.77750087,-0.14087129,0.87149143,0.4960737,-0.5259104,0.74252504,0.71635365,-0.43738914,-0.42492956,1.3302739,-0.35703254,-0.23599786,-0.3445812,0.7412821,0.2614913,-0.24928021,-0.19003367,0.50467783,-0.56389046,0.8028996,-0.4409737,-0.8624314,0.30447364,-0.28149313,-0.4965765,-0.6820009,-0.4842692,0.8504989,0.6538959,0.6781881,-0.15844685,0.6031498,0.49523586,-0.10729492,0.23090738,-0.60620844,1.2564288,-0.6457622,1.5274904,-0.4156279,0.030208342,0.31434476,-0.060676396,1.0352076,-0.46194565,-0.3253836,0.31827432,-0.31927353,-0.18346351,-0.6073068,-0.1673274,-0.46808952,-0.7864762,-0.2921332,-0.60777235,-0.3016862,-0.13154319,1.633458,2.286007,-1.6064556,0.31073424,0.8421908,-1.4907851,1.7358922,-0.12776849,-0.42548817,-3.327165,1.5963684,-0.8237171,1.3789858,4.076952,1.5647748,1.178154,-1.2193732,-0.6960829,-3.049759,-1.2283275,-0.13705577,2.6962848,2.987954,0.90939015,-1.2028068,-0.9470651,-1.9695561,-1.7047064,0.6531113,0.6852079,-0.16915715,1.6390631,1.653579,2.328595,2.957743,-1.0269651,-1.4979239,-0.47746214,-1.962206,-1.5919974,-0.36454785,-0.7793983,-0.66100067,-1.448816,-3.0416303,-0.6686348,-1.7859672,1.0003039,-3.4562714,1.5433983,0.3383922,-1.8067815,1.5216775,0.20619288,-0.45003843,-0.35971168,-2.823629,-2.113787,0.48187426,-1.1701148,-1.8017316,2.9465249,-0.73370725,-0.13288718,2.2945693,-0.97588706,1.0013628,2.8346822,-0.80821097,-1.0905161,-0.7456946,-0.03284143,-2.1228108,1.6495993,-1.2562983,1.5861703,1.8695445,0.79759216,-0.4428325,-2.1251364,-0.5336228,0.026950207,-0.14913589,-0.2310167,0.6722152,1.0557669,1.8635821,2.165711,-1.6708841,-1.9547894,1.698403,2.7954946,-0.13365145,-0.1559338,-2.0584092,-2.325334,-2.9178553,1.0222557,1.7265967,2.007151,1.650785,0.63327414,-1.9661832,-1.9322474,-1.5904274,2.466051,0.4714324,0.12064482,1.4665644,-0.66158044,2.7214072,1.595145,-3.117781,-2.3197525,-0.19776456,-1.6574444,1.7090545,2.464808,-1.1771657,-1.9033982,1.4914297,-1.3534919,-0.60398346,-0.058002755
172,0.6963749,0.50644594,0.437934,-0.7412611,0.48906472,0.70312345,-0.60325927,0.12005235,-0.5862218,0.61100274,1.4236139,-0.6270926,-0.67947537,-0.46540356,0.10457399,0.19311698,-0.42974913,-0.00020599365,-0.59385574,-0.36309218,0.48768294,-0.21609777,1.3354067,0.6397651,-0.7743203,0.79220587,0.2568772,0.6846148,0.62242424,-0.6292934,-0.17006099,-0.17896438,-0.3389008,-0.49879086,0.14185463,1.0728892,-0.36166048,-0.57815397,-0.61361414,0.3425103,-0.5042516,-0.63408256,-0.7488537,0.6898337,0.25115648,-0.67239124,0.67494154,-0.5871098,0.40074605,1.0270381,-0.16952235,-0.8630223,-0.7675625,-0.758939,0.11036646,-0.12305945,0.8093244,0.5603541,-0.58038616,-0.21566552,-0.15713185,0.6481197,-0.34592897,0.385301,-0.047407687,0.003986556,1.0454936,0.3618377,0.95248884,-0.35190105,0.9434544,0.52531695,1.0713439,0.976468,-0.24178284,0.77750087,-0.14087129,0.87149143,0.4960737,-0.5259104,0.74252504,0.71635365,-0.43738914,-0.42492956,1.3302739,-0.35703254,-0.23599786,-0.3445812,0.7412821,0.2614913,-0.24928021,-0.19003367,0.50467783,-0.56389046,0.8028996,-0.4409737,-0.8624314,0.30447364,-0.28149313,-0.4965765,-0.6820009,-0.4842692,0.8504989,0.6538959,0.6781881,-0.15844685,0.6031498,0.49523586,-0.10729492,0.23090738,-0.60620844,1.2564288,-0.6457622,1.5274904,-0.4156279,0.030208342,0.31434476,-0.060676396,1.0352076,-0.46194565,-0.3253836,0.31827432,-0.31927353,-0.18346351,-0.6073068,-0.1673274,-0.46808952,-0.7864762,-0.2921332,-0.60777235,-0.3016862,-0.13154319,1.633458,2.286007,-1.6064556,0.31073424,0.8421908,-1.4907851,1.7358922,-0.12776849,-0.42548817,-3.327165,1.5963684,-0.8237171,1.3789858,4.076952,1.5647748,1.178154,-1.2193732,-0.6960829,-3.049759,-1.2283275,-0.13705577,2.6962848,2.987954,0.90939015,-1.2028068,-0.9470651,-1.9695561,-1.7047064,0.6531113,0.6852079,-0.16915715,1.6390631,1.653579,2.328595,2.957743,-1.0269651,-1.4979239,-0.47746214,-1.962206,-1.5919974,-0.36454785,-0.7793983,-0.66100067,-1.448816,-3.0416303,-0.6686348,-1.7859672,1.0003039,-3.4562714,1.5433983,0.3383922,-1.8067815,1.5216775,0.20619288,-0.45003843,-0.35971168,-2.823629,-2.113787,0.48187426,-1.1701148,-1.8017316,2.9465249,-0.73370725,-0.13288718,2.2945693,-0.97588706,1.0013628,2.8346822,-0.80821097,-1.0905161,-0.7456946,-0.03284143,-2.1228108,1.6495993,-1.2562983,1.5861703,1.8695445,0.79759216,-0.4428325,-2.1251364,-0.5336228,0.026950207,-0.14913589,-0.2310167,0.6722152,1.0557669,1.8635821,2.165711,-1.6708841,-1.9547894,1.698403,2.7954946,-0.13365145,-0.1559338,-2.0584092,-2.325334,-2.9178553,1.0222557,1.7265967,2.007151,1.650785,0.63327414,-1.9661832,-1.9322474,-1.5904274,2.466051,0.4714324,0.12064482,1.4665644,-0.66158044,2.7214072,1.595145,-3.117781,-2.3197525,-0.19776456,-1.6574444,1.7090545,2.464808,-1.1771657,-1.9033982,1.4914297,-1.3534919,-0.60398346,-0.058002755
173,0.6963749,0.50644594,0.437934,-0.7412611,0.48906472,0.70312345,-0.60325927,0.12005235,-0.5862218,0.61100274,1.4236139,-0.6270926,-0.67947537,-0.46540356,0.10457399,0.19311698,-0.42974913,-0.00020599365,-0.59385574,-0.36309218,0.48768294,-0.21609777,1.3354067,0.6397651,-0.7743203,0.79220587,0.2568772,0.6846148,0.62242424,-0.6292934,-0.17006099,-0.17896438,-0.3389008,-0.49879086,0.14185463,1.0728892,-0.36166048,-0.57815397,-0.61361414,0.3425103,-0.5042516,-0.63408256,-0.7488537,0.6898337,0.25115648,-0.67239124,0.67494154,-0.5871098,0.40074605,1.0270381,-0.16952235,-0.8630223,-0.7675625,-0.758939,0.11036646,-0.12305945,0.8093244,0.5603541,-0.58038616,-0.21566552,-0.15713185,0.6481197,-0.34592897,0.385301,-0.047407687,0.003986556,1.0454936,0.3618377,0.95248884,-0.35190105,0.9434544,0.52531695,1.0713439,0.976468,-0.24178284,0.77750087,-0.14087129,0.87149143,0.4960737,-0.5259104,0.74252504,0.71635365,-0.43738914,-0.42492956,1.3302739,-0.35703254,-0.23599786,-0.3445812,0.7412821,0.2614913,-0.24928021,-0.19003367,0.50467783,-0.56389046,0.8028996,-0.4409737,-0.8624314,0.30447364,-0.28149313,-0.4965765,-0.6820009,-0.4842692,0.8504989,0.6538959,0.6781881,-0.15844685,0.6031498,0.49523586,-0.10729492,0.23090738,-0.60620844,1.2564288,-0.6457622,1.5274904,-0.4156279,0.030208342,0.31434476,-0.060676396,1.0352076,-0.46194565,-0.3253836,0.31827432,-0.31927353,-0.18346351,-0.6073068,-0.1673274,-0.46808952,-0.7864762,-0.2921332,-0.60777235,-0.3016862,-0.13154319,1.633458,2.286007,-1.6064556,0.31073424,0.8421908,-1.4907851,1.7358922,-0.12776849,-0.42548817,-3.327165,1.5963684,-0.8237171,1.3789858,4.076952,1.5647748,1.178154,-1.2193732,-0.6960829,-3.049759,-1.2283275,-0.13705577,2.6962848,2.987954,0.90939015,-1.2028068,-0.9470651,-1.9695561,-1.7047064,0.6531113,0.6852079,-0.16915715,1.6390631,1.653579,2.328595,2.957743,-1.0269651,-1.4979239,-0.47746214,-1.962206,-1.5919974,-0.36454785,-0.7793983,-0.66100067,-1.448816,-3.0416303,-0.6686348,-1.7859672,1.0003039,-3.4562714,1.5433983,0.3383922,-1.8067815,1.5216775,0.20619288,-0.45003843,-0.35971168,-2.823629,-2.113787,0.48187426,-1.1701148,-1.8017316,2.9465249,-0.73370725,-0.13288718,2.2945693,-0.97588706,1.0013628,2.8346822,-0.80821097,-1.0905161,-0.7456946,-0.03284143,-2.1228108,1.6495993,-1.2562983,1.5861703,1.8695445,0.79759216,-0.4428325,-2.1251364,-0.5336228,0.026950207,-0.14913589,-0.2310167,0.6722152,1.0557669,1.8635821,2.165711,-1.6708841,-1.9547894,1.698403,2.7954946,-0.13365145,-0.1559338,-2.0584092,-2.325334,-2.9178553,1.0222557,1.7265967,2.007151,1.650785,0.63327414,-1.9661832,-1.9322474,-1.5904274,2.466051,0.4714324,0.12064482,1.4665644,-0.66158044,2.7214072,1.595145,-3.117781,-2.3197525,-0.19776456,-1.6574444,1.7090545,2.464808,-1.1771657,-1.9033982,1.4914297,-1.3534919,-0.60398346,-0.058002755
174,0.6963749,0.50644594,0.437934,-0.7412611,0.48906472,0.70312345,-0.60325927,0.12005235,-0.5862218,0.61100274,1.4236139,-0.6270926,-0.67947537,-0.46540356,0.10457399,0.19311698,-0.42974913,-0.00020599365,-0.59385574,-0.36309218,0.48768294,-0.21609777,1.3354067,0.6397651,-0.7743203,0.79220587,0.2568772,0.6846148,0.62242424,-0.6292934,-0.17006099,-0.17896438,-0.3389008,-0.49879086,0.14185463,1.0728892,-0.36166048,-0.57815397,-0.61361414,0.3425103,-0.5042516,-0.63408256,-0.7488537,0.6898337,0.25115648,-0.67239124,0.67494154,-0.5871098,0.40074605,1.0270381,-0.16952235,-0.8630223,-0.7675625,-0.758939,0.11036646,-0.12305945,0.8093244,0.5603541,-0.58038616,-0.21566552,-0.15713185,0.6481197,-0.34592897,0.385301,-0.047407687,0.003986556,1.0454936,0.3618377,0.95248884,-0.35190105,0.9434544,0.52531695,1.0713439,0.976468,-0.24178284,0.77750087,-0.14087129,0.87149143,0.4960737,-0.5259104,0.74252504,0.71635365,-0.43738914,-0.42492956,1.3302739,-0.35703254,-0.23599786,-0.3445812,0.7412821,0.2614913,-0.24928021,-0.19003367,0.50467783,-0.56389046,0.8028996,-0.4409737,-0.8624314,0.30447364,-0.28149313,-0.4965765,-0.6820009,-0.4842692,0.8504989,0.6538959,0.6781881,-0.15844685,0.6031498,0.49523586,-0.10729492,0.23090738,-0.60620844,1.2564288,-0.6457622,1.5274904,-0.4156279,0.030208342,0.31434476,-0.060676396,1.0352076,-0.46194565,-0.3253836,0.31827432,-0.31927353,-0.18346351,-0.6073068,-0.1673274,-0.46808952,-0.7864762,-0.2921332,-0.60777235,-0.3016862,-0.13154319,1.633458,2.286007,-1.6064556,0.31073424,0.8421908,-1.4907851,1.7358922,-0.12776849,-0.42548817,-3.327165,1.5963684,-0.8237171,1.3789858,4.076952,1.5647748,1.178154,-1.2193732,-0.6960829,-3.049759,-1.2283275,-0.13705577,2.6962848,2.987954,0.90939015,-1.2028068,-0.9470651,-1.9695561,-1.7047064,0.6531113,0.6852079,-0.16915715,1.6390631,1.653579,2.328595,2.957743,-1.0269651,-1.4979239,-0.47746214,-1.962206,-1.5919974,-0.36454785,-0.7793983,-0.66100067,-1.448816,-3.0416303,-0.6686348,-1.7859672,1.0003039,-3.4562714,1.5433983,0.3383922,-1.8067815,1.5216775,0.20619288,-0.45003843,-0.35971168,-2.823629,-2.113787,0.48187426,-1.1701148,-1.8017316,2.9465249,-0.73370725,-0.13288718,2.2945693,-0.97588706,1.0013628,2.8346822,-0.80821097,-1.0905161,-0.7456946,-0.03284143,-2.1228108,1.6495993,-1.2562983,1.5861703,1.8695445,0.79759216,-0.4428325,-2.1251364,-0.5336228,0.026950207,-0.14913589,-0.2310167,0.6722152,1.0557669,1.8635821,2.165711,-1.6708841,-1.9547894,1.698403,2.7954946,-0.13365145,-0.1559338,-2.0584092,-2.325334,-2.9178553,1.0222557,1.7265967,2.007151,1.650785,0.63327414,-1.9661832,-1.9322474,-1.5904274,2.466051,0.4714324,0.12064482,1.4665644,-0.66158044,2.7214072,1.595145,-3.117781,-2.3197525,-0.19776456,-1.6574444,1.7090545,2.464808,-1.1771657,-1.9033982,1.4914297,-1.3534919,-0.60398346,-0.058002755
175,0.6963749,0.50644594,0.437934,-0.7412611,0.48906472,0.70312345,-0.60325927,0.12005235,-0.5862218,0.61100274,1.4236139,-0.6270926,-0.67947537,-0.46540356,0.10457399,0.19311698,-0.42974913,-0.00020599365,-0.59385574,-0.36309218,0.48768294,-0.21609777,1.3354067,0.6397651,-0.7743203,0.79220587,0.2568772,0.6846148,0.62242424,-0.6292934,-0.17006099,-0.17896438,-0.3389008,-0.49879086,0.14185463,1.0728892,-0.36166048,-0.57815397,-0.61361414,0.3425103,-0.5042516,-0.63408256,-0.7488537,0.6898337,0.25115648,-0.67239124,0.67494154,-0.5871098,0.40074605,1.0270381,-0.16952235,-0.8630223,-0.7675625,-0.758939,0.11036646,-0.12305945,0.8093244,0.5603541,-0.58038616,-0.21566552,-0.15713185,0.6481197,-0.34592897,0.385301,-0.047407687,0.003986556,1.0454936,0.3618377,0.95248884,-0.35190105,0.9434544,0.52531695,1.0713439,0.976468,-0.24178284,0.77750087,-0.14087129,0.87149143,0.4960737,-0.5259104,0.74252504,0.71635365,-0.43738914,-0.42492956,1.3302739,-0.35703254,-0.23599786,-0.3445812,0.7412821,0.2614913,-0.24928021,-0.19003367,0.50467783,-0.56389046,0.8028996,-0.4409737,-0.8624314,0.30447364,-0.28149313,-0.4965765,-0.6820009,-0.4842692,0.8504989,0.6538959,0.6781881,-0.15844685,0.6031498,0.49523586,-0.10729492,0.23090738,-0.60620844,1.2564288,-0.6457622,1.5274904,-0.4156279,0.030208342,0.31434476,-0.060676396,1.0352076,-0.46194565,-0.3253836,0.31827432,-0.31927353,-0.18346351,-0.6073068,-0.1673274,-0.46808952,-0.7864762,-0.2921332,-0.60777235,-0.3016862,-0.13154319,1.633458,2.286007,-1.6064556,0.31073424,0.8421908,-1.4907851,1.7358922,-0.12776849,-0.42548817,-3.327165,1.5963684,-0.8237171,1.3789858,4.076952,1.5647748,1.178154,-1.2193732,-0.6960829,-3.049759,-1.2283275,-0.13705577,2.6962848,2.987954,0.90939015,-1.2028068,-0.9470651,-1.9695561,-1.7047064,0.6531113,0.6852079,-0.16915715,1.6390631,1.653579,2.328595,2.957743,-1.0269651,-1.4979239,-0.47746214,-1.962206,-1.5919974,-0.36454785,-0.7793983,-0.66100067,-1.448816,-3.0416303,-0.6686348,-1.7859672,1.0003039,-3.4562714,1.5433983,0.3383922,-1.8067815,1.5216775,0.20619288,-0.45003843,-0.35971168,-2.823629,-2.113787,0.48187426,-1.1701148,-1.8017316,2.9465249,-0.73370725,-0.13288718,2.2945693,-0.97588706,1.0013628,2.8346822,-0.80821097,-1.0905161,-0.7456946,-0.03284143,-2.1228108,1.6495993,-1.2562983,1.5861703,1.8695445,0.79759216,-0.4428325,-2.1251364,-0.5336228,0.026950207,-0.14913589,-0.2310167,0.6722152,1.0557669,1.8635821,2.165711,-1.6708841,-1.9547894,1.698403,2.7954946,-0.13365145,-0.1559338,-2.0584092,-2.325334,-2.9178553,1.0222557,1.7265967,2.007151,1.650785,0.63327414,-1.9661832,-1.9322474,-1.5904274,2.466051,0.4714324,0.12064482,1.4665644,-0.66158044,2.7214072,1.595145,-3.117781,-2.3197525,-0.19776456,-1.6574444,1.7090545,2.464808,-1.1771657,-1.9033982,1.4914297,-1.3534919,-0.60398346,-0.058002755
176,0.6963749,0.50644594,0.437934,-0.7412611,0.48906472,0.70312345,-0.60325927,0.12005235,-0.5862218,0.61100274,1.4236139,-0.6270926,-0.67947537,-0.46540356,0.10457399,0.19311698,-0.42974913,-0.00020599365,-0.59385574,-0.36309218,0.48768294,-0.21609777,1.3354067,0.6397651,-0.7743203,0.79220587,0.2568772,0.6846148,0.62242424,-0.6292934,-0.17006099,-0.17896438,-0.3389008,-0.49879086,0.14185463,1.0728892,-0.36166048,-0.57815397,-0.61361414,0.3425103,-0.5042516,-0.63408256,-0.7488537,0.6898337,0.25115648,-0.67239124,0.67494154,-0.5871098,0.40074605,1.0270381,-0.16952235,-0.8630223,-0.7675625,-0.758939,0.11036646,-0.12305945,0.8093244,0.5603541,-0.58038616,-0.21566552,-0.15713185,0.6481197,-0.34592897,0.385301,-0.047407687,0.003986556,1.0454936,0.3618377,0.95248884,-0.35190105,0.9434544,0.52531695,1.0713439,0.976468,-0.24178284,0.77750087,-0.14087129,0.87149143,0.4960737,-0.5259104,0.74252504,0.71635365,-0.43738914,-0.42492956,1.3302739,-0.35703254,-0.23599786,-0.3445812,0.7412821,0.2614913,-0.24928021,-0.19003367,0.50467783,-0.56389046,0.8028996,-0.4409737,-0.8624314,0.30447364,-0.28149313,-0.4965765,-0.6820009,-0.4842692,0.8504989,0.6538959,0.6781881,-0.15844685,0.6031498,0.49523586,-0.10729492,0.23090738,-0.60620844,1.2564288,-0.6457622,1.5274904,-0.4156279,0.030208342,0.31434476,-0.060676396,1.0352076,-0.46194565,-0.3253836,0.31827432,-0.31927353,-0.18346351,-0.6073068,-0.1673274,-0.46808952,-0.7864762,-0.2921332,-0.60777235,-0.3016862,-0.13154319,1.633458,2.286007,-1.6064556,0.31073424,0.8421908,-1.4907851,1.7358922,-0.12776849,-0.42548817,-3.327165,1.5963684,-0.8237171,1.3789858,4.076952,1.5647748,1.178154,-1.2193732,-0.6960829,-3.049759,-1.2283275,-0.13705577,2.6962848,2.987954,0.90939015,-1.2028068,-0.9470651,-1.9695561,-1.7047064,0.6531113,0.6852079,-0.16915715,1.6390631,1.653579,2.328595,2.957743,-1.0269651,-1.4979239,-0.47746214,-1.962206,-1.5919974,-0.36454785,-0.7793983,-0.66100067,-1.448816,-3.0416303,-0.6686348,-1.7859672,1.0003039,-3.4562714,1.5433983,0.3383922,-1.8067815,1.5216775,0.20619288,-0.45003843,-0.35971168,-2.823629,-2.113787,0.48187426,-1.1701148,-1.8017316,2.9465249,-0.73370725,-0.13288718,2.2945693,-0.97588706,1.0013628,2.8346822,-0.80821097,-1.0905161,-0.7456946,-0.03284143,-2.1228108,1.6495993,-1.2562983,1.5861703,1.8695445,0.79759216,-0.4428325,-2.1251364,-0.5336228,0.026950207,-0.14913589,-0.2310167,0.6722152,1.0557669,1.8635821,2.165711,-1.6708841,-1.9547894,1.698403,2.7954946,-0.13365145,-0.1559338,-2.0584092,-2.325334,-2.9178553,1.0222557,1.7265967,2.007151,1.650785,0.63327414,-1.9661832,-1.9322474,-1.5904274,2.466051,0.4714324,0.12064482,1.4665644,-0.66158044,2.7214072,1.595145,-3.117781,-2.3197525,-0.19776456,-1.6574444,1.7090545,2.464808,-1.1771657,-1.9033982,1.4914297,-1.3534919,-0.60398346,-0.058002755
177,0.6963749,0.50644594,0.437934,-0.7412611,0.48906472,0.70312345,-0.60325927,0.12005235,-0.5862218,0.61100274,1.4236139,-0.6270926,-0.67947537,-0.46540356,0.10457399,0.19311698,-0.42974913,-0.00020599365,-0.59385574,-0.36309218,0.48768294,-0.21609777,1.3354067,0.6397651,-0.7743203,0.79220587,0.2568772,0.6846148,0.62242424,-0.6292934,-0.17006099,-0.17896438,-0.3389008,-0.49879086,0.14185463,1.0728892,-0.36166048,-0.57815397,-0.61361414,0.3425103,-0.5042516,-0.63408256,-0.7488537,0.6898337,0.25115648,-0.67239124,0.67494154,-0.5871098,0.40074605,1.0270381,-0.16952235,-0.8630223,-0.7675625,-0.758939,0.11036646,-0.12305945,0.8093244,0.5603541,-0.58038616,-0.21566552,-0.15713185,0.6481197,-0.34592897,0.385301,-0.047407687,0.003986556,1.0454936,0.3618377,0.95248884,-0.35190105,0.9434544,0.52531695,1.0713439,0.976468,-0.24178284,0.77750087,-0.14087129,0.87149143,0.4960737,-0.5259104,0.74252504,0.71635365,-0.43738914,-0.42492956,1.3302739,-0.35703254,-0.23599786,-0.3445812,0.7412821,0.2614913,-0.24928021,-0.19003367,0.50467783,-0.56389046,0.8028996,-0.4409737,-0.8624314,0.30447364,-0.28149313,-0.4965765,-0.6820009,-0.4842692,0.8504989,0.6538959,0.6781881,-0.15844685,0.6031498,0.49523586,-0.10729492,0.23090738,-0.60620844,1.2564288,-0.6457622,1.5274904,-0.4156279,0.030208342,0.31434476,-0.060676396,1.0352076,-0.46194565,-0.3253836,0.31827432,-0.31927353,-0.18346351,-0.6073068,-0.1673274,-0.46808952,-0.7864762,-0.2921332,-0.60777235,-0.3016862,-0.13154319,1.633458,2.286007,-1.6064556,0.31073424,0.8421908,-1.4907851,1.7358922,-0.12776849,-0.42548817,-3.327165,1.5963684,-0.8237171,1.3789858,4.076952,1.5647748,1.178154,-1.2193732,-0.6960829,-3.049759,-1.2283275,-0.13705577,2.6962848,2.987954,0.90939015,-1.2028068,-0.9470651,-1.9695561,-1.7047064,0.6531113,0.6852079,-0.16915715,1.6390631,1.653579,2.328595,2.957743,-1.0269651,-1.4979239,-0.47746214,-1.962206,-1.5919974,-0.36454785,-0.7793983,-0.66100067,-1.448816,-3.0416303,-0.6686348,-1.7859672,1.0003039,-3.4562714,1.5433983,0.3383922,-1.8067815,1.5216775,0.20619288,-0.45003843,-0.35971168,-2.823629,-2.113787,0.48187426,-1.1701148,-1.8017316,2.9465249,-0.73370725,-0.13288718,2.2945693,-0.97588706,1.0013628,2.8346822,-0.80821097,-1.0905161,-0.7456946,-0.03284143,-2.1228108,1.6495993,-1.2562983,1.5861703,1.8695445,0.79759216,-0.4428325,-2.1251364,-0.5336228,0.026950207,-0.14913589,-0.2310167,0.6722152,1.0557669,1.8635821,2.165711,-1.6708841,-1.9547894,1.698403,2.7954946,-0.13365145,-0.1559338,-2.0584092,-2.325334,-2.9178553,1.0222557,1.7265967,2.007151,1.650785,0.63327414,-1.9661832,-1.9322474,-1.5904274,2.466051,0.4714324,0.12064482,1.4665644,-0.66158044,2.7214072,1.595145,-3.117781,-2.3197525,-0.19776456,-1.6574444,1.7090545,2.464808,-1.1771657,-1.9033982,1.4914297,-1.3534919,-0.60398346,-0.058002755
178,0.6963749,0.50644594,0.437934,-0.7412611,0.48906472,0.70312345,-0.60325927,0.12005235,-0.5862218,0.61100274,1.4236139,-0.6270926,-0.67947537,-0.46540356,0.10457399,0.19311698,-0.42974913,-0.00020599365,-0.59385574,-0.36309218,0.48768294,-0.21609777,1.3354067,0.6397651,-0.7743203,0.79220587,0.2568772,0.6846148,0.62242424,-0.6292934,-0.17006099,-0.17896438,-0.3389008,-0.49879086,0.14185463,1.0728892,-0.36166048,-0.57815397,-0.61361414,0.3425103,-0.5042516,-0.63408256,-0.7488537,0.6898337,0.25115648,-0.67239124,0.67494154,-0.5871098,0.40074605,1.0270381,-0.16952235,-0.8630223,-0.7675625,-0.758939,0.11036646,-0.12305945,0.8093244,0.5603541,-0.58038616,-0.21566552,-0.15713185,0.6481197,-0.34592897,0.385301,-0.047407687,0.003986556,1.0454936,0.3618377,0.95248884,-0.35190105,0.9434544,0.52531695,1.0713439,0.976468,-0.24178284,0.77750087,-0.14087129,0.87149143,0.4960737,-0.5259104,0.74252504,0.71635365,-0.43738914,-0.42492956,1.3302739,-0.35703254,-0.23599786,-0.3445812,0.7412821,0.2614913,-0.24928021,-0.19003367,0.50467783,-0.56389046,0.8028996,-0.4409737,-0.8624314,0.30447364,-0.28149313,-0.4965765,-0.6820009,-0.4842692,0.8504989,0.6538959,0.6781881,-0.15844685,0.6031498,0.49523586,-0.10729492,0.23090738,-0.60620844,1.2564288,-0.6457622,1.5274904,-0.4156279,0.030208342,0.31434476,-0.060676396,1.0352076,-0.46194565,-0.3253836,0.31827432,-0.31927353,-0.18346351,-0.6073068,-0.1673274,-0.46808952,-0.7864762,-0.2921332,-0.60777235,-0.3016862,-0.13154319,1.633458,2.286007,-1.6064556,0.31073424,0.8421908,-1.4907851,1.7358922,-0.12776849,-0.42548817,-3.327165,1.5963684,-0.8237171,1.3789858,4.076952,1.5647748,1.178154,-1.2193732,-0.6960829,-3.049759,-1.2283275,-0.13705577,2.6962848,2.987954,0.90939015,-1.2028068,-0.9470651,-1.9695561,-1.7047064,0.6531113,0.6852079,-0.16915715,1.6390631,1.653579,2.328595,2.957743,-1.0269651,-1.4979239,-0.47746214,-1.962206,-1.5919974,-0.36454785,-0.7793983,-0.66100067,-1.448816,-3.0416303,-0.6686348,-1.7859672,1.0003039,-3.4562714,1.5433983,0.3383922,-1.8067815,1.5216775,0.20619288,-0.45003843,-0.35971168,-2.823629,-2.113787,0.48187426,-1.1701148,-1.8017316,2.9465249,-0.73370725,-0.13288718,2.2945693,-0.97588706,1.0013628,2.8346822,-0.80821097,-1.0905161,-0.7456946,-0.03284143,-2.1228108,1.6495993,-1.2562983,1.5861703,1.8695445,0.79759216,-0.4428325,-2.1251364,-0.5336228,0.026950207,-0.14913589,-0.2310167,0.6722152,1.0557669,1.8635821,2.165711,-1.6708841,-1.9547894,1.698403,2.7954946,-0.13365145,-0.1559338,-2.0584092,-2.325334,-2.9178553,1.0222557,1.7265967,2.007151,1.650785,0.63327414,-1.9661832,-1.9322474,-1.5904274,2.466051,0.4714324,0.12064482,1.4665644,-0.66158044,2.7214072,1.595145,-3.117781,-2.3197525,-0.19776456,-1.6574444,1.7090545,2.464808,-1.1771657,-1.9033982,1.4914297,-1.3534919,-0.60398346,-0.058002755
179,0.6963749,0.50644594,0.437934,-0.7412611,0.48906472,0.70312345,-0.60325927,0.12005235,-0.5862218,0.61100274,1.4236139,-0.6270926,-0.67947537,-0.46540356,0.10457399,0.19311698,-0.42974913,-0.00020599365,-0.59385574,-0.36309218,0.48768294,-0.21609777,1.3354067,0.6397651,-0.7743203,0.79220587,0.2568772,0.6846148,0.62242424,-0.6292934,-0.17006099,-0.17896438,-0.3389008,-0.49879086,0.14185463,1.0728892,-0.36166048,-0.57815397,-0.61361414,0.3425103,-0.5042516,-0.63408256,-0.7488537,0.6898337,0.25115648,-0.67239124,0.67494154,-0.5871098,0.40074605,1.0270381,-0.16952235,-0.8630223,-0.7675625,-0.758939,0.11036646,-0.12305945,0.8093244,0.5603541,-0.58038616,-0.21566552,-0.15713185,0.6481197,-0.34592897,0.385301,-0.047407687,0.003986556,1.0454936,0.3618377,0.95248884,-0.35190105,0.9434544,0.52531695,1.0713439,0.976468,-0.24178284,0.77750087,-0.14087129,0.87149143,0.4960737,-0.5259104,0.74252504,0.71635365,-0.43738914,-0.42492956,1.3302739,-0.35703254,-0.23599786,-0.3445812,0.7412821,0.2614913,-0.24928021,-0.19003367,0.50467783,-0.56389046,0.8028996,-0.4409737,-0.8624314,0.30447364,-0.28149313,-0.4965765,-0.6820009,-0.4842692,0.8504989,0.6538959,0.6781881,-0.15844685,0.6031498,0.49523586,-0.10729492,0.23090738,-0.60620844,1.2564288,-0.6457622,1.5274904,-0.4156279,0.030208342,0.31434476,-0.060676396,1.0352076,-0.46194565,-0.3253836,0.31827432,-0.31927353,-0.18346351,-0.6073068,-0.1673274,-0.46808952,-0.7864762,-0.2921332,-0.60777235,-0.3016862,-0.13154319,1.633458,2.286007,-1.6064556,0.31073424,0.8421908,-1.4907851,1.7358922,-0.12776849,-0.42548817,-3.327165,1.5963684,-0.8237171,1.3789858,4.076952,1.5647748,1.178154,-1.2193732,-0.6960829,-3.049759,-1.2283275,-0.13705577,2.6962848,2.987954,0.90939015,-1.2028068,-0.9470651,-1.9695561,-1.7047064,0.6531113,0.6852079,-0.16915715,1.6390631,1.653579,2.328595,2.957743,-1.0269651,-1.4979239,-0.47746214,-1.962206,-1.5919974,-0.36454785,-0.7793983,-0.66100067,-1.448816,-3.0416303,-0.6686348,-1.7859672,1.0003039,-3.4562714,1.5433983,0.3383922,-1.8067815,1.5216775,0.20619288,-0.45003843,-0.35971168,-2.823629,-2.113787,0.48187426,-1.1701148,-1.8017316,2.9465249,-0.73370725,-0.13288718,2.2945693,-0.97588706,1.0013628,2.8346822,-0.80821097,-1.0905161,-0.7456946,-0.03284143,-2.1228108,1.6495993,-1.2562983,1.5861703,1.8695445,0.79759216,-0.4428325,-2.1251364,-0.5336228,0.026950207,-0.14913589,-0.2310167,0.6722152,1.0557669,1.8635821,2.165711,-1.6708841,-1.9547894,1.698403,2.7954946,-0.13365145,-0.1559338,-2.0584092,-2.325334,-2.9178553,1.0222557,1.7265967,2.007151,1.650785,0.63327414,-1.9661832,-1.9322474,-1.5904274,2.466051,0.4714324,0.12064482,1.4665644,-0.66158044,2.7214072,1.595145,-3.117781,-2.3197525,-0.19776456,-1.6574444,1.7090545,2.464808,-1.1771657,-1.9033982,1.4914297,-1.3534919,-0.60398346,-0.058002755
180,0.6963749,0.50644594,0.437934,-0.7412611,0.48906472,0.70312345,-0.60325927,0.12005235,-0.5862218,0.61100274,1.4236139,-0.6270926,-0.67947537,-0.46540356,0.10457399,0.19311698,-0.42974913,-0.00020599365,-0.59385574,-0.36309218,0.48768294,-0.21609777,1.3354067,0.6397651,-0.7743203,0.79220587,0.2568772,0.6846148,0.62242424,-0.6292934,-0.17006099,-0.17896438,-0.3389008,-0.49879086,0.14185463,1.0728892,-0.36166048,-0.57815397,-0.61361414,0.3425103,-0.5042516,-0.63408256,-0.7488537,0.6898337,0.25115648,-0.67239124,0.67494154,-0.5871098,0.40074605,1.0270381,-0.16952235,-0.8630223,-0.7675625,-0.758939,0.11036646,-0.12305945,0.8093244,0.5603541,-0.58038616,-0.21566552,-0.15713185,0.6481197,-0.34592897,0.385301,-0.047407687,0.003986556,1.0454936,0.3618377,0.95248884,-0.35190105,0.9434544,0.52531695,1.0713439,0.976468,-0.24178284,0.77750087,-0.14087129,0.87149143,0.4960737,-0.5259104,0.74252504,0.71635365,-0.43738914,-0.42492956,1.3302739,-0.35703254,-0.23599786,-0.3445812,0.7412821,0.2614913,-0.24928021,-0.19003367,0.50467783,-0.56389046,0.8028996,-0.4409737,-0.8624314,0.30447364,-0.28149313,-0.4965765,-0.6820009,-0.4842692,0.8504989,0.6538959,0.6781881,-0.15844685,0.6031498,0.49523586,-0.10729492,0.23090738,-0.60620844,1.2564288,-0.6457622,1.5274904,-0.4156279,0.030208342,0.31434476,-0.060676396,1.0352076,-0.46194565,-0.3253836,0.31827432,-0.31927353,-0.18346351,-0.6073068,-0.1673274,-0.46808952,-0.7864762,-0.2921332,-0.60777235,-0.3016862,-0.13154319,1.633458,2.286007,-1.6064556,0.31073424,0.8421908,-1.4907851,1.7358922,-0.12776849,-0.42548817,-3.327165,1.5963684,-0.8237171,1.3789858,4.076952,1.5647748,1.178154,-1.2193732,-0.6960829,-3.049759,-1.2283275,-0.13705577,2.6962848,2.987954,0.90939015,-1.2028068,-0.9470651,-1.9695561,-1.7047064,0.6531113,0.6852079,-0.16915715,1.6390631,1.653579,2.328595,2.957743,-1.0269651,-1.4979239,-0.47746214,-1.962206,-1.5919974,-0.36454785,-0.7793983,-0.66100067,-1.448816,-3.0416303,-0.6686348,-1.7859672,1.0003039,-3.4562714,1.5433983,0.3383922,-1.8067815,1.5216775,0.20619288,-0.45003843,-0.35971168,-2.823629,-2.113787,0.48187426,-1.1701148,-1.8017316,2.9465249,-0.73370725,-0.13288718,2.2945693,-0.97588706,1.0013628,2.8346822,-0.80821097,-1.0905161,-0.7456946,-0.03284143,-2.1228108,1.6495993,-1.2562983,1.5861703,1.8695445,0.79759216,-0.4428325,-2.1251364,-0.5336228,0.026950207,-0.14913589,-0.2310167,0.6722152,1.0557669,1.8635821,2.165711,-1.6708841,-1.9547894,1.698403,2.7954946,-0.13365145,-0.1559338,-2.0584092,-2.325334,-2.9178553,1.0222557,1.7265967,2.007151,1.650785,0.63327414,-1.9661832,-1.9322474,-1.5904274,2.466051,0.4714324,0.12064482,1.4665644,-0.66158044,2.7214072,1.595145,-3.117781,-2.3197525,-0.19776456,-1.6574444,1.7090545,2.464808,-1.1771657,-1.9033982,1.4914297,-1.3534919,-0.60398346,-0.058002755
181,0.6963749,0.50644594,0.437934,-0.7412611,0.48906472,0.70312345,-0.60325927,0.12005235,-0.5862218,0.61100274,1.4236139,-0.6270926,-0.67947537,-0.46540356,0.10457399,0.19311698,-0.42974913,-0.00020599365,-0.59385574,-0.36309218,0.48768294,-0.21609777,1.3354067,0.6397651,-0.7743203,0.79220587,0.2568772,0.6846148,0.62242424,-0.6292934,-0.17006099,-0.17896438,-0.3389008,-0.49879086,0.14185463,1.0728892,-0.36166048,-0.57815397,-0.61361414,0.3425103,-0.5042516,-0.63408256,-0.7488537,0.6898337,0.25115648,-0.67239124,0.67494154,-0.5871098,0.40074605,1.0270381,-0.16952235,-0.8630223,-0.7675625,-0.758939,0.11036646,-0.12305945,0.8093244,0.5603541,-0.58038616,-0.21566552,-0.15713185,0.6481197,-0.34592897,0.385301,-0.047407687,0.003986556,1.0454936,0.3618377,0.95248884,-0.35190105,0.9434544,0.52531695,1.0713439,0.976468,-0.24178284,0.77750087,-0.14087129,0.87149143,0.4960737,-0.5259104,0.74252504,0.71635365,-0.43738914,-0.42492956,1.3302739,-0.35703254,-0.23599786,-0.3445812,0.7412821,0.2614913,-0.24928021,-0.19003367,0.50467783,-0.56389046,0.8028996,-0.4409737,-0.8624314,0.30447364,-0.28149313,-0.4965765,-0.6820009,-0.4842692,0.8504989,0.6538959,0.6781881,-0.15844685,0.6031498,0.49523586,-0.10729492,0.23090738,-0.60620844,1.2564288,-0.6457622,1.5274904,-0.4156279,0.030208342,0.31434476,-0.060676396,1.0352076,-0.46194565,-0.3253836,0.31827432,-0.31927353,-0.18346351,-0.6073068,-0.1673274,-0.46808952,-0.7864762,-0.2921332,-0.60777235,-0.3016862,-0.13154319,1.633458,2.286007,-1.6064556,0.31073424,0.8421908,-1.4907851,1.7358922,-0.12776849,-0.42548817,-3.327165,1.5963684,-0.8237171,1.3789858,4.076952,1.5647748,1.178154,-1.2193732,-0.6960829,-3.049759,-1.2283275,-0.13705577,2.6962848,2.987954,0.90939015,-1.2028068,-0.9470651,-1.9695561,-1.7047064,0.6531113,0.6852079,-0.16915715,1.6390631,1.653579,2.328595,2.957743,-1.0269651,-1.4979239,-0.47746214,-1.962206,-1.5919974,-0.36454785,-0.7793983,-0.66100067,-1.448816,-3.0416303,-0.6686348,-1.7859672,1.0003039,-3.4562714,1.5433983,0.3383922,-1.8067815,1.5216775,0.20619288,-0.45003843,-0.35971168,-2.823629,-2.113787,0.48187426,-1.1701148,-1.8017316,2.9465249,-0.73370725,-0.13288718,2.2945693,-0.97588706,1.0013628,2.8346822,-0.80821097,-1.0905161,-0.7456946,-0.03284143,-2.1228108,1.6495993,-1.2562983,1.5861703,1.8695445,0.79759216,-0.4428325,-2.1251364,-0.5336228,0.026950207,-0.14913589,-0.2310167,0.6722152,1.0557669,1.8635821,2.165711,-1.6708841,-1.9547894,1.698403,2.7954946,-0.13365145,-0.1559338,-2.0584092,-2.325334,-2.9178553,1.0222557,1.7265967,2.007151,1.650785,0.63327414,-1.9661832,-1.9322474,-1.5904274,2.466051,0.4714324,0.12064482,1.4665644,-0.66158044,2.7214072,1.595145,-3.117781,-2.3197525,-0.19776456,-1.6574444,1.7090545,2.464808,-1.1771657,-1.9033982,1.4914297,-1.3534919,-0.60398346,-0.058002755
182,0.6963749,0.50644594,0.437934,-0.7412611,0.48906472,0.70312345,-0.60325927,0.12005235,-0.5862218,0.61100274,1.4236139,-0.6270926,-0.67947537,-0.46540356,0.10457399,0.19311698,-0.42974913,-0.00020599365,-0.59385574,-0.36309218,0.48768294,-0.21609777,1.3354067,0.6397651,-0.7743203,0.79220587,0.2568772,0.6846148,0.62242424,-0.6292934,-0.17006099,-0.17896438,-0.3389008,-0.49879086,0.14185463,1.0728892,-0.36166048,-0.57815397,-0.61361414,0.3425103,-0.5042516,-0.63408256,-0.7488537,0.6898337,0.25115648,-0.67239124,0.67494154,-0.5871098,0.40074605,1.0270381,-0.16952235,-0.8630223,-0.7675625,-0.758939,0.11036646,-0.12305945,0.8093244,0.5603541,-0.58038616,-0.21566552,-0.15713185,0.6481197,-0.34592897,0.385301,-0.047407687,0.003986556,1.0454936,0.3618377,0.95248884,-0.35190105,0.9434544,0.52531695,1.0713439,0.976468,-0.24178284,0.77750087,-0.14087129,0.87149143,0.4960737,-0.5259104,0.74252504,0.71635365,-0.43738914,-0.42492956,1.3302739,-0.35703254,-0.23599786,-0.3445812,0.7412821,0.2614913,-0.24928021,-0.19003367,0.50467783,-0.56389046,0.8028996,-0.4409737,-0.8624314,0.30447364,-0.28149313,-0.4965765,-0.6820009,-0.4842692,0.8504989,0.6538959,0.6781881,-0.15844685,0.6031498,0.49523586,-0.10729492,0.23090738,-0.60620844,1.2564288,-0.6457622,1.5274904,-0.4156279,0.030208342,0.31434476,-0.060676396,1.0352076,-0.46194565,-0.3253836,0.31827432,-0.31927353,-0.18346351,-0.6073068,-0.1673274,-0.46808952,-0.7864762,-0.2921332,-0.60777235,-0.3016862,-0.13154319,1.633458,2.286007,-1.6064556,0.31073424,0.8421908,-1.4907851,1.7358922,-0.12776849,-0.42548817,-3.327165,1.5963684,-0.8237171,1.3789858,4.076952,1.5647748,1.178154,-1.2193732,-0.6960829,-3.049759,-1.2283275,-0.13705577,2.6962848,2.987954,0.90939015,-1.2028068,-0.9470651,-1.9695561,-1.7047064,0.6531113,0.6852079,-0.16915715,1.6390631,1.653579,2.328595,2.957743,-1.0269651,-1.4979239,-0.47746214,-1.962206,-1.5919974,-0.36454785,-0.7793983,-0.66100067,-1.448816,-3.0416303,-0.6686348,-1.7859672,1.0003039,-3.4562714,1.5433983,0.3383922,-1.8067815,1.5216775,0.20619288,-0.45003843,-0.35971168,-2.823629,-2.113787,0.48187426,-1.1701148,-1.8017316,2.9465249,-0.73370725,-0.13288718,2.2945693,-0.97588706,1.0013628,2.8346822,-0.80821097,-1.0905161,-0.7456946,-0.03284143,-2.1228108,1.6495993,-1.2562983,1.5861703,1.8695445,0.79759216,-0.4428325,-2.1251364,-0.5336228,0.026950207,-0.14913589,-0.2310167,0.6722152,1.0557669,1.8635821,2.165711,-1.6708841,-1.9547894,1.698403,2.7954946,-0.13365145,-0.1559338,-2.0584092,-2.325334,-2.9178553,1.0222557,1.7265967,2.007151,1.650785,0.63327414,-1.9661832,-1.9322474,-1.5904274,2.466051,0.4714324,0.12064482,1.4665644,-0.66158044,2.7214072,1.595145,-3.117781,-2.3197525,-0.19776456,-1.6574444,1.7090545,2.464808,-1.1771657,-1.9033982,1.4914297,-1.3534919,-0.60398346,-0.058002755
183,0.6963749,0.50644594,0.437934,-0.7412611,0.48906472,0.70312345,-0.60325927,0.12005235,-0.5862218,0.61100274,1.4236139,-0.6270926,-0.67947537,-0.46540356,0.10457399,0.19311698,-0.42974913,-0.00020599365,-0.59385574,-0.36309218,0.48768294,-0.21609777,1.3354067,0.6397651,-0.7743203,0.79220587,0.2568772,0.6846148,0.62242424,-0.6292934,-0.17006099,-0.17896438,-0.3389008,-0.49879086,0.14185463,1.0728892,-0.36166048,-0.57815397,-0.61361414,0.3425103,-0.5042516,-0.63408256,-0.7488537,0.6898337,0.25115648,-0.67239124,0.67494154,-0.5871098,0.40074605,1.0270381,-0.16952235,-0.8630223,-0.7675625,-0.758939,0.11036646,-0.12305945,0.8093244,0.5603541,-0.58038616,-0.21566552,-0.15713185,0.6481197,-0.34592897,0.385301,-0.047407687,0.003986556,1.0454936,0.3618377,0.95248884,-0.35190105,0.9434544,0.52531695,1.0713439,0.976468,-0.24178284,0.77750087,-0.14087129,0.87149143,0.4960737,-0.5259104,0.74252504,0.71635365,-0.43738914,-0.42492956,1.3302739,-0.35703254,-0.23599786,-0.3445812,0.7412821,0.2614913,-0.24928021,-0.19003367,0.50467783,-0.56389046,0.8028996,-0.4409737,-0.8624314,0.30447364,-0.28149313,-0.4965765,-0.6820009,-0.4842692,0.8504989,0.6538959,0.6781881,-0.15844685,0.6031498,0.49523586,-0.10729492,0.23090738,-0.60620844,1.2564288,-0.6457622,1.5274904,-0.4156279,0.030208342,0.31434476,-0.060676396,1.0352076,-0.46194565,-0.3253836,0.31827432,-0.31927353,-0.18346351,-0.6073068,-0.1673274,-0.46808952,-0.7864762,-0.2921332,-0.60777235,-0.3016862,-0.13154319,1.633458,2.286007,-1.6064556,0.31073424,0.8421908,-1.4907851,1.7358922,-0.12776849,-0.42548817,-3.327165,1.5963684,-0.8237171,1.3789858,4.076952,1.5647748,1.178154,-1.2193732,-0.6960829,-3.049759,-1.2283275,-0.13705577,2.6962848,2.987954,0.90939015,-1.2028068,-0.9470651,-1.9695561,-1.7047064,0.6531113,0.6852079,-0.16915715,1.6390631,1.653579,2.328595,2.957743,-1.0269651,-1.4979239,-0.47746214,-1.962206,-1.5919974,-0.36454785,-0.7793983,-0.66100067,-1.448816,-3.0416303,-0.6686348,-1.7859672,1.0003039,-3.4562714,1.5433983,0.3383922,-1.8067815,1.5216775,0.20619288,-0.45003843,-0.35971168,-2.823629,-2.113787,0.48187426,-1.1701148,-1.8017316,2.9465249,-0.73370725,-0.13288718,2.2945693,-0.97588706,1.0013628,2.8346822,-0.80821097,-1.0905161,-0.7456946,-0.03284143,-2.1228108,1.6495993,-1.2562983,1.5861703,1.8695445,0.79759216,-0.4428325,-2.1251364,-0.5336228,0.026950207,-0.14913589,-0.2310167,0.6722152,1.0557669,1.8635821,2.165711,-1.6708841,-1.9547894,1.698403,2.7954946,-0.13365145,-0.1559338,-2.0584092,-2.325334,-2.9178553,1.0222557,1.7265967,2.007151,1.650785,0.63327414,-1.9661832,-1.9322474,-1.5904274,2.466051,0.4714324,0.12064482,1.4665644,-0.66158044,2.7214072,1.595145,-3.117781,-2.3197525,-0.19776456,-1.6574444,1.7090545,2.464808,-1.1771657,-1.9033982,1.4914297,-1.3534919,-0.60398346,-0.058002755
184,0.6963749,0.50644594,0.437934,-0.7412611,0.48906472,0.70312345,-0.60325927,0.12005235,-0.5862218,0.61100274,1.4236139,-0.6270926,-0.67947537,-0.46540356,0.10457399,0.19311698,-0.42974913,-0.00020599365,-0.59385574,-0.36309218,0.48768294,-0.21609777,1.3354067,0.6397651,-0.7743203,0.79220587,0.2568772,0.6846148,0.62242424,-0.6292934,-0.17006099,-0.17896438,-0.3389008,-0.49879086,0.14185463,1.0728892,-0.36166048,-0.57815397,-0.61361414,0.3425103,-0.5042516,-0.63408256,-0.7488537,0.6898337,0.25115648,-0.67239124,0.67494154,-0.5871098,0.40074605,1.0270381,-0.16952235,-0.8630223,-0.7675625,-0.758939,0.11036646,-0.12305945,0.8093244,0.5603541,-0.58038616,-0.21566552,-0.15713185,0.6481197,-0.34592897,0.385301,-0.047407687,0.003986556,1.0454936,0.3618377,0.95248884,-0.35190105,0.9434544,0.52531695,1.0713439,0.976468,-0.24178284,0.77750087,-0.14087129,0.87149143,0.4960737,-0.5259104,0.74252504,0.71635365,-0.43738914,-0.42492956,1.3302739,-0.35703254,-0.23599786,-0.3445812,0.7412821,0.2614913,-0.24928021,-0.19003367,0.50467783,-0.56389046,0.8028996,-0.4409737,-0.8624314,0.30447364,-0.28149313,-0.4965765,-0.6820009,-0.4842692,0.8504989,0.6538959,0.6781881,-0.15844685,0.6031498,0.49523586,-0.10729492,0.23090738,-0.60620844,1.2564288,-0.6457622,1.5274904,-0.4156279,0.030208342,0.31434476,-0.060676396,1.0352076,-0.46194565,-0.3253836,0.31827432,-0.31927353,-0.18346351,-0.6073068,-0.1673274,-0.46808952,-0.7864762,-0.2921332,-0.60777235,-0.3016862,-0.13154319,1.633458,2.286007,-1.6064556,0.31073424,0.8421908,-1.4907851,1.7358922,-0.12776849,-0.42548817,-3.327165,1.5963684,-0.8237171,1.3789858,4.076952,1.5647748,1.178154,-1.2193732,-0.6960829,-3.049759,-1.2283275,-0.13705577,2.6962848,2.987954,0.90939015,-1.2028068,-0.9470651,-1.9695561,-1.7047064,0.6531113,0.6852079,-0.16915715,1.6390631,1.653579,2.328595,2.957743,-1.0269651,-1.4979239,-0.47746214,-1.962206,-1.5919974,-0.36454785,-0.7793983,-0.66100067,-1.448816,-3.0416303,-0.6686348,-1.7859672,1.0003039,-3.4562714,1.5433983,0.3383922,-1.8067815,1.5216775,0.20619288,-0.45003843,-0.35971168,-2.823629,-2.113787,0.48187426,-1.1701148,-1.8017316,2.9465249,-0.73370725,-0.13288718,2.2945693,-0.97588706,1.0013628,2.8346822,-0.80821097,-1.0905161,-0.7456946,-0.03284143,-2.1228108,1.6495993,-1.2562983,1.5861703,1.8695445,0.79759216,-0.4428325,-2.1251364,-0.5336228,0.026950207,-0.14913589,-0.2310167,0.6722152,1.0557669,1.8635821,2.165711,-1.6708841,-1.9547894,1.698403,2.7954946,-0.13365145,-0.1559338,-2.0584092,-2.325334,-2.9178553,1.0222557,1.7265967,2.007151,1.650785,0.63327414,-1.9661832,-1.9322474,-1.5904274,2.466051,0.4714324,0.12064482,1.4665644,-0.66158044,2.7214072,1.595145,-3.117781,-2.3197525,-0.19776456,-1.6574444,1.7090545,2.464808,-1.1771657,-1.9033982,1.4914297,-1.3534919,-0.60398346,-0.058002755
185,0.6963749,0.50644594,0.437934,-0.7412611,0.48906472,0.70312345,-0.60325927,0.12005235,-0.5862218,0.61100274,1.4236139,-0.6270926,-0.67947537,-0.46540356,0.10457399,0.19311698,-0.42974913,-0.00020599365,-0.59385574,-0.36309218,0.48768294,-0.21609777,1.3354067,0.6397651,-0.7743203,0.79220587,0.2568772,0.6846148,0.62242424,-0.6292934,-0.17006099,-0.17896438,-0.3389008,-0.49879086,0.14185463,1.0728892,-0.36166048,-0.57815397,-0.61361414,0.3425103,-0.5042516,-0.63408256,-0.7488537,0.6898337,0.25115648,-0.67239124,0.67494154,-0.5871098,0.40074605,1.0270381,-0.16952235,-0.8630223,-0.7675625,-0.758939,0.11036646,-0.12305945,0.8093244,0.5603541,-0.58038616,-0.21566552,-0.15713185,0.6481197,-0.34592897,0.385301,-0.047407687,0.003986556,1.0454936,0.3618377,0.95248884,-0.35190105,0.9434544,0.52531695,1.0713439,0.976468,-0.24178284,0.77750087,-0.14087129,0.87149143,0.4960737,-0.5259104,0.74252504,0.71635365,-0.43738914,-0.42492956,1.3302739,-0.35703254,-0.23599786,-0.3445812,0.7412821,0.2614913,-0.24928021,-0.19003367,0.50467783,-0.56389046,0.8028996,-0.4409737,-0.8624314,0.30447364,-0.28149313,-0.4965765,-0.6820009,-0.4842692,0.8504989,0.6538959,0.6781881,-0.15844685,0.6031498,0.49523586,-0.10729492,0.23090738,-0.60620844,1.2564288,-0.6457622,1.5274904,-0.4156279,0.030208342,0.31434476,-0.060676396,1.0352076,-0.46194565,-0.3253836,0.31827432,-0.31927353,-0.18346351,-0.6073068,-0.1673274,-0.46808952,-0.7864762,-0.2921332,-0.60777235,-0.3016862,-0.13154319,1.633458,2.286007,-1.6064556,0.31073424,0.8421908,-1.4907851,1.7358922,-0.12776849,-0.42548817,-3.327165,1.5963684,-0.8237171,1.3789858,4.076952,1.5647748,1.178154,-1.2193732,-0.6960829,-3.049759,-1.2283275,-0.13705577,2.6962848,2.987954,0.90939015,-1.2028068,-0.9470651,-1.9695561,-1.7047064,0.6531113,0.6852079,-0.16915715,1.6390631,1.653579,2.328595,2.957743,-1.0269651,-1.4979239,-0.47746214,-1.962206,-1.5919974,-0.36454785,-0.7793983,-0.66100067,-1.448816,-3.0416303,-0.6686348,-1.7859672,1.0003039,-3.4562714,1.5433983,0.3383922,-1.8067815,1.5216775,0.20619288,-0.45003843,-0.35971168,-2.823629,-2.113787,0.48187426,-1.1701148,-1.8017316,2.9465249,-0.73370725,-0.13288718,2.2945693,-0.97588706,1.0013628,2.8346822,-0.80821097,-1.0905161,-0.7456946,-0.03284143,-2.1228108,1.6495993,-1.2562983,1.5861703,1.8695445,0.79759216,-0.4428325,-2.1251364,-0.5336228,0.026950207,-0.14913589,-0.2310167,0.6722152,1.0557669,1.8635821,2.165711,-1.6708841,-1.9547894,1.698403,2.7954946,-0.13365145,-0.1559338,-2.0584092,-2.325334,-2.9178553,1.0222557,1.7265967,2.007151,1.650785,0.63327414,-1.9661832,-1.9322474,-1.5904274,2.466051,0.4714324,0.12064482,1.4665644,-0.66158044,2.7214072,1.595145,-3.117781,-2.3197525,-0.19776456,-1.6574444,1.7090545,2.464808,-1.1771657,-1.9033982,1.4914297,-1.3534919,-0.60398346,-0.058002755
186,0.6963749,0.50644594,0.437934,-0.7412611,0.48906472,0.70312345,-0.60325927,0.12005235,-0.5862218,0.61100274,1.4236139,-0.6270926,-0.67947537,-0.46540356,0.10457399,0.19311698,-0.42974913,-0.00020599365,-0.59385574,-0.36309218,0.48768294,-0.21609777,1.3354067,0.6397651,-0.7743203,0.79220587,0.2568772,0.6846148,0.62242424,-0.6292934,-0.17006099,-0.17896438,-0.3389008,-0.49879086,0.14185463,1.0728892,-0.36166048,-0.57815397,-0.61361414,0.3425103,-0.5042516,-0.63408256,-0.7488537,0.6898337,0.25115648,-0.67239124,0.67494154,-0.5871098,0.40074605,1.0270381,-0.16952235,-0.8630223,-0.7675625,-0.758939,0.11036646,-0.12305945,0.8093244,0.5603541,-0.58038616,-0.21566552,-0.15713185,0.6481197,-0.34592897,0.385301,-0.047407687,0.003986556,1.0454936,0.3618377,0.95248884,-0.35190105,0.9434544,0.52531695,1.0713439,0.976468,-0.24178284,0.77750087,-0.14087129,0.87149143,0.4960737,-0.5259104,0.74252504,0.71635365,-0.43738914,-0.42492956,1.3302739,-0.35703254,-0.23599786,-0.3445812,0.7412821,0.2614913,-0.24928021,-0.19003367,0.50467783,-0.56389046,0.8028996,-0.4409737,-0.8624314,0.30447364,-0.28149313,-0.4965765,-0.6820009,-0.4842692,0.8504989,0.6538959,0.6781881,-0.15844685,0.6031498,0.49523586,-0.10729492,0.23090738,-0.60620844,1.2564288,-0.6457622,1.5274904,-0.4156279,0.030208342,0.31434476,-0.060676396,1.0352076,-0.46194565,-0.3253836,0.31827432,-0.31927353,-0.18346351,-0.6073068,-0.1673274,-0.46808952,-0.7864762,-0.2921332,-0.60777235,-0.3016862,-0.13154319,1.633458,2.286007,-1.6064556,0.31073424,0.8421908,-1.4907851,1.7358922,-0.12776849,-0.42548817,-3.327165,1.5963684,-0.8237171,1.3789858,4.076952,1.5647748,1.178154,-1.2193732,-0.6960829,-3.049759,-1.2283275,-0.13705577,2.6962848,2.987954,0.90939015,-1.2028068,-0.9470651,-1.9695561,-1.7047064,0.6531113,0.6852079,-0.16915715,1.6390631,1.653579,2.328595,2.957743,-1.0269651,-1.4979239,-0.47746214,-1.962206,-1.5919974,-0.36454785,-0.7793983,-0.66100067,-1.448816,-3.0416303,-0.6686348,-1.7859672,1.0003039,-3.4562714,1.5433983,0.3383922,-1.8067815,1.5216775,0.20619288,-0.45003843,-0.35971168,-2.823629,-2.113787,0.48187426,-1.1701148,-1.8017316,2.9465249,-0.73370725,-0.13288718,2.2945693,-0.97588706,1.0013628,2.8346822,-0.80821097,-1.0905161,-0.7456946,-0.03284143,-2.1228108,1.6495993,-1.2562983,1.5861703,1.8695445,0.79759216,-0.4428325,-2.1251364,-0.5336228,0.026950207,-0.14913589,-0.2310167,0.6722152,1.0557669,1.8635821,2.165711,-1.6708841,-1.9547894,1.698403,2.7954946,-0.13365145,-0.1559338,-2.0584092,-2.325334,-2.9178553,1.0222557,1.7265967,2.007151,1.650785,0.63327414,-1.9661832,-1.9322474,-1.5904274,2.466051,0.4714324,0.12064482,1.4665644,-0.66158044,2.7214072,1.595145,-3.117781,-2.3197525,-0.19776456,-1.6574444,1.7090545,2.464808,-1.1771657,-1.9033982,1.4914297,-1.3534919,-0.60398346,-0.058002755
187,0.6963749,0.50644594,0.437934,-0.7412611,0.48906472,0.70312345,-0.60325927,0.12005235,-0.5862218,0.61100274,1.4236139,-0.6270926,-0.67947537,-0.46540356,0.10457399,0.19311698,-0.42974913,-0.00020599365,-0.59385574,-0.36309218,0.48768294,-0.21609777,1.3354067,0.6397651,-0.7743203,0.79220587,0.2568772,0.6846148,0.62242424,-0.6292934,-0.17006099,-0.17896438,-0.3389008,-0.49879086,0.14185463,1.0728892,-0.36166048,-0.57815397,-0.61361414,0.3425103,-0.5042516,-0.63408256,-0.7488537,0.6898337,0.25115648,-0.67239124,0.67494154,-0.5871098,0.40074605,1.0270381,-0.16952235,-0.8630223,-0.7675625,-0.758939,0.11036646,-0.12305945,0.8093244,0.5603541,-0.58038616,-0.21566552,-0.15713185,0.6481197,-0.34592897,0.385301,-0.047407687,0.003986556,1.0454936,0.3618377,0.95248884,-0.35190105,0.9434544,0.52531695,1.0713439,0.976468,-0.24178284,0.77750087,-0.14087129,0.87149143,0.4960737,-0.5259104,0.74252504,0.71635365,-0.43738914,-0.42492956,1.3302739,-0.35703254,-0.23599786,-0.3445812,0.7412821,0.2614913,-0.24928021,-0.19003367,0.50467783,-0.56389046,0.8028996,-0.4409737,-0.8624314,0.30447364,-0.28149313,-0.4965765,-0.6820009,-0.4842692,0.8504989,0.6538959,0.6781881,-0.15844685,0.6031498,0.49523586,-0.10729492,0.23090738,-0.60620844,1.2564288,-0.6457622,1.5274904,-0.4156279,0.030208342,0.31434476,-0.060676396,1.0352076,-0.46194565,-0.3253836,0.31827432,-0.31927353,-0.18346351,-0.6073068,-0.1673274,-0.46808952,-0.7864762,-0.2921332,-0.60777235,-0.3016862,-0.13154319,1.633458,2.286007,-1.6064556,0.31073424,0.8421908,-1.4907851,1.7358922,-0.12776849,-0.42548817,-3.327165,1.5963684,-0.8237171,1.3789858,4.076952,1.5647748,1.178154,-1.2193732,-0.6960829,-3.049759,-1.2283275,-0.13705577,2.6962848,2.987954,0.90939015,-1.2028068,-0.9470651,-1.9695561,-1.7047064,0.6531113,0.6852079,-0.16915715,1.6390631,1.653579,2.328595,2.957743,-1.0269651,-1.4979239,-0.47746214,-1.962206,-1.5919974,-0.36454785,-0.7793983,-0.66100067,-1.448816,-3.0416303,-0.6686348,-1.7859672,1.0003039,-3.4562714,1.5433983,0.3383922,-1.8067815,1.5216775,0.20619288,-0.45003843,-0.35971168,-2.823629,-2.113787,0.48187426,-1.1701148,-1.8017316,2.9465249,-0.73370725,-0.13288718,2.2945693,-0.97588706,1.0013628,2.8346822,-0.80821097,-1.0905161,-0.7456946,-0.03284143,-2.1228108,1.6495993,-1.2562983,1.5861703,1.8695445,0.79759216,-0.4428325,-2.1251364,-0.5336228,0.026950207,-0.14913589,-0.2310167,0.6722152,1.0557669,1.8635821,2.165711,-1.6708841,-1.9547894,1.698403,2.7954946,-0.13365145,-0.1559338,-2.0584092,-2.325334,-2.9178553,1.0222557,1.7265967,2.007151,1.650785,0.63327414,-1.9661832,-1.9322474,-1.5904274,2.466051,0.4714324,0.12064482,1.4665644,-0.66158044,2.7214072,1.595145,-3.117781,-2.3197525,-0.19776456,-1.6574444,1.7090545,2.464808,-1.1771657,-1.9033982,1.4914297,-1.3534919,-0.60398346,-0.058002755
188,0.6963749,0.50644594,0.437934,-0.7412611,0.48906472,0.70312345,-0.60325927,0.12005235,-0.5862218,0.61100274,1.4236139,-0.6270926,-0.67947537,-0.46540356,0.10457399,0.19311698,-0.42974913,-0.00020599365,-0.59385574,-0.36309218,0.48768294,-0.21609777,1.3354067,0.6397651,-0.7743203,0.79220587,0.2568772,0.6846148,0.62242424,-0.6292934,-0.17006099,-0.17896438,-0.3389008,-0.49879086,0.14185463,1.0728892,-0.36166048,-0.57815397,-0.61361414,0.3425103,-0.5042516,-0.63408256,-0.7488537,0.6898337,0.25115648,-0.67239124,0.67494154,-0.5871098,0.40074605,1.0270381,-0.16952235,-0.8630223,-0.7675625,-0.758939,0.11036646,-0.12305945,0.8093244,0.5603541,-0.58038616,-0.21566552,-0.15713185,0.6481197,-0.34592897,0.385301,-0.047407687,0.003986556,1.0454936,0.3618377,0.95248884,-0.35190105,0.9434544,0.52531695,1.0713439,0.976468,-0.24178284,0.77750087,-0.14087129,0.87149143,0.4960737,-0.5259104,0.74252504,0.71635365,-0.43738914,-0.42492956,1.3302739,-0.35703254,-0.23599786,-0.3445812,0.7412821,0.2614913,-0.24928021,-0.19003367,0.50467783,-0.56389046,0.8028996,-0.4409737,-0.8624314,0.30447364,-0.28149313,-0.4965765,-0.6820009,-0.4842692,0.8504989,0.6538959,0.6781881,-0.15844685,0.6031498,0.49523586,-0.10729492,0.23090738,-0.60620844,1.2564288,-0.6457622,1.5274904,-0.4156279,0.030208342,0.31434476,-0.060676396,1.0352076,-0.46194565,-0.3253836,0.31827432,-0.31927353,-0.18346351,-0.6073068,-0.1673274,-0.46808952,-0.7864762,-0.2921332,-0.60777235,-0.3016862,-0.13154319,1.633458,2.286007,-1.6064556,0.31073424,0.8421908,-1.4907851,1.7358922,-0.12776849,-0.42548817,-3.327165,1.5963684,-0.8237171,1.3789858,4.076952,1.5647748,1.178154,-1.2193732,-0.6960829,-3.049759,-1.2283275,-0.13705577,2.6962848,2.987954,0.90939015,-1.2028068,-0.9470651,-1.9695561,-1.7047064,0.6531113,0.6852079,-0.16915715,1.6390631,1.653579,2.328595,2.957743,-1.0269651,-1.4979239,-0.47746214,-1.962206,-1.5919974,-0.36454785,-0.7793983,-0.66100067,-1.448816,-3.0416303,-0.6686348,-1.7859672,1.0003039,-3.4562714,1.5433983,0.3383922,-1.8067815,1.5216775,0.20619288,-0.45003843,-0.35971168,-2.823629,-2.113787,0.48187426,-1.1701148,-1.8017316,2.9465249,-0.73370725,-0.13288718,2.2945693,-0.97588706,1.0013628,2.8346822,-0.80821097,-1.0905161,-0.7456946,-0.03284143,-2.1228108,1.6495993,-1.2562983,1.5861703,1.8695445,0.79759216,-0.4428325,-2.1251364,-0.5336228,0.026950207,-0.14913589,-0.2310167,0.6722152,1.0557669,1.8635821,2.165711,-1.6708841,-1.9547894,1.698403,2.7954946,-0.13365145,-0.1559338,-2.0584092,-2.325334,-2.9178553,1.0222557,1.7265967,2.007151,1.650785,0.63327414,-1.9661832,-1.9322474,-1.5904274,2.466051,0.4714324,0.12064482,1.4665644,-0.66158044,2.7214072,1.595145,-3.117781,-2.3197525,-0.19776456,-1.6574444,1.7090545,2.464808,-1.1771657,-1.9033982,1.4914297,-1.3534919,-0.60398346,-0.058002755
189,0.6963749,0.50644594,0.437934,-0.7412611,0.48906472,0.70312345,-0.60325927,0.12005235,-0.5862218,0.61100274,1.4236139,-0.6270926,-0.67947537,-0.46540356,0.10457399,0.19311698,-0.42974913,-0.00020599365,-0.59385574,-0.36309218,0.48768294,-0.21609777,1.3354067,0.6397651,-0.7743203,0.79220587,0.2568772,0.6846148,0.62242424,-0.6292934,-0.17006099,-0.17896438,-0.3389008,-0.49879086,0.14185463,1.0728892,-0.36166048,-0.57815397,-0.61361414,0.3425103,-0.5042516,-0.63408256,-0.7488537,0.6898337,0.25115648,-0.67239124,0.67494154,-0.5871098,0.40074605,1.0270381,-0.16952235,-0.8630223,-0.7675625,-0.758939,0.11036646,-0.12305945,0.8093244,0.5603541,-0.58038616,-0.21566552,-0.15713185,0.6481197,-0.34592897,0.385301,-0.047407687,0.003986556,1.0454936,0.3618377,0.95248884,-0.35190105,0.9434544,0.52531695,1.0713439,0.976468,-0.24178284,0.77750087,-0.14087129,0.87149143,0.4960737,-0.5259104,0.74252504,0.71635365,-0.43738914,-0.42492956,1.3302739,-0.35703254,-0.23599786,-0.3445812,0.7412821,0.2614913,-0.24928021,-0.19003367,0.50467783,-0.56389046,0.8028996,-0.4409737,-0.8624314,0.30447364,-0.28149313,-0.4965765,-0.6820009,-0.4842692,0.8504989,0.6538959,0.6781881,-0.15844685,0.6031498,0.49523586,-0.10729492,0.23090738,-0.60620844,1.2564288,-0.6457622,1.5274904,-0.4156279,0.030208342,0.31434476,-0.060676396,1.0352076,-0.46194565,-0.3253836,0.31827432,-0.31927353,-0.18346351,-0.6073068,-0.1673274,-0.46808952,-0.7864762,-0.2921332,-0.60777235,-0.3016862,-0.13154319,1.633458,2.286007,-1.6064556,0.31073424,0.8421908,-1.4907851,1.7358922,-0.12776849,-0.42548817,-3.327165,1.5963684,-0.8237171,1.3789858,4.076952,1.5647748,1.178154,-1.2193732,-0.6960829,-3.049759,-1.2283275,-0.13705577,2.6962848,2.987954,0.90939015,-1.2028068,-0.9470651,-1.9695561,-1.7047064,0.6531113,0.6852079,-0.16915715,1.6390631,1.653579,2.328595,2.957743,-1.0269651,-1.4979239,-0.47746214,-1.962206,-1.5919974,-0.36454785,-0.7793983,-0.66100067,-1.448816,-3.0416303,-0.6686348,-1.7859672,1.0003039,-3.4562714,1.5433983,0.3383922,-1.8067815,1.5216775,0.20619288,-0.45003843,-0.35971168,-2.823629,-2.113787,0.48187426,-1.1701148,-1.8017316,2.9465249,-0.73370725,-0.13288718,2.2945693,-0.97588706,1.0013628,2.8346822,-0.80821097,-1.0905161,-0.7456946,-0.03284143,-2.1228108,1.6495993,-1.2562983,1.5861703,1.8695445,0.79759216,-0.4428325,-2.1251364,-0.5336228,0.026950207,-0.14913589,-0.2310167,0.6722152,1.0557669,1.8635821,2.165711,-1.6708841,-1.9547894,1.698403,2.7954946,-0.13365145,-0.1559338,-2.0584092,-2.325334,-2.9178553,1.0222557,1.7265967,2.007151,1.650785,0.63327414,-1.9661832,-1.9322474,-1.5904274,2.466051,0.4714324,0.12064482,1.4665644,-0.66158044,2.7214072,1.595145,-3.117781,-2.3197525,-0.19776456,-1.6574444,1.7090545,2.464808,-1.1771657,-1.9033982,1.4914297,-1.3534919,-0.60398346,-0.058002755
190,0.6963749,0.50644594,0.437934,-0.7412611,0.48906472,0.70312345,-0.60325927,0.12005235,-0.5862218,0.61100274,1.4236139,-0.6270926,-0.67947537,-0.46540356,0.10457399,0.19311698,-0.42974913,-0.00020599365,-0.59385574,-0.36309218,0.48768294,-0.21609777,1.3354067,0.6397651,-0.7743203,0.79220587,0.2568772,0.6846148,0.62242424,-0.6292934,-0.17006099,-0.17896438,-0.3389008,-0.49879086,0.14185463,1.0728892,-0.36166048,-0.57815397,-0.61361414,0.3425103,-0.5042516,-0.63408256,-0.7488537,0.6898337,0.25115648,-0.67239124,0.67494154,-0.5871098,0.40074605,1.0270381,-0.16952235,-0.8630223,-0.7675625,-0.758939,0.11036646,-0.12305945,0.8093244,0.5603541,-0.58038616,-0.21566552,-0.15713185,0.6481197,-0.34592897,0.385301,-0.047407687,0.003986556,1.0454936,0.3618377,0.95248884,-0.35190105,0.9434544,0.52531695,1.0713439,0.976468,-0.24178284,0.77750087,-0.14087129,0.87149143,0.4960737,-0.5259104,0.74252504,0.71635365,-0.43738914,-0.42492956,1.3302739,-0.35703254,-0.23599786,-0.3445812,0.7412821,0.2614913,-0.24928021,-0.19003367,0.50467783,-0.56389046,0.8028996,-0.4409737,-0.8624314,0.30447364,-0.28149313,-0.4965765,-0.6820009,-0.4842692,0.8504989,0.6538959,0.6781881,-0.15844685,0.6031498,0.49523586,-0.10729492,0.23090738,-0.60620844,1.2564288,-0.6457622,1.5274904,-0.4156279,0.030208342,0.31434476,-0.060676396,1.0352076,-0.46194565,-0.3253836,0.31827432,-0.31927353,-0.18346351,-0.6073068,-0.1673274,-0.46808952,-0.7864762,-0.2921332,-0.60777235,-0.3016862,-0.13154319,1.633458,2.286007,-1.6064556,0.31073424,0.8421908,-1.4907851,1.7358922,-0.12776849,-0.42548817,-3.327165,1.5963684,-0.8237171,1.3789858,4.076952,1.5647748,1.178154,-1.2193732,-0.6960829,-3.049759,-1.2283275,-0.13705577,2.6962848,2.987954,0.90939015,-1.2028068,-0.9470651,-1.9695561,-1.7047064,0.6531113,0.6852079,-0.16915715,1.6390631,1.653579,2.328595,2.957743,-1.0269651,-1.4979239,-0.47746214,-1.962206,-1.5919974,-0.36454785,-0.7793983,-0.66100067,-1.448816,-3.0416303,-0.6686348,-1.7859672,1.0003039,-3.4562714,1.5433983,0.3383922,-1.8067815,1.5216775,0.20619288,-0.45003843,-0.35971168,-2.823629,-2.113787,0.48187426,-1.1701148,-1.8017316,2.9465249,-0.73370725,-0.13288718,2.2945693,-0.97588706,1.0013628,2.8346822,-0.80821097,-1.0905161,-0.7456946,-0.03284143,-2.1228108,1.6495993,-1.2562983,1.5861703,1.8695445,0.79759216,-0.4428325,-2.1251364,-0.5336228,0.026950207,-0.14913589,-0.2310167,0.6722152,1.0557669,1.8635821,2.165711,-1.6708841,-1.9547894,1.698403,2.7954946,-0.13365145,-0.1559338,-2.0584092,-2.325334,-2.9178553,1.0222557,1.7265967,2.007151,1.650785,0.63327414,-1.9661832,-1.9322474,-1.5904274,2.466051,0.4714324,0.12064482,1.4665644,-0.66158044,2.7214072,1.595145,-3.117781,-2.3197525,-0.19776456,-1.6574444,1.7090545,2.464808,-1.1771657,-1.9033982,1.4914297,-1.3534919,-0.60398346,-0.058002755
191,0.6963749,0.50644594,0.437934,-0.7412611,0.48906472,0.70312345,-0.60325927,0.12005235,-0.5862218,0.61100274,1.4236139,-0.6270926,-0.67947537,-0.46540356,0.10457399,0.19311698,-0.42974913,-0.00020599365,-0.59385574,-0.36309218,0.48768294,-0.21609777,1.3354067,0.6397651,-0.7743203,0.79220587,0.2568772,0.6846148,0.62242424,-0.6292934,-0.17006099,-0.17896438,-0.3389008,-0.49879086,0.14185463,1.0728892,-0.36166048,-0.57815397,-0.61361414,0.3425103,-0.5042516,-0.63408256,-0.7488537,0.6898337,0.25115648,-0.67239124,0.67494154,-0.5871098,0.40074605,1.0270381,-0.16952235,-0.8630223,-0.7675625,-0.758939,0.11036646,-0.12305945,0.8093244,0.5603541,-0.58038616,-0.21566552,-0.15713185,0.6481197,-0.34592897,0.385301,-0.047407687,0.003986556,1.0454936,0.3618377,0.95248884,-0.35190105,0.9434544,0.52531695,1.0713439,0.976468,-0.24178284,0.77750087,-0.14087129,0.87149143,0.4960737,-0.5259104,0.74252504,0.71635365,-0.43738914,-0.42492956,1.3302739,-0.35703254,-0.23599786,-0.3445812,0.7412821,0.2614913,-0.24928021,-0.19003367,0.50467783,-0.56389046,0.8028996,-0.4409737,-0.8624314,0.30447364,-0.28149313,-0.4965765,-0.6820009,-0.4842692,0.8504989,0.6538959,0.6781881,-0.15844685,0.6031498,0.49523586,-0.10729492,0.23090738,-0.60620844,1.2564288,-0.6457622,1.5274904,-0.4156279,0.030208342,0.31434476,-0.060676396,1.0352076,-0.46194565,-0.3253836,0.31827432,-0.31927353,-0.18346351,-0.6073068,-0.1673274,-0.46808952,-0.7864762,-0.2921332,-0.60777235,-0.3016862,-0.13154319,1.633458,2.286007,-1.6064556,0.31073424,0.8421908,-1.4907851,1.7358922,-0.12776849,-0.42548817,-3.327165,1.5963684,-0.8237171,1.3789858,4.076952,1.5647748,1.178154,-1.2193732,-0.6960829,-3.049759,-1.2283275,-0.13705577,2.6962848,2.987954,0.90939015,-1.2028068,-0.9470651,-1.9695561,-1.7047064,0.6531113,0.6852079,-0.16915715,1.6390631,1.653579,2.328595,2.957743,-1.0269651,-1.4979239,-0.47746214,-1.962206,-1.5919974,-0.36454785,-0.7793983,-0.66100067,-1.448816,-3.0416303,-0.6686348,-1.7859672,1.0003039,-3.4562714,1.5433983,0.3383922,-1.8067815,1.5216775,0.20619288,-0.45003843,-0.35971168,-2.823629,-2.113787,0.48187426,-1.1701148,-1.8017316,2.9465249,-0.73370725,-0.13288718,2.2945693,-0.97588706,1.0013628,2.8346822,-0.80821097,-1.0905161,-0.7456946,-0.03284143,-2.1228108,1.6495993,-1.2562983,1.5861703,1.8695445,0.79759216,-0.4428325,-2.1251364,-0.5336228,0.026950207,-0.14913589,-0.2310167,0.6722152,1.0557669,1.8635821,2.165711,-1.6708841,-1.9547894,1.698403,2.7954946,-0.13365145,-0.1559338,-2.0584092,-2.325334,-2.9178553,1.0222557,1.7265967,2.007151,1.650785,0.63327414,-1.9661832,-1.9322474,-1.5904274,2.466051,0.4714324,0.12064482,1.4665644,-0.66158044,2.7214072,1.595145,-3.117781,-2.3197525,-0.19776456,-1.6574444,1.7090545,2.464808,-1.1771657,-1.9033982,1.4914297,-1.3534919,-0.60398346,-0.058002755
192,0.6963749,0.50644594,0.437934,-0.7412611,0.48906472,0.70312345,-0.60325927,0.12005235,-0.5862218,0.61100274,1.4236139,-0.6270926,-0.67947537,-0.46540356,0.10457399,0.19311698,-0.42974913,-0.00020599365,-0.59385574,-0.36309218,0.48768294,-0.21609777,1.3354067,0.6397651,-0.7743203,0.79220587,0.2568772,0.6846148,0.62242424,-0.6292934,-0.17006099,-0.17896438,-0.3389008,-0.49879086,0.14185463,1.0728892,-0.36166048,-0.57815397,-0.61361414,0.3425103,-0.5042516,-0.63408256,-0.7488537,0.6898337,0.25115648,-0.67239124,0.67494154,-0.5871098,0.40074605,1.0270381,-0.16952235,-0.8630223,-0.7675625,-0.758939,0.11036646,-0.12305945,0.8093244,0.5603541,-0.58038616,-0.21566552,-0.15713185,0.6481197,-0.34592897,0.385301,-0.047407687,0.003986556,1.0454936,0.3618377,0.95248884,-0.35190105,0.9434544,0.52531695,1.0713439,0.976468,-0.24178284,0.77750087,-0.14087129,0.87149143,0.4960737,-0.5259104,0.74252504,0.71635365,-0.43738914,-0.42492956,1.3302739,-0.35703254,-0.23599786,-0.3445812,0.7412821,0.2614913,-0.24928021,-0.19003367,0.50467783,-0.56389046,0.8028996,-0.4409737,-0.8624314,0.30447364,-0.28149313,-0.4965765,-0.6820009,-0.4842692,0.8504989,0.6538959,0.6781881,-0.15844685,0.6031498,0.49523586,-0.10729492,0.23090738,-0.60620844,1.2564288,-0.6457622,1.5274904,-0.4156279,0.030208342,0.31434476,-0.060676396,1.0352076,-0.46194565,-0.3253836,0.31827432,-0.31927353,-0.18346351,-0.6073068,-0.1673274,-0.46808952,-0.7864762,-0.2921332,-0.60777235,-0.3016862,-0.13154319,1.633458,2.286007,-1.6064556,0.31073424,0.8421908,-1.4907851,1.7358922,-0.12776849,-0.42548817,-3.327165,1.5963684,-0.8237171,1.3789858,4.076952,1.5647748,1.178154,-1.2193732,-0.6960829,-3.049759,-1.2283275,-0.13705577,2.6962848,2.987954,0.90939015,-1.2028068,-0.9470651,-1.9695561,-1.7047064,0.6531113,0.6852079,-0.16915715,1.6390631,1.653579,2.328595,2.957743,-1.0269651,-1.4979239,-0.47746214,-1.962206,-1.5919974,-0.36454785,-0.7793983,-0.66100067,-1.448816,-3.0416303,-0.6686348,-1.7859672,1.0003039,-3.4562714,1.5433983,0.3383922,-1.8067815,1.5216775,0.20619288,-0.45003843,-0.35971168,-2.823629,-2.113787,0.48187426,-1.1701148,-1.8017316,2.9465249,-0.73370725,-0.13288718,2.2945693,-0.97588706,1.0013628,2.8346822,-0.80821097,-1.0905161,-0.7456946,-0.03284143,-2.1228108,1.6495993,-1.2562983,1.5861703,1.8695445,0.79759216,-0.4428325,-2.1251364,-0.5336228,0.026950207,-0.14913589,-0.2310167,0.6722152,1.0557669,1.8635821,2.165711,-1.6708841,-1.9547894,1.698403,2.7954946,-0.13365145,-0.1559338,-2.0584092,-2.325334,-2.9178553,1.0222557,1.7265967,2.007151,1.650785,0.63327414,-1.9661832,-1.9322474,-1.5904274,2.466051,0.4714324,0.12064482,1.4665644,-0.66158044,2.7214072,1.595145,-3.117781,-2.3197525,-0.19776456,-1.6574444,1.7090545,2.464808,-1.1771657,-1.9033982,1.4914297,-1.3534919,-0.60398346,-0.058002755
193,0.6963749,0.50644594,0.437934,-0.7412611,0.48906472,0.70312345,-0.60325927,0.12005235,-0.5862218,0.61100274,1.4236139,-0.6270926,-0.67947537,-0.46540356,0.10457399,0.19311698,-0.42974913,-0.00020599365,-0.59385574,-0.36309218,0.48768294,-0.21609777,1.3354067,0.6397651,-0.7743203,0.79220587,0.2568772,0.6846148,0.62242424,-0.6292934,-0.17006099,-0.17896438,-0.3389008,-0.49879086,0.14185463,1.0728892,-0.36166048,-0.57815397,-0.61361414,0.3425103,-0.5042516,-0.63408256,-0.7488537,0.6898337,0.25115648,-0.67239124,0.67494154,-0.5871098,0.40074605,1.0270381,-0.16952235,-0.8630223,-0.7675625,-0.758939,0.11036646,-0.12305945,0.8093244,0.5603541,-0.58038616,-0.21566552,-0.15713185,0.6481197,-0.34592897,0.385301,-0.047407687,0.003986556,1.0454936,0.3618377,0.95248884,-0.35190105,0.9434544,0.52531695,1.0713439,0.976468,-0.24178284,0.77750087,-0.14087129,0.87149143,0.4960737,-0.5259104,0.74252504,0.71635365,-0.43738914,-0.42492956,1.3302739,-0.35703254,-0.23599786,-0.3445812,0.7412821,0.2614913,-0.24928021,-0.19003367,0.50467783,-0.56389046,0.8028996,-0.4409737,-0.8624314,0.30447364,-0.28149313,-0.4965765,-0.6820009,-0.4842692,0.8504989,0.6538959,0.6781881,-0.15844685,0.6031498,0.49523586,-0.10729492,0.23090738,-0.60620844,1.2564288,-0.6457622,1.5274904,-0.4156279,0.030208342,0.31434476,-0.060676396,1.0352076,-0.46194565,-0.3253836,0.31827432,-0.31927353,-0.18346351,-0.6073068,-0.1673274,-0.46808952,-0.7864762,-0.2921332,-0.60777235,-0.3016862,-0.13154319,1.633458,2.286007,-1.6064556,0.31073424,0.8421908,-1.4907851,1.7358922,-0.12776849,-0.42548817,-3.327165,1.5963684,-0.8237171,1.3789858,4.076952,1.5647748,1.178154,-1.2193732,-0.6960829,-3.049759,-1.2283275,-0.13705577,2.6962848,2.987954,0.90939015,-1.2028068,-0.9470651,-1.9695561,-1.7047064,0.6531113,0.6852079,-0.16915715,1.6390631,1.653579,2.328595,2.957743,-1.0269651,-1.4979239,-0.47746214,-1.962206,-1.5919974,-0.36454785,-0.7793983,-0.66100067,-1.448816,-3.0416303,-0.6686348,-1.7859672,1.0003039,-3.4562714,1.5433983,0.3383922,-1.8067815,1.5216775,0.20619288,-0.45003843,-0.35971168,-2.823629,-2.113787,0.48187426,-1.1701148,-1.8017316,2.9465249,-0.73370725,-0.13288718,2.2945693,-0.97588706,1.0013628,2.8346822,-0.80821097,-1.0905161,-0.7456946,-0.03284143,-2.1228108,1.6495993,-1.2562983,1.5861703,1.8695445,0.79759216,-0.4428325,-2.1251364,-0.5336228,0.026950207,-0.14913589,-0.2310167,0.6722152,1.0557669,1.8635821,2.165711,-1.6708841,-1.9547894,1.698403,2.7954946,-0.13365145,-0.1559338,-2.0584092,-2.325334,-2.9178553,1.0222557,1.7265967,2.007151,1.650785,0.63327414,-1.9661832,-1.9322474,-1.5904274,2.466051,0.4714324,0.12064482,1.4665644,-0.66158044,2.7214072,1.595145,-3.117781,-2.3197525,-0.19776456,-1.6574444,1.7090545,2.464808,-1.1771657,-1.9033982,1.4914297,-1.3534919,-0.60398346,-0.058002755
194,0.6963749,0.50644594,0.437934,-0.7412611,0.48906472,0.70312345,-0.60325927,0.12005235,-0.5862218,0.61100274,1.4236139,-0.6270926,-0.67947537,-0.46540356,0.10457399,0.19311698,-0.42974913,-0.00020599365,-0.59385574,-0.36309218,0.48768294,-0.21609777,1.3354067,0.6397651,-0.7743203,0.79220587,0.2568772,0.6846148,0.62242424,-0.6292934,-0.17006099,-0.17896438,-0.3389008,-0.49879086,0.14185463,1.0728892,-0.36166048,-0.57815397,-0.61361414,0.3425103,-0.5042516,-0.63408256,-0.7488537,0.6898337,0.25115648,-0.67239124,0.67494154,-0.5871098,0.40074605,1.0270381,-0.16952235,-0.8630223,-0.7675625,-0.758939,0.11036646,-0.12305945,0.8093244,0.5603541,-0.58038616,-0.21566552,-0.15713185,0.6481197,-0.34592897,0.385301,-0.047407687,0.003986556,1.0454936,0.3618377,0.95248884,-0.35190105,0.9434544,0.52531695,1.0713439,0.976468,-0.24178284,0.77750087,-0.14087129,0.87149143,0.4960737,-0.5259104,0.74252504,0.71635365,-0.43738914,-0.42492956,1.3302739,-0.35703254,-0.23599786,-0.3445812,0.7412821,0.2614913,-0.24928021,-0.19003367,0.50467783,-0.56389046,0.8028996,-0.4409737,-0.8624314,0.30447364,-0.28149313,-0.4965765,-0.6820009,-0.4842692,0.8504989,0.6538959,0.6781881,-0.15844685,0.6031498,0.49523586,-0.10729492,0.23090738,-0.60620844,1.2564288,-0.6457622,1.5274904,-0.4156279,0.030208342,0.31434476,-0.060676396,1.0352076,-0.46194565,-0.3253836,0.31827432,-0.31927353,-0.18346351,-0.6073068,-0.1673274,-0.46808952,-0.7864762,-0.2921332,-0.60777235,-0.3016862,-0.13154319,1.633458,2.286007,-1.6064556,0.31073424,0.8421908,-1.4907851,1.7358922,-0.12776849,-0.42548817,-3.327165,1.5963684,-0.8237171,1.3789858,4.076952,1.5647748,1.178154,-1.2193732,-0.6960829,-3.049759,-1.2283275,-0.13705577,2.6962848,2.987954,0.90939015,-1.2028068,-0.9470651,-1.9695561,-1.7047064,0.6531113,0.6852079,-0.16915715,1.6390631,1.653579,2.328595,2.957743,-1.0269651,-1.4979239,-0.47746214,-1.962206,-1.5919974,-0.36454785,-0.7793983,-0.66100067,-1.448816,-3.0416303,-0.6686348,-1.7859672,1.0003039,-3.4562714,1.5433983,0.3383922,-1.8067815,1.5216775,0.20619288,-0.45003843,-0.35971168,-2.823629,-2.113787,0.48187426,-1.1701148,-1.8017316,2.9465249,-0.73370725,-0.13288718,2.2945693,-0.97588706,1.0013628,2.8346822,-0.80821097,-1.0905161,-0.7456946,-0.03284143,-2.1228108,1.6495993,-1.2562983,1.5861703,1.8695445,0.79759216,-0.4428325,-2.1251364,-0.5336228,0.026950207,-0.14913589,-0.2310167,0.6722152,1.0557669,1.8635821,2.165711,-1.6708841,-1.9547894,1.698403,2.7954946,-0.13365145,-0.1559338,-2.0584092,-2.325334,-2.9178553,1.0222557,1.7265967,2.007151,1.650785,0.63327414,-1.9661832,-1.9322474,-1.5904274,2.466051,0.4714324,0.12064482,1.4665644,-0.66158044,2.7214072,1.595145,-3.117781,-2.3197525,-0.19776456,-1.6574444,1.7090545,2.464808,-1.1771657,-1.9033982,1.4914297,-1.3534919,-0.60398346,-0.058002755
195,0.6963749,0.50644594,0.437934,-0.7412611,0.48906472,0.70312345,-0.60325927,0.12005235,-0.5862218,0.61100274,1.4236139,-0.6270926,-0.67947537,-0.46540356,0.10457399,0.19311698,-0.42974913,-0.00020599365,-0.59385574,-0.36309218,0.48768294,-0.21609777,1.3354067,0.6397651,-0.7743203,0.79220587,0.2568772,0.6846148,0.62242424,-0.6292934,-0.17006099,-0.17896438,-0.3389008,-0.49879086,0.14185463,1.0728892,-0.36166048,-0.57815397,-0.61361414,0.3425103,-0.5042516,-0.63408256,-0.7488537,0.6898337,0.25115648,-0.67239124,0.67494154,-0.5871098,0.40074605,1.0270381,-0.16952235,-0.8630223,-0.7675625,-0.758939,0.11036646,-0.12305945,0.8093244,0.5603541,-0.58038616,-0.21566552,-0.15713185,0.6481197,-0.34592897,0.385301,-0.047407687,0.003986556,1.0454936,0.3618377,0.95248884,-0.35190105,0.9434544,0.52531695,1.0713439,0.976468,-0.24178284,0.77750087,-0.14087129,0.87149143,0.4960737,-0.5259104,0.74252504,0.71635365,-0.43738914,-0.42492956,1.3302739,-0.35703254,-0.23599786,-0.3445812,0.7412821,0.2614913,-0.24928021,-0.19003367,0.50467783,-0.56389046,0.8028996,-0.4409737,-0.8624314,0.30447364,-0.28149313,-0.4965765,-0.6820009,-0.4842692,0.8504989,0.6538959,0.6781881,-0.15844685,0.6031498,0.49523586,-0.10729492,0.23090738,-0.60620844,1.2564288,-0.6457622,1.5274904,-0.4156279,0.030208342,0.31434476,-0.060676396,1.0352076,-0.46194565,-0.3253836,0.31827432,-0.31927353,-0.18346351,-0.6073068,-0.1673274,-0.46808952,-0.7864762,-0.2921332,-0.60777235,-0.3016862,-0.13154319,1.633458,2.286007,-1.6064556,0.31073424,0.8421908,-1.4907851,1.7358922,-0.12776849,-0.42548817,-3.327165,1.5963684,-0.8237171,1.3789858,4.076952,1.5647748,1.178154,-1.2193732,-0.6960829,-3.049759,-1.2283275,-0.13705577,2.6962848,2.987954,0.90939015,-1.2028068,-0.9470651,-1.9695561,-1.7047064,0.6531113,0.6852079,-0.16915715,1.6390631,1.653579,2.328595,2.957743,-1.0269651,-1.4979239,-0.47746214,-1.962206,-1.5919974,-0.36454785,-0.7793983,-0.66100067,-1.448816,-3.0416303,-0.6686348,-1.7859672,1.0003039,-3.4562714,1.5433983,0.3383922,-1.8067815,1.5216775,0.20619288,-0.45003843,-0.35971168,-2.823629,-2.113787,0.48187426,-1.1701148,-1.8017316,2.9465249,-0.73370725,-0.13288718,2.2945693,-0.97588706,1.0013628,2.8346822,-0.80821097,-1.0905161,-0.7456946,-0.03284143,-2.1228108,1.6495993,-1.2562983,1.5861703,1.8695445,0.79759216,-0.4428325,-2.1251364,-0.5336228,0.026950207,-0.14913589,-0.2310167,0.6722152,1.0557669,1.8635821,2.165711,-1.6708841,-1.9547894,1.698403,2.7954946,-0.13365145,-0.1559338,-2.0584092,-2.325334,-2.9178553,1.0222557,1.7265967,2.007151,1.650785,0.63327414,-1.9661832,-1.9322474,-1.5904274,2.466051,0.4714324,0.12064482,1.4665644,-0.66158044,2.7214072,1.595145,-3.117781,-2.3197525,-0.19776456,-1.6574444,1.7090545,2.464808,-1.1771657,-1.9033982,1.4914297,-1.3534919,-0.60398346,-0.058002755
196,0.6963749,0.50644594,0.437934,-0.7412611,0.48906472,0.70312345,-0.60325927,0.12005235,-0.5862218,0.61100274,1.4236139,-0.6270926,-0.67947537,-0.46540356,0.10457399,0.19311698,-0.42974913,-0.00020599365,-0.59385574,-0.36309218,0.48768294,-0.21609777,1.3354067,0.6397651,-0.7743203,0.79220587,0.2568772,0.6846148,0.62242424,-0.6292934,-0.17006099,-0.17896438,-0.3389008,-0.49879086,0.14185463,1.0728892,-0.36166048,-0.57815397,-0.61361414,0.3425103,-0.5042516,-0.63408256,-0.7488537,0.6898337,0.25115648,-0.67239124,0.67494154,-0.5871098,0.40074605,1.0270381,-0.16952235,-0.8630223,-0.7675625,-0.758939,0.11036646,-0.12305945,0.8093244,0.5603541,-0.58038616,-0.21566552,-0.15713185,0.6481197,-0.34592897,0.385301,-0.047407687,0.003986556,1.0454936,0.3618377,0.95248884,-0.35190105,0.9434544,0.52531695,1.0713439,0.976468,-0.24178284,0.77750087,-0.14087129,0.87149143,0.4960737,-0.5259104,0.74252504,0.71635365,-0.43738914,-0.42492956,1.3302739,-0.35703254,-0.23599786,-0.3445812,0.7412821,0.2614913,-0.24928021,-0.19003367,0.50467783,-0.56389046,0.8028996,-0.4409737,-0.8624314,0.30447364,-0.28149313,-0.4965765,-0.6820009,-0.4842692,0.8504989,0.6538959,0.6781881,-0.15844685,0.6031498,0.49523586,-0.10729492,0.23090738,-0.60620844,1.2564288,-0.6457622,1.5274904,-0.4156279,0.030208342,0.31434476,-0.060676396,1.0352076,-0.46194565,-0.3253836,0.31827432,-0.31927353,-0.18346351,-0.6073068,-0.1673274,-0.46808952,-0.7864762,-0.2921332,-0.60777235,-0.3016862,-0.13154319,1.633458,2.286007,-1.6064556,0.31073424,0.8421908,-1.4907851,1.7358922,-0.12776849,-0.42548817,-3.327165,1.5963684,-0.8237171,1.3789858,4.076952,1.5647748,1.178154,-1.2193732,-0.6960829,-3.049759,-1.2283275,-0.13705577,2.6962848,2.987954,0.90939015,-1.2028068,-0.9470651,-1.9695561,-1.7047064,0.6531113,0.6852079,-0.16915715,1.6390631,1.653579,2.328595,2.957743,-1.0269651,-1.4979239,-0.47746214,-1.962206,-1.5919974,-0.36454785,-0.7793983,-0.66100067,-1.448816,-3.0416303,-0.6686348,-1.7859672,1.0003039,-3.4562714,1.5433983,0.3383922,-1.8067815,1.5216775,0.20619288,-0.45003843,-0.35971168,-2.823629,-2.113787,0.48187426,-1.1701148,-1.8017316,2.9465249,-0.73370725,-0.13288718,2.2945693,-0.97588706,1.0013628,2.8346822,-0.80821097,-1.0905161,-0.7456946,-0.03284143,-2.1228108,1.6495993,-1.2562983,1.5861703,1.8695445,0.79759216,-0.4428325,-2.1251364,-0.5336228,0.026950207,-0.14913589,-0.2310167,0.6722152,1.0557669,1.8635821,2.165711,-1.6708841,-1.9547894,1.698403,2.7954946,-0.13365145,-0.1559338,-2.0584092,-2.325334,-2.9178553,1.0222557,1.7265967,2.007151,1.650785,0.63327414,-1.9661832,-1.9322474,-1.5904274,2.466051,0.4714324,0.12064482,1.4665644,-0.66158044,2.7214072,1.595145,-3.117781,-2.3197525,-0.19776456,-1.6574444,1.7090545,2.464808,-1.1771657,-1.9033982,1.4914297,-1.3534919,-0.60398346,-0.058002755
197,0.6963749,0.50644594,0.437934,-0.7412611,0.48906472,0.70312345,-0.60325927,0.12005235,-0.5862218,0.61100274,1.4236139,-0.6270926,-0.67947537,-0.46540356,0.10457399,0.19311698,-0.42974913,-0.00020599365,-0.59385574,-0.36309218,0.48768294,-0.21609777,1.3354067,0.6397651,-0.7743203,0.79220587,0.2568772,0.6846148,0.62242424,-0.6292934,-0.17006099,-0.17896438,-0.3389008,-0.49879086,0.14185463,1.0728892,-0.36166048,-0.57815397,-0.61361414,0.3425103,-0.5042516,-0.63408256,-0.7488537,0.6898337,0.25115648,-0.67239124,0.67494154,-0.5871098,0.40074605,1.0270381,-0.16952235,-0.8630223,-0.7675625,-0.758939,0.11036646,-0.12305945,0.8093244,0.5603541,-0.58038616,-0.21566552,-0.15713185,0.6481197,-0.34592897,0.385301,-0.047407687,0.003986556,1.0454936,0.3618377,0.95248884,-0.35190105,0.9434544,0.52531695,1.0713439,0.976468,-0.24178284,0.77750087,-0.14087129,0.87149143,0.4960737,-0.5259104,0.74252504,0.71635365,-0.43738914,-0.42492956,1.3302739,-0.35703254,-0.23599786,-0.3445812,0.7412821,0.2614913,-0.24928021,-0.19003367,0.50467783,-0.56389046,0.8028996,-0.4409737,-0.8624314,0.30447364,-0.28149313,-0.4965765,-0.6820009,-0.4842692,0.8504989,0.6538959,0.6781881,-0.15844685,0.6031498,0.49523586,-0.10729492,0.23090738,-0.60620844,1.2564288,-0.6457622,1.5274904,-0.4156279,0.030208342,0.31434476,-0.060676396,1.0352076,-0.46194565,-0.3253836,0.31827432,-0.31927353,-0.18346351,-0.6073068,-0.1673274,-0.46808952,-0.7864762,-0.2921332,-0.60777235,-0.3016862,-0.13154319,1.633458,2.286007,-1.6064556,0.31073424,0.8421908,-1.4907851,1.7358922,-0.12776849,-0.42548817,-3.327165,1.5963684,-0.8237171,1.3789858,4.076952,1.5647748,1.178154,-1.2193732,-0.6960829,-3.049759,-1.2283275,-0.13705577,2.6962848,2.987954,0.90939015,-1.2028068,-0.9470651,-1.9695561,-1.7047064,0.6531113,0.6852079,-0.16915715,1.6390631,1.653579,2.328595,2.957743,-1.0269651,-1.4979239,-0.47746214,-1.962206,-1.5919974,-0.36454785,-0.7793983,-0.66100067,-1.448816,-3.0416303,-0.6686348,-1.7859672,1.0003039,-3.4562714,1.5433983,0.3383922,-1.8067815,1.5216775,0.20619288,-0.45003843,-0.35971168,-2.823629,-2.113787,0.48187426,-1.1701148,-1.8017316,2.9465249,-0.73370725,-0.13288718,2.2945693,-0.97588706,1.0013628,2.8346822,-0.80821097,-1.0905161,-0.7456946,-0.03284143,-2.1228108,1.6495993,-1.2562983,1.5861703,1.8695445,0.79759216,-0.4428325,-2.1251364,-0.5336228,0.026950207,-0.14913589,-0.2310167,0.6722152,1.0557669,1.8635821,2.165711,-1.6708841,-1.9547894,1.698403,2.7954946,-0.13365145,-0.1559338,-2.0584092,-2.325334,-2.9178553,1.0222557,1.7265967,2.007151,1.650785,0.63327414,-1.9661832,-1.9322474,-1.5904274,2.466051,0.4714324,0.12064482,1.4665644,-0.66158044,2.7214072,1.595145,-3.117781,-2.3197525,-0.19776456,-1.6574444,1.7090545,2.464808,-1.1771657,-1.9033982,1.4914297,-1.3534919,-0.60398346,-0.058002755
198,0.6963749,0.50644594,0.437934,-0.7412611,0.48906472,0.70312345,-0.60325927,0.12005235,-0.5862218,0.61100274,1.4236139,-0.6270926,-0.67947537,-0.46540356,0.10457399,0.19311698,-0.42974913,-0.00020599365,-0.59385574,-0.36309218,0.48768294,-0.21609777,1.3354067,0.6397651,-0.7743203,0.79220587,0.2568772,0.6846148,0.62242424,-0.6292934,-0.17006099,-0.17896438,-0.3389008,-0.49879086,0.14185463,1.0728892,-0.36166048,-0.57815397,-0.61361414,0.3425103,-0.5042516,-0.63408256,-0.7488537,0.6898337,0.25115648,-0.67239124,0.67494154,-0.5871098,0.40074605,1.0270381,-0.16952235,-0.8630223,-0.7675625,-0.758939,0.11036646,-0.12305945,0.8093244,0.5603541,-0.58038616,-0.21566552,-0.15713185,0.6481197,-0.34592897,0.385301,-0.047407687,0.003986556,1.0454936,0.3618377,0.95248884,-0.35190105,0.9434544,0.52531695,1.0713439,0.976468,-0.24178284,0.77750087,-0.14087129,0.87149143,0.4960737,-0.5259104,0.74252504,0.71635365,-0.43738914,-0.42492956,1.3302739,-0.35703254,-0.23599786,-0.3445812,0.7412821,0.2614913,-0.24928021,-0.19003367,0.50467783,-0.56389046,0.8028996,-0.4409737,-0.8624314,0.30447364,-0.28149313,-0.4965765,-0.6820009,-0.4842692,0.8504989,0.6538959,0.6781881,-0.15844685,0.6031498,0.49523586,-0.10729492,0.23090738,-0.60620844,1.2564288,-0.6457622,1.5274904,-0.4156279,0.030208342,0.31434476,-0.060676396,1.0352076,-0.46194565,-0.3253836,0.31827432,-0.31927353,-0.18346351,-0.6073068,-0.1673274,-0.46808952,-0.7864762,-0.2921332,-0.60777235,-0.3016862,-0.13154319,1.633458,2.286007,-1.6064556,0.31073424,0.8421908,-1.4907851,1.7358922,-0.12776849,-0.42548817,-3.327165,1.5963684,-0.8237171,1.3789858,4.076952,1.5647748,1.178154,-1.2193732,-0.6960829,-3.049759,-1.2283275,-0.13705577,2.6962848,2.987954,0.90939015,-1.2028068,-0.9470651,-1.9695561,-1.7047064,0.6531113,0.6852079,-0.16915715,1.6390631,1.653579,2.328595,2.957743,-1.0269651,-1.4979239,-0.47746214,-1.962206,-1.5919974,-0.36454785,-0.7793983,-0.66100067,-1.448816,-3.0416303,-0.6686348,-1.7859672,1.0003039,-3.4562714,1.5433983,0.3383922,-1.8067815,1.5216775,0.20619288,-0.45003843,-0.35971168,-2.823629,-2.113787,0.48187426,-1.1701148,-1.8017316,2.9465249,-0.73370725,-0.13288718,2.2945693,-0.97588706,1.0013628,2.8346822,-0.80821097,-1.0905161,-0.7456946,-0.03284143,-2.1228108,1.6495993,-1.2562983,1.5861703,1.8695445,0.79759216,-0.4428325,-2.1251364,-0.5336228,0.026950207,-0.14913589,-0.2310167,0.6722152,1.0557669,1.8635821,2.165711,-1.6708841,-1.9547894,1.698403,2.7954946,-0.13365145,-0.1559338,-2.0584092,-2.325334,-2.9178553,1.0222557,1.7265967,2.007151,1.650785,0.63327414,-1.9661832,-1.9322474,-1.5904274,2.466051,0.4714324,0.12064482,1.4665644,-0.66158044,2.7214072,1.595145,-3.117781,-2.3197525,-0.19776456,-1.6574444,1.7090545,2.464808,-1.1771657,-1.9033982,1.4914297,-1.3534919,-0.60398346,-0.058002755
199,0.6963749,0.50644594,0.437934,-0.7412611,0.48906472,0.70312345,-0.60325927,0.12005235,-0.5862218,0.61100274,1.4236139,-0.6270926,-0.67947537,-0.46540356,0.10457399,0.19311698,-0.42974913,-0.00020599365,-0.59385574,-0.36309218,0.48768294,-0.21609777,1.3354067,0.6397651,-0.7743203,0.79220587,0.2568772,0.6846148,0.62242424,-0.6292934,-0.17006099,-0.17896438,-0.3389008,-0.49879086,0.14185463,1.0728892,-0.36166048,-0.57815397,-0.61361414,0.3425103,-0.5042516,-0.63408256,-0.7488537,0.6898337,0.25115648,-0.67239124,0.67494154,-0.5871098,0.40074605,1.0270381,-0.16952235,-0.8630223,-0.7675625,-0.758939,0.11036646,-0.12305945,0.8093244,0.5603541,-0.58038616,-0.21566552,-0.15713185,0.6481197,-0.34592897,0.385301,-0.047407687,0.003986556,1.0454936,0.3618377,0.95248884,-0.35190105,0.9434544,0.52531695,1.0713439,0.976468,-0.24178284,0.77750087,-0.14087129,0.87149143,0.4960737,-0.5259104,0.74252504,0.71635365,-0.43738914,-0.42492956,1.3302739,-0.35703254,-0.23599786,-0.3445812,0.7412821,0.2614913,-0.24928021,-0.19003367,0.50467783,-0.56389046,0.8028996,-0.4409737,-0.8624314,0.30447364,-0.28149313,-0.4965765,-0.6820009,-0.4842692,0.8504989,0.6538959,0.6781881,-0.15844685,0.6031498,0.49523586,-0.10729492,0.23090738,-0.60620844,1.2564288,-0.6457622,1.5274904,-0.4156279,0.030208342,0.31434476,-0.060676396,1.0352076,-0.46194565,-0.3253836,0.31827432,-0.31927353,-0.18346351,-0.6073068,-0.1673274,-0.46808952,-0.7864762,-0.2921332,-0.60777235,-0.3016862,-0.13154319,1.633458,2.286007,-1.6064556,0.31073424,0.8421908,-1.4907851,1.7358922,-0.12776849,-0.42548817,-3.327165,1.5963684,-0.8237171,1.3789858,4.076952,1.5647748,1.178154,-1.2193732,-0.6960829,-3.049759,-1.2283275,-0.13705577,2.6962848,2.987954,0.90939015,-1.2028068,-0.9470651,-1.9695561,-1.7047064,0.6531113,0.6852079,-0.16915715,1.6390631,1.653579,2.328595,2.957743,-1.0269651,-1.4979239,-0.47746214,-1.962206,-1.5919974,-0.36454785,-0.7793983,-0.66100067,-1.448816,-3.0416303,-0.6686348,-1.7859672,1.0003039,-3.4562714,1.5433983,0.3383922,-1.8067815,1.5216775,0.20619288,-0.45003843,-0.35971168,-2.823629,-2.113787,0.48187426,-1.1701148,-1.8017316,2.9465249,-0.73370725,-0.13288718,2.2945693,-0.97588706,1.0013628,2.8346822,-0.80821097,-1.0905161,-0.7456946,-0.03284143,-2.1228108,1.6495993,-1.2562983,1.5861703,1.8695445,0.79759216,-0.4428325,-2.1251364,-0.5336228,0.026950207,-0.14913589,-0.2310167,0.6722152,1.0557669,1.8635821,2.165711,-1.6708841,-1.9547894,1.698403,2.7954946,-0.13365145,-0.1559338,-2.0584092,-2.325334,-2.9178553,1.0222557,1.7265967,2.007151,1.650785,0.63327414,-1.9661832,-1.9322474,-1.5904274,2.466051,0.4714324,0.12064482,1.4665644,-0.66158044,2.7214072,1.595145,-3.117781,-2.3197525,-0.19776456,-1.6574444,1.7090545,2.464808,-1.1771657,-1.9033982,1.4914297,-1.3534919,-0.60398346,-0.058002755
200,0.6963749,0.50644594,0.437934,-0.7412611,0.48906472,0.70312345,-0.60325927,0.12005235,-0.5862218,0.61100274,1.4236139,-0.6270926,-0.67947537,-0.46540356,0.10457399,0.19311698,-0.42974913,-0.00020599365,-0.59385574,-0.36309218,0.48768294,-0.21609777,1.3354067,0.6397651,-0.7743203,0.79220587,0.2568772,0.6846148,0.62242424,-0.6292934,-0.17006099,-0.17896438,-0.3389008,-0.49879086,0.14185463,1.0728892,-0.36166048,-0.57815397,-0.61361414,0.3425103,-0.5042516,-0.63408256,-0.7488537,0.6898337,0.25115648,-0.67239124,0.67494154,-0.5871098,0.40074605,1.0270381,-0.16952235,-0.8630223,-0.7675625,-0.758939,0.11036646,-0.12305945,0.8093244,0.5603541,-0.58038616,-0.21566552,-0.15713185,0.6481197,-0.34592897,0.385301,-0.047407687,0.003986556,1.0454936,0.3618377,0.95248884,-0.35190105,0.9434544,0.52531695,1.0713439,0.976468,-0.24178284,0.77750087,-0.14087129,0.87149143,0.4960737,-0.5259104,0.74252504,0.71635365,-0.43738914,-0.42492956,1.3302739,-0.35703254,-0.23599786,-0.3445812,0.7412821,0.2614913,-0.24928021,-0.19003367,0.50467783,-0.56389046,0.8028996,-0.4409737,-0.8624314,0.30447364,-0.28149313,-0.4965765,-0.6820009,-0.4842692,0.8504989,0.6538959,0.6781881,-0.15844685,0.6031498,0.49523586,-0.10729492,0.23090738,-0.60620844,1.2564288,-0.6457622,1.5274904,-0.4156279,0.030208342,0.31434476,-0.060676396,1.0352076,-0.46194565,-0.3253836,0.31827432,-0.31927353,-0.18346351,-0.6073068,-0.1673274,-0.46808952,-0.7864762,-0.2921332,-0.60777235,-0.3016862,-0.13154319,1.633458,2.286007,-1.6064556,0.31073424,0.8421908,-1.4907851,1.7358922,-0.12776849,-0.42548817,-3.327165,1.5963684,-0.8237171,1.3789858,4.076952,1.5647748,1.178154,-1.2193732,-0.6960829,-3.049759,-1.2283275,-0.13705577,2.6962848,2.987954,0.90939015,-1.2028068,-0.9470651,-1.9695561,-1.7047064,0.6531113,0.6852079,-0.16915715,1.6390631,1.653579,2.328595,2.957743,-1.0269651,-1.4979239,-0.47746214,-1.962206,-1.5919974,-0.36454785,-0.7793983,-0.66100067,-1.448816,-3.0416303,-0.6686348,-1.7859672,1.0003039,-3.4562714,1.5433983,0.3383922,-1.8067815,1.5216775,0.20619288,-0.45003843,-0.35971168,-2.823629,-2.113787,0.48187426,-1.1701148,-1.8017316,2.9465249,-0.73370725,-0.13288718,2.2945693,-0.97588706,1.0013628,2.8346822,-0.80821097,-1.0905161,-0.7456946,-0.03284143,-2.1228108,1.6495993,-1.2562983,1.5861703,1.8695445,0.79759216,-0.4428325,-2.1251364,-0.5336228,0.026950207,-0.14913589,-0.2310167,0.6722152,1.0557669,1.8635821,2.165711,-1.6708841,-1.9547894,1.698403,2.7954946,-0.13365145,-0.1559338,-2.0584092,-2.325334,-2.9178553,1.0222557,1.7265967,2.007151,1.650785,0.63327414,-1.9661832,-1.9322474,-1.5904274,2.466051,0.4714324,0.12064482,1.4665644,-0.66158044,2.7214072,1.595145,-3.117781,-2.3197525,-0.19776456,-1.6574444,1.7090545,2.464808,-1.1771657,-1.9033982,1.4914297,-1.3534919,-0.60398346,-0.058002755
201,0.6963749,0.50644594,0.437934,-0.7412611,0.48906472,0.70312345,-0.60325927,0.12005235,-0.5862218,0.61100274,1.4236139,-0.6270926,-0.67947537,-0.46540356,0.10457399,0.19311698,-0.42974913,-0.00020599365,-0.59385574,-0.36309218,0.48768294,-0.21609777,1.3354067,0.6397651,-0.7743203,0.79220587,0.2568772,0.6846148,0.62242424,-0.6292934,-0.17006099,-0.17896438,-0.3389008,-0.49879086,0.14185463,1.0728892,-0.36166048,-0.57815397,-0.61361414,0.3425103,-0.5042516,-0.63408256,-0.7488537,0.6898337,0.25115648,-0.67239124,0.67494154,-0.5871098,0.40074605,1.0270381,-0.16952235,-0.8630223,-0.7675625,-0.758939,0.11036646,-0.12305945,0.8093244,0.5603541,-0.58038616,-0.21566552,-0.15713185,0.6481197,-0.34592897,0.385301,-0.047407687,0.003986556,1.0454936,0.3618377,0.95248884,-0.35190105,0.9434544,0.52531695,1.0713439,0.976468,-0.24178284,0.77750087,-0.14087129,0.87149143,0.4960737,-0.5259104,0.74252504,0.71635365,-0.43738914,-0.42492956,1.3302739,-0.35703254,-0.23599786,-0.3445812,0.7412821,0.2614913,-0.24928021,-0.19003367,0.50467783,-0.56389046,0.8028996,-0.4409737,-0.8624314,0.30447364,-0.28149313,-0.4965765,-0.6820009,-0.4842692,0.8504989,0.6538959,0.6781881,-0.15844685,0.6031498,0.49523586,-0.10729492,0.23090738,-0.60620844,1.2564288,-0.6457622,1.5274904,-0.4156279,0.030208342,0.31434476,-0.060676396,1.0352076,-0.46194565,-0.3253836,0.31827432,-0.31927353,-0.18346351,-0.6073068,-0.1673274,-0.46808952,-0.7864762,-0.2921332,-0.60777235,-0.3016862,-0.13154319,1.633458,2.286007,-1.6064556,0.31073424,0.8421908,-1.4907851,1.7358922,-0.12776849,-0.42548817,-3.327165,1.5963684,-0.8237171,1.3789858,4.076952,1.5647748,1.178154,-1.2193732,-0.6960829,-3.049759,-1.2283275,-0.13705577,2.6962848,2.987954,0.90939015,-1.2028068,-0.9470651,-1.9695561,-1.7047064,0.6531113,0.6852079,-0.16915715,1.6390631,1.653579,2.328595,2.957743,-1.0269651,-1.4979239,-0.47746214,-1.962206,-1.5919974,-0.36454785,-0.7793983,-0.66100067,-1.448816,-3.0416303,-0.6686348,-1.7859672,1.0003039,-3.4562714,1.5433983,0.3383922,-1.8067815,1.5216775,0.20619288,-0.45003843,-0.35971168,-2.823629,-2.113787,0.48187426,-1.1701148,-1.8017316,2.9465249,-0.73370725,-0.13288718,2.2945693,-0.97588706,1.0013628,2.8346822,-0.80821097,-1.0905161,-0.7456946,-0.03284143,-2.1228108,1.6495993,-1.2562983,1.5861703,1.8695445,0.79759216,-0.4428325,-2.1251364,-0.5336228,0.026950207,-0.14913589,-0.2310167,0.6722152,1.0557669,1.8635821,2.165711,-1.6708841,-1.9547894,1.698403,2.7954946,-0.13365145,-0.1559338,-2.0584092,-2.325334,-2.9178553,1.0222557,1.7265967,2.007151,1.650785,0.63327414,-1.9661832,-1.9322474,-1.5904274,2.466051,0.4714324,0.12064482,1.4665644,-0.66158044,2.7214072,1.595145,-3.117781,-2.3197525,-0.19776456,-1.6574444,1.7090545,2.464808,-1.1771657,-1.9033982,1.4914297,-1.3534919,-0.60398346,-0.058002755
202,0.6963749,0.50644594,0.437934,-0.7412611,0.48906472,0.70312345,-0.60325927,0.12005235,-0.5862218,0.61100274,1.4236139,-0.6270926,-0.67947537,-0.46540356,0.10457399,0.19311698,-0.42974913,-0.00020599365,-0.59385574,-0.36309218,0.48768294,-0.21609777,1.3354067,0.6397651,-0.7743203,0.79220587,0.2568772,0.6846148,0.62242424,-0.6292934,-0.17006099,-0.17896438,-0.3389008,-0.49879086,0.14185463,1.0728892,-0.36166048,-0.57815397,-0.61361414,0.3425103,-0.5042516,-0.63408256,-0.7488537,0.6898337,0.25115648,-0.67239124,0.67494154,-0.5871098,0.40074605,1.0270381,-0.16952235,-0.8630223,-0.7675625,-0.758939,0.11036646,-0.12305945,0.8093244,0.5603541,-0.58038616,-0.21566552,-0.15713185,0.6481197,-0.34592897,0.385301,-0.047407687,0.003986556,1.0454936,0.3618377,0.95248884,-0.35190105,0.9434544,0.52531695,1.0713439,0.976468,-0.24178284,0.77750087,-0.14087129,0.87149143,0.4960737,-0.5259104,0.74252504,0.71635365,-0.43738914,-0.42492956,1.3302739,-0.35703254,-0.23599786,-0.3445812,0.7412821,0.2614913,-0.24928021,-0.19003367,0.50467783,-0.56389046,0.8028996,-0.4409737,-0.8624314,0.30447364,-0.28149313,-0.4965765,-0.6820009,-0.4842692,0.8504989,0.6538959,0.6781881,-0.15844685,0.6031498,0.49523586,-0.10729492,0.23090738,-0.60620844,1.2564288,-0.6457622,1.5274904,-0.4156279,0.030208342,0.31434476,-0.060676396,1.0352076,-0.46194565,-0.3253836,0.31827432,-0.31927353,-0.18346351,-0.6073068,-0.1673274,-0.46808952,-0.7864762,-0.2921332,-0.60777235,-0.3016862,-0.13154319,1.633458,2.286007,-1.6064556,0.31073424,0.8421908,-1.4907851,1.7358922,-0.12776849,-0.42548817,-3.327165,1.5963684,-0.8237171,1.3789858,4.076952,1.5647748,1.178154,-1.2193732,-0.6960829,-3.049759,-1.2283275,-0.13705577,2.6962848,2.987954,0.90939015,-1.2028068,-0.9470651,-1.9695561,-1.7047064,0.6531113,0.6852079,-0.16915715,1.6390631,1.653579,2.328595,2.957743,-1.0269651,-1.4979239,-0.47746214,-1.962206,-1.5919974,-0.36454785,-0.7793983,-0.66100067,-1.448816,-3.0416303,-0.6686348,-1.7859672,1.0003039,-3.4562714,1.5433983,0.3383922,-1.8067815,1.5216775,0.20619288,-0.45003843,-0.35971168,-2.823629,-2.113787,0.48187426,-1.1701148,-1.8017316,2.9465249,-0.73370725,-0.13288718,2.2945693,-0.97588706,1.0013628,2.8346822,-0.80821097,-1.0905161,-0.7456946,-0.03284143,-2.1228108,1.6495993,-1.2562983,1.5861703,1.8695445,0.79759216,-0.4428325,-2.1251364,-0.5336228,0.026950207,-0.14913589,-0.2310167,0.6722152,1.0557669,1.8635821,2.165711,-1.6708841,-1.9547894,1.698403,2.7954946,-0.13365145,-0.1559338,-2.0584092,-2.325334,-2.9178553,1.0222557,1.7265967,2.007151,1.650785,0.63327414,-1.9661832,-1.9322474,-1.5904274,2.466051,0.4714324,0.12064482,1.4665644,-0.66158044,2.7214072,1.595145,-3.117781,-2.3197525,-0.19776456,-1.6574444,1.7090545,2.464808,-1.1771657,-1.9033982,1.4914297,-1.3534919,-0.60398346,-0.058002755
203,0.6963749,0.50644594,0.437934,-0.7412611,0.48906472,0.70312345,-0.60325927,0.12005235,-0.5862218,0.61100274,1.4236139,-0.6270926,-0.67947537,-0.46540356,0.10457399,0.19311698,-0.42974913,-0.00020599365,-0.59385574,-0.36309218,0.48768294,-0.21609777,1.3354067,0.6397651,-0.7743203,0.79220587,0.2568772,0.6846148,0.62242424,-0.6292934,-0.17006099,-0.17896438,-0.3389008,-0.49879086,0.14185463,1.0728892,-0.36166048,-0.57815397,-0.61361414,0.3425103,-0.5042516,-0.63408256,-0.7488537,0.6898337,0.25115648,-0.67239124,0.67494154,-0.5871098,0.40074605,1.0270381,-0.16952235,-0.8630223,-0.7675625,-0.758939,0.11036646,-0.12305945,0.8093244,0.5603541,-0.58038616,-0.21566552,-0.15713185,0.6481197,-0.34592897,0.385301,-0.047407687,0.003986556,1.0454936,0.3618377,0.95248884,-0.35190105,0.9434544,0.52531695,1.0713439,0.976468,-0.24178284,0.77750087,-0.14087129,0.87149143,0.4960737,-0.5259104,0.74252504,0.71635365,-0.43738914,-0.42492956,1.3302739,-0.35703254,-0.23599786,-0.3445812,0.7412821,0.2614913,-0.24928021,-0.19003367,0.50467783,-0.56389046,0.8028996,-0.4409737,-0.8624314,0.30447364,-0.28149313,-0.4965765,-0.6820009,-0.4842692,0.8504989,0.6538959,0.6781881,-0.15844685,0.6031498,0.49523586,-0.10729492,0.23090738,-0.60620844,1.2564288,-0.6457622,1.5274904,-0.4156279,0.030208342,0.31434476,-0.060676396,1.0352076,-0.46194565,-0.3253836,0.31827432,-0.31927353,-0.18346351,-0.6073068,-0.1673274,-0.46808952,-0.7864762,-0.2921332,-0.60777235,-0.3016862,-0.13154319,1.633458,2.286007,-1.6064556,0.31073424,0.8421908,-1.4907851,1.7358922,-0.12776849,-0.42548817,-3.327165,1.5963684,-0.8237171,1.3789858,4.076952,1.5647748,1.178154,-1.2193732,-0.6960829,-3.049759,-1.2283275,-0.13705577,2.6962848,2.987954,0.90939015,-1.2028068,-0.9470651,-1.9695561,-1.7047064,0.6531113,0.6852079,-0.16915715,1.6390631,1.653579,2.328595,2.957743,-1.0269651,-1.4979239,-0.47746214,-1.962206,-1.5919974,-0.36454785,-0.7793983,-0.66100067,-1.448816,-3.0416303,-0.6686348,-1.7859672,1.0003039,-3.4562714,1.5433983,0.3383922,-1.8067815,1.5216775,0.20619288,-0.45003843,-0.35971168,-2.823629,-2.113787,0.48187426,-1.1701148,-1.8017316,2.9465249,-0.73370725,-0.13288718,2.2945693,-0.97588706,1.0013628,2.8346822,-0.80821097,-1.0905161,-0.7456946,-0.03284143,-2.1228108,1.6495993,-1.2562983,1.5861703,1.8695445,0.79759216,-0.4428325,-2.1251364,-0.5336228,0.026950207,-0.14913589,-0.2310167,0.6722152,1.0557669,1.8635821,2.165711,-1.6708841,-1.9547894,1.698403,2.7954946,-0.13365145,-0.1559338,-2.0584092,-2.325334,-2.9178553,1.0222557,1.7265967,2.007151,1.650785,0.63327414,-1.9661832,-1.9322474,-1.5904274,2.466051,0.4714324,0.12064482,1.4665644,-0.66158044,2.7214072,1.595145,-3.117781,-2.3197525,-0.19776456,-1.6574444,1.7090545,2.464808,-1.1771657,-1.9033982,1.4914297,-1.3534919,-0.60398346,-0.058002755
204,0.6963749,0.50644594,0.437934,-0.7412611,0.48906472,0.70312345,-0.60325927,0.12005235,-0.5862218,0.61100274,1.4236139,-0.6270926,-0.67947537,-0.46540356,0.10457399,0.19311698,-0.42974913,-0.00020599365,-0.59385574,-0.36309218,0.48768294,-0.21609777,1.3354067,0.6397651,-0.7743203,0.79220587,0.2568772,0.6846148,0.62242424,-0.6292934,-0.17006099,-0.17896438,-0.3389008,-0.49879086,0.14185463,1.0728892,-0.36166048,-0.57815397,-0.61361414,0.3425103,-0.5042516,-0.63408256,-0.7488537,0.6898337,0.25115648,-0.67239124,0.67494154,-0.5871098,0.40074605,1.0270381,-0.16952235,-0.8630223,-0.7675625,-0.758939,0.11036646,-0.12305945,0.8093244,0.5603541,-0.58038616,-0.21566552,-0.15713185,0.6481197,-0.34592897,0.385301,-0.047407687,0.003986556,1.0454936,0.3618377,0.95248884,-0.35190105,0.9434544,0.52531695,1.0713439,0.976468,-0.24178284,0.77750087,-0.14087129,0.87149143,0.4960737,-0.5259104,0.74252504,0.71635365,-0.43738914,-0.42492956,1.3302739,-0.35703254,-0.23599786,-0.3445812,0.7412821,0.2614913,-0.24928021,-0.19003367,0.50467783,-0.56389046,0.8028996,-0.4409737,-0.8624314,0.30447364,-0.28149313,-0.4965765,-0.6820009,-0.4842692,0.8504989,0.6538959,0.6781881,-0.15844685,0.6031498,0.49523586,-0.10729492,0.23090738,-0.60620844,1.2564288,-0.6457622,1.5274904,-0.4156279,0.030208342,0.31434476,-0.060676396,1.0352076,-0.46194565,-0.3253836,0.31827432,-0.31927353,-0.18346351,-0.6073068,-0.1673274,-0.46808952,-0.7864762,-0.2921332,-0.60777235,-0.3016862,-0.13154319,1.633458,2.286007,-1.6064556,0.31073424,0.8421908,-1.4907851,1.7358922,-0.12776849,-0.42548817,-3.327165,1.5963684,-0.8237171,1.3789858,4.076952,1.5647748,1.178154,-1.2193732,-0.6960829,-3.049759,-1.2283275,-0.13705577,2.6962848,2.987954,0.90939015,-1.2028068,-0.9470651,-1.9695561,-1.7047064,0.6531113,0.6852079,-0.16915715,1.6390631,1.653579,2.328595,2.957743,-1.0269651,-1.4979239,-0.47746214,-1.962206,-1.5919974,-0.36454785,-0.7793983,-0.66100067,-1.448816,-3.0416303,-0.6686348,-1.7859672,1.0003039,-3.4562714,1.5433983,0.3383922,-1.8067815,1.5216775,0.20619288,-0.45003843,-0.35971168,-2.823629,-2.113787,0.48187426,-1.1701148,-1.8017316,2.9465249,-0.73370725,-0.13288718,2.2945693,-0.97588706,1.0013628,2.8346822,-0.80821097,-1.0905161,-0.7456946,-0.03284143,-2.1228108,1.6495993,-1.2562983,1.5861703,1.8695445,0.79759216,-0.4428325,-2.1251364,-0.5336228,0.026950207,-0.14913589,-0.2310167,0.6722152,1.0557669,1.8635821,2.165711,-1.6708841,-1.9547894,1.698403,2.7954946,-0.13365145,-0.1559338,-2.0584092,-2.325334,-2.9178553,1.0222557,1.7265967,2.007151,1.650785,0.63327414,-1.9661832,-1.9322474,-1.5904274,2.466051,0.4714324,0.12064482,1.4665644,-0.66158044,2.7214072,1.595145,-3.117781,-2.3197525,-0.19776456,-1.6574444,1.7090545,2.464808,-1.1771657,-1.9033982,1.4914297,-1.3534919,-0.60398346,-0.058002755
205,0.6963749,0.50644594,0.437934,-0.7412611,0.48906472,0.70312345,-0.60325927,0.12005235,-0.5862218,0.61100274,1.4236139,-0.6270926,-0.67947537,-0.46540356,0.10457399,0.19311698,-0.42974913,-0.00020599365,-0.59385574,-0.36309218,0.48768294,-0.21609777,1.3354067,0.6397651,-0.7743203,0.79220587,0.2568772,0.6846148,0.62242424,-0.6292934,-0.17006099,-0.17896438,-0.3389008,-0.49879086,0.14185463,1.0728892,-0.36166048,-0.57815397,-0.61361414,0.3425103,-0.5042516,-0.63408256,-0.7488537,0.6898337,0.25115648,-0.67239124,0.67494154,-0.5871098,0.40074605,1.0270381,-0.16952235,-0.8630223,-0.7675625,-0.758939,0.11036646,-0.12305945,0.8093244,0.5603541,-0.58038616,-0.21566552,-0.15713185,0.6481197,-0.34592897,0.385301,-0.047407687,0.003986556,1.0454936,0.3618377,0.95248884,-0.35190105,0.9434544,0.52531695,1.0713439,0.976468,-0.24178284,0.77750087,-0.14087129,0.87149143,0.4960737,-0.5259104,0.74252504,0.71635365,-0.43738914,-0.42492956,1.3302739,-0.35703254,-0.23599786,-0.3445812,0.7412821,0.2614913,-0.24928021,-0.19003367,0.50467783,-0.56389046,0.8028996,-0.4409737,-0.8624314,0.30447364,-0.28149313,-0.4965765,-0.6820009,-0.4842692,0.8504989,0.6538959,0.6781881,-0.15844685,0.6031498,0.49523586,-0.10729492,0.23090738,-0.60620844,1.2564288,-0.6457622,1.5274904,-0.4156279,0.030208342,0.31434476,-0.060676396,1.0352076,-0.46194565,-0.3253836,0.31827432,-0.31927353,-0.18346351,-0.6073068,-0.1673274,-0.46808952,-0.7864762,-0.2921332,-0.60777235,-0.3016862,-0.13154319,1.633458,2.286007,-1.6064556,0.31073424,0.8421908,-1.4907851,1.7358922,-0.12776849,-0.42548817,-3.327165,1.5963684,-0.8237171,1.3789858,4.076952,1.5647748,1.178154,-1.2193732,-0.6960829,-3.049759,-1.2283275,-0.13705577,2.6962848,2.987954,0.90939015,-1.2028068,-0.9470651,-1.9695561,-1.7047064,0.6531113,0.6852079,-0.16915715,1.6390631,1.653579,2.328595,2.957743,-1.0269651,-1.4979239,-0.47746214,-1.962206,-1.5919974,-0.36454785,-0.7793983,-0.66100067,-1.448816,-3.0416303,-0.6686348,-1.7859672,1.0003039,-3.4562714,1.5433983,0.3383922,-1.8067815,1.5216775,0.20619288,-0.45003843,-0.35971168,-2.823629,-2.113787,0.48187426,-1.1701148,-1.8017316,2.9465249,-0.73370725,-0.13288718,2.2945693,-0.97588706,1.0013628,2.8346822,-0.80821097,-1.0905161,-0.7456946,-0.03284143,-2.1228108,1.6495993,-1.2562983,1.5861703,1.8695445,0.79759216,-0.4428325,-2.1251364,-0.5336228,0.026950207,-0.14913589,-0.2310167,0.6722152,1.0557669,1.8635821,2.165711,-1.6708841,-1.9547894,1.698403,2.7954946,-0.13365145,-0.1559338,-2.0584092,-2.325334,-2.9178553,1.0222557,1.7265967,2.007151,1.650785,0.63327414,-1.9661832,-1.9322474,-1.5904274,2.466051,0.4714324,0.12064482,1.4665644,-0.66158044,2.7214072,1.595145,-3.117781,-2.3197525,-0.19776456,-1.6574444,1.7090545,2.464808,-1.1771657,-1.9033982,1.4914297,-1.3534919,-0.60398346,-0.058002755
206,0.6963749,0.50644594,0.437934,-0.7412611,0.48906472,0.70312345,-0.60325927,0.12005235,-0.5862218,0.61100274,1.4236139,-0.6270926,-0.67947537,-0.46540356,0.10457399,0.19311698,-0.42974913,-0.00020599365,-0.59385574,-0.36309218,0.48768294,-0.21609777,1.3354067,0.6397651,-0.7743203,0.79220587,0.2568772,0.6846148,0.62242424,-0.6292934,-0.17006099,-0.17896438,-0.3389008,-0.49879086,0.14185463,1.0728892,-0.36166048,-0.57815397,-0.61361414,0.3425103,-0.5042516,-0.63408256,-0.7488537,0.6898337,0.25115648,-0.67239124,0.67494154,-0.5871098,0.40074605,1.0270381,-0.16952235,-0.8630223,-0.7675625,-0.758939,0.11036646,-0.12305945,0.8093244,0.5603541,-0.58038616,-0.21566552,-0.15713185,0.6481197,-0.34592897,0.385301,-0.047407687,0.003986556,1.0454936,0.3618377,0.95248884,-0.35190105,0.9434544,0.52531695,1.0713439,0.976468,-0.24178284,0.77750087,-0.14087129,0.87149143,0.4960737,-0.5259104,0.74252504,0.71635365,-0.43738914,-0.42492956,1.3302739,-0.35703254,-0.23599786,-0.3445812,0.7412821,0.2614913,-0.24928021,-0.19003367,0.50467783,-0.56389046,0.8028996,-0.4409737,-0.8624314,0.30447364,-0.28149313,-0.4965765,-0.6820009,-0.4842692,0.8504989,0.6538959,0.6781881,-0.15844685,0.6031498,0.49523586,-0.10729492,0.23090738,-0.60620844,1.2564288,-0.6457622,1.5274904,-0.4156279,0.030208342,0.31434476,-0.060676396,1.0352076,-0.46194565,-0.3253836,0.31827432,-0.31927353,-0.18346351,-0.6073068,-0.1673274,-0.46808952,-0.7864762,-0.2921332,-0.60777235,-0.3016862,-0.13154319,1.633458,2.286007,-1.6064556,0.31073424,0.8421908,-1.4907851,1.7358922,-0.12776849,-0.42548817,-3.327165,1.5963684,-0.8237171,1.3789858,4.076952,1.5647748,1.178154,-1.2193732,-0.6960829,-3.049759,-1.2283275,-0.13705577,2.6962848,2.987954,0.90939015,-1.2028068,-0.9470651,-1.9695561,-1.7047064,0.6531113,0.6852079,-0.16915715,1.6390631,1.653579,2.328595,2.957743,-1.0269651,-1.4979239,-0.47746214,-1.962206,-1.5919974,-0.36454785,-0.7793983,-0.66100067,-1.448816,-3.0416303,-0.6686348,-1.7859672,1.0003039,-3.4562714,1.5433983,0.3383922,-1.8067815,1.5216775,0.20619288,-0.45003843,-0.35971168,-2.823629,-2.113787,0.48187426,-1.1701148,-1.8017316,2.9465249,-0.73370725,-0.13288718,2.2945693,-0.97588706,1.0013628,2.8346822,-0.80821097,-1.0905161,-0.7456946,-0.03284143,-2.1228108,1.6495993,-1.2562983,1.5861703,1.8695445,0.79759216,-0.4428325,-2.1251364,-0.5336228,0.026950207,-0.14913589,-0.2310167,0.6722152,1.0557669,1.8635821,2.165711,-1.6708841,-1.9547894,1.698403,2.7954946,-0.13365145,-0.1559338,-2.0584092,-2.325334,-2.9178553,1.0222557,1.7265967,2.007151,1.650785,0.63327414,-1.9661832,-1.9322474,-1.5904274,2.466051,0.4714324,0.12064482,1.4665644,-0.66158044,2.7214072,1.595145,-3.117781,-2.3197525,-0.19776456,-1.6574444,1.7090545,2.464808,-1.1771657,-1.9033982,1.4914297,-1.3534919,-0.60398346,-0.058002755
207,0.6963749,0.50644594,0.437934,-0.7412611,0.48906472,0.70312345,-0.60325927,0.12005235,-0.5862218,0.61100274,1.4236139,-0.6270926,-0.67947537,-0.46540356,0.10457399,0.19311698,-0.42974913,-0.00020599365,-0.59385574,-0.36309218,0.48768294,-0.21609777,1.3354067,0.6397651,-0.7743203,0.79220587,0.2568772,0.6846148,0.62242424,-0.6292934,-0.17006099,-0.17896438,-0.3389008,-0.49879086,0.14185463,1.0728892,-0.36166048,-0.57815397,-0.61361414,0.3425103,-0.5042516,-0.63408256,-0.7488537,0.6898337,0.25115648,-0.67239124,0.67494154,-0.5871098,0.40074605,1.0270381,-0.16952235,-0.8630223,-0.7675625,-0.758939,0.11036646,-0.12305945,0.8093244,0.5603541,-0.58038616,-0.21566552,-0.15713185,0.6481197,-0.34592897,0.385301,-0.047407687,0.003986556,1.0454936,0.3618377,0.95248884,-0.35190105,0.9434544,0.52531695,1.0713439,0.976468,-0.24178284,0.77750087,-0.14087129,0.87149143,0.4960737,-0.5259104,0.74252504,0.71635365,-0.43738914,-0.42492956,1.3302739,-0.35703254,-0.23599786,-0.3445812,0.7412821,0.2614913,-0.24928021,-0.19003367,0.50467783,-0.56389046,0.8028996,-0.4409737,-0.8624314,0.30447364,-0.28149313,-0.4965765,-0.6820009,-0.4842692,0.8504989,0.6538959,0.6781881,-0.15844685,0.6031498,0.49523586,-0.10729492,0.23090738,-0.60620844,1.2564288,-0.6457622,1.5274904,-0.4156279,0.030208342,0.31434476,-0.060676396,1.0352076,-0.46194565,-0.3253836,0.31827432,-0.31927353,-0.18346351,-0.6073068,-0.1673274,-0.46808952,-0.7864762,-0.2921332,-0.60777235,-0.3016862,-0.13154319,1.633458,2.286007,-1.6064556,0.31073424,0.8421908,-1.4907851,1.7358922,-0.12776849,-0.42548817,-3.327165,1.5963684,-0.8237171,1.3789858,4.076952,1.5647748,1.178154,-1.2193732,-0.6960829,-3.049759,-1.2283275,-0.13705577,2.6962848,2.987954,0.90939015,-1.2028068,-0.9470651,-1.9695561,-1.7047064,0.6531113,0.6852079,-0.16915715,1.6390631,1.653579,2.328595,2.957743,-1.0269651,-1.4979239,-0.47746214,-1.962206,-1.5919974,-0.36454785,-0.7793983,-0.66100067,-1.448816,-3.0416303,-0.6686348,-1.7859672,1.0003039,-3.4562714,1.5433983,0.3383922,-1.8067815,1.5216775,0.20619288,-0.45003843,-0.35971168,-2.823629,-2.113787,0.48187426,-1.1701148,-1.8017316,2.9465249,-0.73370725,-0.13288718,2.2945693,-0.97588706,1.0013628,2.8346822,-0.80821097,-1.0905161,-0.7456946,-0.03284143,-2.1228108,1.6495993,-1.2562983,1.5861703,1.8695445,0.79759216,-0.4428325,-2.1251364,-0.5336228,0.026950207,-0.14913589,-0.2310167,0.6722152,1.0557669,1.8635821,2.165711,-1.6708841,-1.9547894,1.698403,2.7954946,-0.13365145,-0.1559338,-2.0584092,-2.325334,-2.9178553,1.0222557,1.7265967,2.007151,1.650785,0.63327414,-1.9661832,-1.9322474,-1.5904274,2.466051,0.4714324,0.12064482,1.4665644,-0.66158044,2.7214072,1.595145,-3.117781,-2.3197525,-0.19776456,-1.6574444,1.7090545,2.464808,-1.1771657,-1.9033982,1.4914297,-1.3534919,-0.60398346,-0.058002755
208,0.6963749,0.50644594,0.437934,-0.7412611,0.48906472,0.70312345,-0.60325927,0.12005235,-0.5862218,0.61100274,1.4236139,-0.6270926,-0.67947537,-0.46540356,0.10457399,0.19311698,-0.42974913,-0.00020599365,-0.59385574,-0.36309218,0.48768294,-0.21609777,1.3354067,0.6397651,-0.7743203,0.79220587,0.2568772,0.6846148,0.62242424,-0.6292934,-0.17006099,-0.17896438,-0.3389008,-0.49879086,0.14185463,1.0728892,-0.36166048,-0.57815397,-0.61361414,0.3425103,-0.5042516,-0.63408256,-0.7488537,0.6898337,0.25115648,-0.67239124,0.67494154,-0.5871098,0.40074605,1.0270381,-0.16952235,-0.8630223,-0.7675625,-0.758939,0.11036646,-0.12305945,0.8093244,0.5603541,-0.58038616,-0.21566552,-0.15713185,0.6481197,-0.34592897,0.385301,-0.047407687,0.003986556,1.0454936,0.3618377,0.95248884,-0.35190105,0.9434544,0.52531695,1.0713439,0.976468,-0.24178284,0.77750087,-0.14087129,0.87149143,0.4960737,-0.5259104,0.74252504,0.71635365,-0.43738914,-0.42492956,1.3302739,-0.35703254,-0.23599786,-0.3445812,0.7412821,0.2614913,-0.24928021,-0.19003367,0.50467783,-0.56389046,0.8028996,-0.4409737,-0.8624314,0.30447364,-0.28149313,-0.4965765,-0.6820009,-0.4842692,0.8504989,0.6538959,0.6781881,-0.15844685,0.6031498,0.49523586,-0.10729492,0.23090738,-0.60620844,1.2564288,-0.6457622,1.5274904,-0.4156279,0.030208342,0.31434476,-0.060676396,1.0352076,-0.46194565,-0.3253836,0.31827432,-0.31927353,-0.18346351,-0.6073068,-0.1673274,-0.46808952,-0.7864762,-0.2921332,-0.60777235,-0.3016862,-0.13154319,1.633458,2.286007,-1.6064556,0.31073424,0.8421908,-1.4907851,1.7358922,-0.12776849,-0.42548817,-3.327165,1.5963684,-0.8237171,1.3789858,4.076952,1.5647748,1.178154,-1.2193732,-0.6960829,-3.049759,-1.2283275,-0.13705577,2.6962848,2.987954,0.90939015,-1.2028068,-0.9470651,-1.9695561,-1.7047064,0.6531113,0.6852079,-0.16915715,1.6390631,1.653579,2.328595,2.957743,-1.0269651,-1.4979239,-0.47746214,-1.962206,-1.5919974,-0.36454785,-0.7793983,-0.66100067,-1.448816,-3.0416303,-0.6686348,-1.7859672,1.0003039,-3.4562714,1.5433983,0.3383922,-1.8067815,1.5216775,0.20619288,-0.45003843,-0.35971168,-2.823629,-2.113787,0.48187426,-1.1701148,-1.8017316,2.9465249,-0.73370725,-0.13288718,2.2945693,-0.97588706,1.0013628,2.8346822,-0.80821097,-1.0905161,-0.7456946,-0.03284143,-2.1228108,1.6495993,-1.2562983,1.5861703,1.8695445,0.79759216,-0.4428325,-2.1251364,-0.5336228,0.026950207,-0.14913589,-0.2310167,0.6722152,1.0557669,1.8635821,2.165711,-1.6708841,-1.9547894,1.698403,2.7954946,-0.13365145,-0.1559338,-2.0584092,-2.325334,-2.9178553,1.0222557,1.7265967,2.007151,1.650785,0.63327414,-1.9661832,-1.9322474,-1.5904274,2.466051,0.4714324,0.12064482,1.4665644,-0.66158044,2.7214072,1.595145,-3.117781,-2.3197525,-0.19776456,-1.6574444,1.7090545,2.464808,-1.1771657,-1.9033982,1.4914297,-1.3534919,-0.60398346,-0.058002755
209,0.6963749,0.50644594,0.437934,-0.7412611,0.48906472,0.70312345,-0.60325927,0.12005235,-0.5862218,0.61100274,1.4236139,-0.6270926,-0.67947537,-0.46540356,0.10457399,0.19311698,-0.42974913,-0.00020599365,-0.59385574,-0.36309218,0.48768294,-0.21609777,1.3354067,0.6397651,-0.7743203,0.79220587,0.2568772,0.6846148,0.62242424,-0.6292934,-0.17006099,-0.17896438,-0.3389008,-0.49879086,0.14185463,1.0728892,-0.36166048,-0.57815397,-0.61361414,0.3425103,-0.5042516,-0.63408256,-0.7488537,0.6898337,0.25115648,-0.67239124,0.67494154,-0.5871098,0.40074605,1.0270381,-0.16952235,-0.8630223,-0.7675625,-0.758939,0.11036646,-0.12305945,0.8093244,0.5603541,-0.58038616,-0.21566552,-0.15713185,0.6481197,-0.34592897,0.385301,-0.047407687,0.003986556,1.0454936,0.3618377,0.95248884,-0.35190105,0.9434544,0.52531695,1.0713439,0.976468,-0.24178284,0.77750087,-0.14087129,0.87149143,0.4960737,-0.5259104,0.74252504,0.71635365,-0.43738914,-0.42492956,1.3302739,-0.35703254,-0.23599786,-0.3445812,0.7412821,0.2614913,-0.24928021,-0.19003367,0.50467783,-0.56389046,0.8028996,-0.4409737,-0.8624314,0.30447364,-0.28149313,-0.4965765,-0.6820009,-0.4842692,0.8504989,0.6538959,0.6781881,-0.15844685,0.6031498,0.49523586,-0.10729492,0.23090738,-0.60620844,1.2564288,-0.6457622,1.5274904,-0.4156279,0.030208342,0.31434476,-0.060676396,1.0352076,-0.46194565,-0.3253836,0.31827432,-0.31927353,-0.18346351,-0.6073068,-0.1673274,-0.46808952,-0.7864762,-0.2921332,-0.60777235,-0.3016862,-0.13154319,1.633458,2.286007,-1.6064556,0.31073424,0.8421908,-1.4907851,1.7358922,-0.12776849,-0.42548817,-3.327165,1.5963684,-0.8237171,1.3789858,4.076952,1.5647748,1.178154,-1.2193732,-0.6960829,-3.049759,-1.2283275,-0.13705577,2.6962848,2.987954,0.90939015,-1.2028068,-0.9470651,-1.9695561,-1.7047064,0.6531113,0.6852079,-0.16915715,1.6390631,1.653579,2.328595,2.957743,-1.0269651,-1.4979239,-0.47746214,-1.962206,-1.5919974,-0.36454785,-0.7793983,-0.66100067,-1.448816,-3.0416303,-0.6686348,-1.7859672,1.0003039,-3.4562714,1.5433983,0.3383922,-1.8067815,1.5216775,0.20619288,-0.45003843,-0.35971168,-2.823629,-2.113787,0.48187426,-1.1701148,-1.8017316,2.9465249,-0.73370725,-0.13288718,2.2945693,-0.97588706,1.0013628,2.8346822,-0.80821097,-1.0905161,-0.7456946,-0.03284143,-2.1228108,1.6495993,-1.2562983,1.5861703,1.8695445,0.79759216,-0.4428325,-2.1251364,-0.5336228,0.026950207,-0.14913589,-0.2310167,0.6722152,1.0557669,1.8635821,2.165711,-1.6708841,-1.9547894,1.698403,2.7954946,-0.13365145,-0.1559338,-2.0584092,-2.325334,-2.9178553,1.0222557,1.7265967,2.007151,1.650785,0.63327414,-1.9661832,-1.9322474,-1.5904274,2.466051,0.4714324,0.12064482,1.4665644,-0.66158044,2.7214072,1.595145,-3.117781,-2.3197525,-0.19776456,-1.6574444,1.7090545,2.464808,-1.1771657,-1.9033982,1.4914297,-1.3534919,-0.60398346,-0.058002755
210,0.6963749,0.50644594,0.437934,-0.7412611,0.48906472,0.70312345,-0.60325927,0.12005235,-0.5862218,0.61100274,1.4236139,-0.6270926,-0.67947537,-0.46540356,0.10457399,0.19311698,-0.42974913,-0.00020599365,-0.59385574,-0.36309218,0.48768294,-0.21609777,1.3354067,0.6397651,-0.7743203,0.79220587,0.2568772,0.6846148,0.62242424,-0.6292934,-0.17006099,-0.17896438,-0.3389008,-0.49879086,0.14185463,1.0728892,-0.36166048,-0.57815397,-0.61361414,0.3425103,-0.5042516,-0.63408256,-0.7488537,0.6898337,0.25115648,-0.67239124,0.67494154,-0.5871098,0.40074605,1.0270381,-0.16952235,-0.8630223,-0.7675625,-0.758939,0.11036646,-0.12305945,0.8093244,0.5603541,-0.58038616,-0.21566552,-0.15713185,0.6481197,-0.34592897,0.385301,-0.047407687,0.003986556,1.0454936,0.3618377,0.95248884,-0.35190105,0.9434544,0.52531695,1.0713439,0.976468,-0.24178284,0.77750087,-0.14087129,0.87149143,0.4960737,-0.5259104,0.74252504,0.71635365,-0.43738914,-0.42492956,1.3302739,-0.35703254,-0.23599786,-0.3445812,0.7412821,0.2614913,-0.24928021,-0.19003367,0.50467783,-0.56389046,0.8028996,-0.4409737,-0.8624314,0.30447364,-0.28149313,-0.4965765,-0.6820009,-0.4842692,0.8504989,0.6538959,0.6781881,-0.15844685,0.6031498,0.49523586,-0.10729492,0.23090738,-0.60620844,1.2564288,-0.6457622,1.5274904,-0.4156279,0.030208342,0.31434476,-0.060676396,1.0352076,-0.46194565,-0.3253836,0.31827432,-0.31927353,-0.18346351,-0.6073068,-0.1673274,-0.46808952,-0.7864762,-0.2921332,-0.60777235,-0.3016862,-0.13154319,1.633458,2.286007,-1.6064556,0.31073424,0.8421908,-1.4907851,1.7358922,-0.12776849,-0.42548817,-3.327165,1.5963684,-0.8237171,1.3789858,4.076952,1.5647748,1.178154,-1.2193732,-0.6960829,-3.049759,-1.2283275,-0.13705577,2.6962848,2.987954,0.90939015,-1.2028068,-0.9470651,-1.9695561,-1.7047064,0.6531113,0.6852079,-0.16915715,1.6390631,1.653579,2.328595,2.957743,-1.0269651,-1.4979239,-0.47746214,-1.962206,-1.5919974,-0.36454785,-0.7793983,-0.66100067,-1.448816,-3.0416303,-0.6686348,-1.7859672,1.0003039,-3.4562714,1.5433983,0.3383922,-1.8067815,1.5216775,0.20619288,-0.45003843,-0.35971168,-2.823629,-2.113787,0.48187426,-1.1701148,-1.8017316,2.9465249,-0.73370725,-0.13288718,2.2945693,-0.97588706,1.0013628,2.8346822,-0.80821097,-1.0905161,-0.7456946,-0.03284143,-2.1228108,1.6495993,-1.2562983,1.5861703,1.8695445,0.79759216,-0.4428325,-2.1251364,-0.5336228,0.026950207,-0.14913589,-0.2310167,0.6722152,1.0557669,1.8635821,2.165711,-1.6708841,-1.9547894,1.698403,2.7954946,-0.13365145,-0.1559338,-2.0584092,-2.325334,-2.9178553,1.0222557,1.7265967,2.007151,1.650785,0.63327414,-1.9661832,-1.9322474,-1.5904274,2.466051,0.4714324,0.12064482,1.4665644,-0.66158044,2.7214072,1.595145,-3.117781,-2.3197525,-0.19776456,-1.6574444,1.7090545,2.464808,-1.1771657,-1.9033982,1.4914297,-1.3534919,-0.60398346,-0.058002755
211,0.6963749,0.50644594,0.437934,-0.7412611,0.48906472,0.70312345,-0.60325927,0.12005235,-0.5862218,0.61100274,1.4236139,-0.6270926,-0.67947537,-0.46540356,0.10457399,0.19311698,-0.42974913,-0.00020599365,-0.59385574,-0.36309218,0.48768294,-0.21609777,1.3354067,0.6397651,-0.7743203,0.79220587,0.2568772,0.6846148,0.62242424,-0.6292934,-0.17006099,-0.17896438,-0.3389008,-0.49879086,0.14185463,1.0728892,-0.36166048,-0.57815397,-0.61361414,0.3425103,-0.5042516,-0.63408256,-0.7488537,0.6898337,0.25115648,-0.67239124,0.67494154,-0.5871098,0.40074605,1.0270381,-0.16952235,-0.8630223,-0.7675625,-0.758939,0.11036646,-0.12305945,0.8093244,0.5603541,-0.58038616,-0.21566552,-0.15713185,0.6481197,-0.34592897,0.385301,-0.047407687,0.003986556,1.0454936,0.3618377,0.95248884,-0.35190105,0.9434544,0.52531695,1.0713439,0.976468,-0.24178284,0.77750087,-0.14087129,0.87149143,0.4960737,-0.5259104,0.74252504,0.71635365,-0.43738914,-0.42492956,1.3302739,-0.35703254,-0.23599786,-0.3445812,0.7412821,0.2614913,-0.24928021,-0.19003367,0.50467783,-0.56389046,0.8028996,-0.4409737,-0.8624314,0.30447364,-0.28149313,-0.4965765,-0.6820009,-0.4842692,0.8504989,0.6538959,0.6781881,-0.15844685,0.6031498,0.49523586,-0.10729492,0.23090738,-0.60620844,1.2564288,-0.6457622,1.5274904,-0.4156279,0.030208342,0.31434476,-0.060676396,1.0352076,-0.46194565,-0.3253836,0.31827432,-0.31927353,-0.18346351,-0.6073068,-0.1673274,-0.46808952,-0.7864762,-0.2921332,-0.60777235,-0.3016862,-0.13154319,1.633458,2.286007,-1.6064556,0.31073424,0.8421908,-1.4907851,1.7358922,-0.12776849,-0.42548817,-3.327165,1.5963684,-0.8237171,1.3789858,4.076952,1.5647748,1.178154,-1.2193732,-0.6960829,-3.049759,-1.2283275,-0.13705577,2.6962848,2.987954,0.90939015,-1.2028068,-0.9470651,-1.9695561,-1.7047064,0.6531113,0.6852079,-0.16915715,1.6390631,1.653579,2.328595,2.957743,-1.0269651,-1.4979239,-0.47746214,-1.962206,-1.5919974,-0.36454785,-0.7793983,-0.66100067,-1.448816,-3.0416303,-0.6686348,-1.7859672,1.0003039,-3.4562714,1.5433983,0.3383922,-1.8067815,1.5216775,0.20619288,-0.45003843,-0.35971168,-2.823629,-2.113787,0.48187426,-1.1701148,-1.8017316,2.9465249,-0.73370725,-0.13288718,2.2945693,-0.97588706,1.0013628,2.8346822,-0.80821097,-1.0905161,-0.7456946,-0.03284143,-2.1228108,1.6495993,-1.2562983,1.5861703,1.8695445,0.79759216,-0.4428325,-2.1251364,-0.5336228,0.026950207,-0.14913589,-0.2310167,0.6722152,1.0557669,1.8635821,2.165711,-1.6708841,-1.9547894,1.698403,2.7954946,-0.13365145,-0.1559338,-2.0584092,-2.325334,-2.9178553,1.0222557,1.7265967,2.007151,1.650785,0.63327414,-1.9661832,-1.9322474,-1.5904274,2.466051,0.4714324,0.12064482,1.4665644,-0.66158044,2.7214072,1.595145,-3.117781,-2.3197525,-0.19776456,-1.6574444,1.7090545,2.464808,-1.1771657,-1.9033982,1.4914297,-1.3534919,-0.60398346,-0.058002755
212,0.6963749,0.50644594,0.437934,-0.7412611,0.48906472,0.70312345,-0.60325927,0.12005235,-0.5862218,0.61100274,1.4236139,-0.6270926,-0.67947537,-0.46540356,0.10457399,0.19311698,-0.42974913,-0.00020599365,-0.59385574,-0.36309218,0.48768294,-0.21609777,1.3354067,0.6397651,-0.7743203,0.79220587,0.2568772,0.6846148,0.62242424,-0.6292934,-0.17006099,-0.17896438,-0.3389008,-0.49879086,0.14185463,1.0728892,-0.36166048,-0.57815397,-0.61361414,0.3425103,-0.5042516,-0.63408256,-0.7488537,0.6898337,0.25115648,-0.67239124,0.67494154,-0.5871098,0.40074605,1.0270381,-0.16952235,-0.8630223,-0.7675625,-0.758939,0.11036646,-0.12305945,0.8093244,0.5603541,-0.58038616,-0.21566552,-0.15713185,0.6481197,-0.34592897,0.385301,-0.047407687,0.003986556,1.0454936,0.3618377,0.95248884,-0.35190105,0.9434544,0.52531695,1.0713439,0.976468,-0.24178284,0.77750087,-0.14087129,0.87149143,0.4960737,-0.5259104,0.74252504,0.71635365,-0.43738914,-0.42492956,1.3302739,-0.35703254,-0.23599786,-0.3445812,0.7412821,0.2614913,-0.24928021,-0.19003367,0.50467783,-0.56389046,0.8028996,-0.4409737,-0.8624314,0.30447364,-0.28149313,-0.4965765,-0.6820009,-0.4842692,0.8504989,0.6538959,0.6781881,-0.15844685,0.6031498,0.49523586,-0.10729492,0.23090738,-0.60620844,1.2564288,-0.6457622,1.5274904,-0.4156279,0.030208342,0.31434476,-0.060676396,1.0352076,-0.46194565,-0.3253836,0.31827432,-0.31927353,-0.18346351,-0.6073068,-0.1673274,-0.46808952,-0.7864762,-0.2921332,-0.60777235,-0.3016862,-0.13154319,1.633458,2.286007,-1.6064556,0.31073424,0.8421908,-1.4907851,1.7358922,-0.12776849,-0.42548817,-3.327165,1.5963684,-0.8237171,1.3789858,4.076952,1.5647748,1.178154,-1.2193732,-0.6960829,-3.049759,-1.2283275,-0.13705577,2.6962848,2.987954,0.90939015,-1.2028068,-0.9470651,-1.9695561,-1.7047064,0.6531113,0.6852079,-0.16915715,1.6390631,1.653579,2.328595,2.957743,-1.0269651,-1.4979239,-0.47746214,-1.962206,-1.5919974,-0.36454785,-0.7793983,-0.66100067,-1.448816,-3.0416303,-0.6686348,-1.7859672,1.0003039,-3.4562714,1.5433983,0.3383922,-1.8067815,1.5216775,0.20619288,-0.45003843,-0.35971168,-2.823629,-2.113787,0.48187426,-1.1701148,-1.8017316,2.9465249,-0.73370725,-0.13288718,2.2945693,-0.97588706,1.0013628,2.8346822,-0.80821097,-1.0905161,-0.7456946,-0.03284143,-2.1228108,1.6495993,-1.2562983,1.5861703,1.8695445,0.79759216,-0.4428325,-2.1251364,-0.5336228,0.026950207,-0.14913589,-0.2310167,0.6722152,1.0557669,1.8635821,2.165711,-1.6708841,-1.9547894,1.698403,2.7954946,-0.13365145,-0.1559338,-2.0584092,-2.325334,-2.9178553,1.0222557,1.7265967,2.007151,1.650785,0.63327414,-1.9661832,-1.9322474,-1.5904274,2.466051,0.4714324,0.12064482,1.4665644,-0.66158044,2.7214072,1.595145,-3.117781,-2.3197525,-0.19776456,-1.6574444,1.7090545,2.464808,-1.1771657,-1.9033982,1.4914297,-1.3534919,-0.60398346,-0.058002755
213,0.6963749,0.50644594,0.437934,-0.7412611,0.48906472,0.70312345,-0.60325927,0.12005235,-0.5862218,0.61100274,1.4236139,-0.6270926,-0.67947537,-0.46540356,0.10457399,0.19311698,-0.42974913,-0.00020599365,-0.59385574,-0.36309218,0.48768294,-0.21609777,1.3354067,0.6397651,-0.7743203,0.79220587,0.2568772,0.6846148,0.62242424,-0.6292934,-0.17006099,-0.17896438,-0.3389008,-0.49879086,0.14185463,1.0728892,-0.36166048,-0.57815397,-0.61361414,0.3425103,-0.5042516,-0.63408256,-0.7488537,0.6898337,0.25115648,-0.67239124,0.67494154,-0.5871098,0.40074605,1.0270381,-0.16952235,-0.8630223,-0.7675625,-0.758939,0.11036646,-0.12305945,0.8093244,0.5603541,-0.58038616,-0.21566552,-0.15713185,0.6481197,-0.34592897,0.385301,-0.047407687,0.003986556,1.0454936,0.3618377,0.95248884,-0.35190105,0.9434544,0.52531695,1.0713439,0.976468,-0.24178284,0.77750087,-0.14087129,0.87149143,0.4960737,-0.5259104,0.74252504,0.71635365,-0.43738914,-0.42492956,1.3302739,-0.35703254,-0.23599786,-0.3445812,0.7412821,0.2614913,-0.24928021,-0.19003367,0.50467783,-0.56389046,0.8028996,-0.4409737,-0.8624314,0.30447364,-0.28149313,-0.4965765,-0.6820009,-0.4842692,0.8504989,0.6538959,0.6781881,-0.15844685,0.6031498,0.49523586,-0.10729492,0.23090738,-0.60620844,1.2564288,-0.6457622,1.5274904,-0.4156279,0.030208342,0.31434476,-0.060676396,1.0352076,-0.46194565,-0.3253836,0.31827432,-0.31927353,-0.18346351,-0.6073068,-0.1673274,-0.46808952,-0.7864762,-0.2921332,-0.60777235,-0.3016862,-0.13154319,1.633458,2.286007,-1.6064556,0.31073424,0.8421908,-1.4907851,1.7358922,-0.12776849,-0.42548817,-3.327165,1.5963684,-0.8237171,1.3789858,4.076952,1.5647748,1.178154,-1.2193732,-0.6960829,-3.049759,-1.2283275,-0.13705577,2.6962848,2.987954,0.90939015,-1.2028068,-0.9470651,-1.9695561,-1.7047064,0.6531113,0.6852079,-0.16915715,1.6390631,1.653579,2.328595,2.957743,-1.0269651,-1.4979239,-0.47746214,-1.962206,-1.5919974,-0.36454785,-0.7793983,-0.66100067,-1.448816,-3.0416303,-0.6686348,-1.7859672,1.0003039,-3.4562714,1.5433983,0.3383922,-1.8067815,1.5216775,0.20619288,-0.45003843,-0.35971168,-2.823629,-2.113787,0.48187426,-1.1701148,-1.8017316,2.9465249,-0.73370725,-0.13288718,2.2945693,-0.97588706,1.0013628,2.8346822,-0.80821097,-1.0905161,-0.7456946,-0.03284143,-2.1228108,1.6495993,-1.2562983,1.5861703,1.8695445,0.79759216,-0.4428325,-2.1251364,-0.5336228,0.026950207,-0.14913589,-0.2310167,0.6722152,1.0557669,1.8635821,2.165711,-1.6708841,-1.9547894,1.698403,2.7954946,-0.13365145,-0.1559338,-2.0584092,-2.325334,-2.9178553,1.0222557,1.7265967,2.007151,1.650785,0.63327414,-1.9661832,-1.9322474,-1.5904274,2.466051,0.4714324,0.12064482,1.4665644,-0.66158044,2.7214072,1.595145,-3.117781,-2.3197525,-0.19776456,-1.6574444,1.7090545,2.464808,-1.1771657,-1.9033982,1.4914297,-1.3534919,-0.60398346,-0.058002755
214,0.6963749,0.50644594,0.437934,-0.7412611,0.48906472,0.70312345,-0.60325927,0.12005235,-0.5862218,0.61100274,1.4236139,-0.6270926,-0.67947537,-0.46540356,0.10457399,0.19311698,-0.42974913,-0.00020599365,-0.59385574,-0.36309218,0.48768294,-0.21609777,1.3354067,0.6397651,-0.7743203,0.79220587,0.2568772,0.6846148,0.62242424,-0.6292934,-0.17006099,-0.17896438,-0.3389008,-0.49879086,0.14185463,1.0728892,-0.36166048,-0.57815397,-0.61361414,0.3425103,-0.5042516,-0.63408256,-0.7488537,0.6898337,0.25115648,-0.67239124,0.67494154,-0.5871098,0.40074605,1.0270381,-0.16952235,-0.8630223,-0.7675625,-0.758939,0.11036646,-0.12305945,0.8093244,0.5603541,-0.58038616,-0.21566552,-0.15713185,0.6481197,-0.34592897,0.385301,-0.047407687,0.003986556,1.0454936,0.3618377,0.95248884,-0.35190105,0.9434544,0.52531695,1.0713439,0.976468,-0.24178284,0.77750087,-0.14087129,0.87149143,0.4960737,-0.5259104,0.74252504,0.71635365,-0.43738914,-0.42492956,1.3302739,-0.35703254,-0.23599786,-0.3445812,0.7412821,0.2614913,-0.24928021,-0.19003367,0.50467783,-0.56389046,0.8028996,-0.4409737,-0.8624314,0.30447364,-0.28149313,-0.4965765,-0.6820009,-0.4842692,0.8504989,0.6538959,0.6781881,-0.15844685,0.6031498,0.49523586,-0.10729492,0.23090738,-0.60620844,1.2564288,-0.6457622,1.5274904,-0.4156279,0.030208342,0.31434476,-0.060676396,1.0352076,-0.46194565,-0.3253836,0.31827432,-0.31927353,-0.18346351,-0.6073068,-0.1673274,-0.46808952,-0.7864762,-0.2921332,-0.60777235,-0.3016862,-0.13154319,1.633458,2.286007,-1.6064556,0.31073424,0.8421908,-1.4907851,1.7358922,-0.12776849,-0.42548817,-3.327165,1.5963684,-0.8237171,1.3789858,4.076952,1.5647748,1.178154,-1.2193732,-0.6960829,-3.049759,-1.2283275,-0.13705577,2.6962848,2.987954,0.90939015,-1.2028068,-0.9470651,-1.9695561,-1.7047064,0.6531113,0.6852079,-0.16915715,1.6390631,1.653579,2.328595,2.957743,-1.0269651,-1.4979239,-0.47746214,-1.962206,-1.5919974,-0.36454785,-0.7793983,-0.66100067,-1.448816,-3.0416303,-0.6686348,-1.7859672,1.0003039,-3.4562714,1.5433983,0.3383922,-1.8067815,1.5216775,0.20619288,-0.45003843,-0.35971168,-2.823629,-2.113787,0.48187426,-1.1701148,-1.8017316,2.9465249,-0.73370725,-0.13288718,2.2945693,-0.97588706,1.0013628,2.8346822,-0.80821097,-1.0905161,-0.7456946,-0.03284143,-2.1228108,1.6495993,-1.2562983,1.5861703,1.8695445,0.79759216,-0.4428325,-2.1251364,-0.5336228,0.026950207,-0.14913589,-0.2310167,0.6722152,1.0557669,1.8635821,2.165711,-1.6708841,-1.9547894,1.698403,2.7954946,-0.13365145,-0.1559338,-2.0584092,-2.325334,-2.9178553,1.0222557,1.7265967,2.007151,1.650785,0.63327414,-1.9661832,-1.9322474,-1.5904274,2.466051,0.4714324,0.12064482,1.4665644,-0.66158044,2.7214072,1.595145,-3.117781,-2.3197525,-0.19776456,-1.6574444,1.7090545,2.464808,-1.1771657,-1.9033982,1.4914297,-1.3534919,-0.60398346,-0.058002755
215,0.6963749,0.50644594,0.437934,-0.7412611,0.48906472,0.70312345,-0.60325927,0.12005235,-0.5862218,0.61100274,1.4236139,-0.6270926,-0.67947537,-0.46540356,0.10457399,0.19311698,-0.42974913,-0.00020599365,-0.59385574,-0.36309218,0.48768294,-0.21609777,1.3354067,0.6397651,-0.7743203,0.79220587,0.2568772,0.6846148,0.62242424,-0.6292934,-0.17006099,-0.17896438,-0.3389008,-0.49879086,0.14185463,1.0728892,-0.36166048,-0.57815397,-0.61361414,0.3425103,-0.5042516,-0.63408256,-0.7488537,0.6898337,0.25115648,-0.67239124,0.67494154,-0.5871098,0.40074605,1.0270381,-0.16952235,-0.8630223,-0.7675625,-0.758939,0.11036646,-0.12305945,0.8093244,0.5603541,-0.58038616,-0.21566552,-0.15713185,0.6481197,-0.34592897,0.385301,-0.047407687,0.003986556,1.0454936,0.3618377,0.95248884,-0.35190105,0.9434544,0.52531695,1.0713439,0.976468,-0.24178284,0.77750087,-0.14087129,0.87149143,0.4960737,-0.5259104,0.74252504,0.71635365,-0.43738914,-0.42492956,1.3302739,-0.35703254,-0.23599786,-0.3445812,0.7412821,0.2614913,-0.24928021,-0.19003367,0.50467783,-0.56389046,0.8028996,-0.4409737,-0.8624314,0.30447364,-0.28149313,-0.4965765,-0.6820009,-0.4842692,0.8504989,0.6538959,0.6781881,-0.15844685,0.6031498,0.49523586,-0.10729492,0.23090738,-0.60620844,1.2564288,-0.6457622,1.5274904,-0.4156279,0.030208342,0.31434476,-0.060676396,1.0352076,-0.46194565,-0.3253836,0.31827432,-0.31927353,-0.18346351,-0.6073068,-0.1673274,-0.46808952,-0.7864762,-0.2921332,-0.60777235,-0.3016862,-0.13154319,1.633458,2.286007,-1.6064556,0.31073424,0.8421908,-1.4907851,1.7358922,-0.12776849,-0.42548817,-3.327165,1.5963684,-0.8237171,1.3789858,4.076952,1.5647748,1.178154,-1.2193732,-0.6960829,-3.049759,-1.2283275,-0.13705577,2.6962848,2.987954,0.90939015,-1.2028068,-0.9470651,-1.9695561,-1.7047064,0.6531113,0.6852079,-0.16915715,1.6390631,1.653579,2.328595,2.957743,-1.0269651,-1.4979239,-0.47746214,-1.962206,-1.5919974,-0.36454785,-0.7793983,-0.66100067,-1.448816,-3.0416303,-0.6686348,-1.7859672,1.0003039,-3.4562714,1.5433983,0.3383922,-1.8067815,1.5216775,0.20619288,-0.45003843,-0.35971168,-2.823629,-2.113787,0.48187426,-1.1701148,-1.8017316,2.9465249,-0.73370725,-0.13288718,2.2945693,-0.97588706,1.0013628,2.8346822,-0.80821097,-1.0905161,-0.7456946,-0.03284143,-2.1228108,1.6495993,-1.2562983,1.5861703,1.8695445,0.79759216,-0.4428325,-2.1251364,-0.5336228,0.026950207,-0.14913589,-0.2310167,0.6722152,1.0557669,1.8635821,2.165711,-1.6708841,-1.9547894,1.698403,2.7954946,-0.13365145,-0.1559338,-2.0584092,-2.325334,-2.9178553,1.0222557,1.7265967,2.007151,1.650785,0.63327414,-1.9661832,-1.9322474,-1.5904274,2.466051,0.4714324,0.12064482,1.4665644,-0.66158044,2.7214072,1.595145,-3.117781,-2.3197525,-0.19776456,-1.6574444,1.7090545,2.464808,-1.1771657,-1.9033982,1.4914297,-1.3534919,-0.60398346,-0.058002755
216,0.6963749,0.50644594,0.437934,-0.7412611,0.48906472,0.70312345,-0.60325927,0.12005235,-0.5862218,0.61100274,1.4236139,-0.6270926,-0.67947537,-0.46540356,0.10457399,0.19311698,-0.42974913,-0.00020599365,-0.59385574,-0.36309218,0.48768294,-0.21609777,1.3354067,0.6397651,-0.7743203,0.79220587,0.2568772,0.6846148,0.62242424,-0.6292934,-0.17006099,-0.17896438,-0.3389008,-0.49879086,0.14185463,1.0728892,-0.36166048,-0.57815397,-0.61361414,0.3425103,-0.5042516,-0.63408256,-0.7488537,0.6898337,0.25115648,-0.67239124,0.67494154,-0.5871098,0.40074605,1.0270381,-0.16952235,-0.8630223,-0.7675625,-0.758939,0.11036646,-0.12305945,0.8093244,0.5603541,-0.58038616,-0.21566552,-0.15713185,0.6481197,-0.34592897,0.385301,-0.047407687,0.003986556,1.0454936,0.3618377,0.95248884,-0.35190105,0.9434544,0.52531695,1.0713439,0.976468,-0.24178284,0.77750087,-0.14087129,0.87149143,0.4960737,-0.5259104,0.74252504,0.71635365,-0.43738914,-0.42492956,1.3302739,-0.35703254,-0.23599786,-0.3445812,0.7412821,0.2614913,-0.24928021,-0.19003367,0.50467783,-0.56389046,0.8028996,-0.4409737,-0.8624314,0.30447364,-0.28149313,-0.4965765,-0.6820009,-0.4842692,0.8504989,0.6538959,0.6781881,-0.15844685,0.6031498,0.49523586,-0.10729492,0.23090738,-0.60620844,1.2564288,-0.6457622,1.5274904,-0.4156279,0.030208342,0.31434476,-0.060676396,1.0352076,-0.46194565,-0.3253836,0.31827432,-0.31927353,-0.18346351,-0.6073068,-0.1673274,-0.46808952,-0.7864762,-0.2921332,-0.60777235,-0.3016862,-0.13154319,1.633458,2.286007,-1.6064556,0.31073424,0.8421908,-1.4907851,1.7358922,-0.12776849,-0.42548817,-3.327165,1.5963684,-0.8237171,1.3789858,4.076952,1.5647748,1.178154,-1.2193732,-0.6960829,-3.049759,-1.2283275,-0.13705577,2.6962848,2.987954,0.90939015,-1.2028068,-0.9470651,-1.9695561,-1.7047064,0.6531113,0.6852079,-0.16915715,1.6390631,1.653579,2.328595,2.957743,-1.0269651,-1.4979239,-0.47746214,-1.962206,-1.5919974,-0.36454785,-0.7793983,-0.66100067,-1.448816,-3.0416303,-0.6686348,-1.7859672,1.0003039,-3.4562714,1.5433983,0.3383922,-1.8067815,1.5216775,0.20619288,-0.45003843,-0.35971168,-2.823629,-2.113787,0.48187426,-1.1701148,-1.8017316,2.9465249,-0.73370725,-0.13288718,2.2945693,-0.97588706,1.0013628,2.8346822,-0.80821097,-1.0905161,-0.7456946,-0.03284143,-2.1228108,1.6495993,-1.2562983,1.5861703,1.8695445,0.79759216,-0.4428325,-2.1251364,-0.5336228,0.026950207,-0.14913589,-0.2310167,0.6722152,1.0557669,1.8635821,2.165711,-1.6708841,-1.9547894,1.698403,2.7954946,-0.13365145,-0.1559338,-2.0584092,-2.325334,-2.9178553,1.0222557,1.7265967,2.007151,1.650785,0.63327414,-1.9661832,-1.9322474,-1.5904274,2.466051,0.4714324,0.12064482,1.4665644,-0.66158044,2.7214072,1.595145,-3.117781,-2.3197525,-0.19776456,-1.6574444,1.7090545,2.464808,-1.1771657,-1.9033982,1.4914297,-1.3534919,-0.60398346,-0.058002755
217,0.6963749,0.50644594,0.437934,-0.7412611,0.48906472,0.70312345,-0.60325927,0.12005235,-0.5862218,0.61100274,1.4236139,-0.6270926,-0.67947537,-0.46540356,0.10457399,0.19311698,-0.42974913,-0.00020599365,-0.59385574,-0.36309218,0.48768294,-0.21609777,1.3354067,0.6397651,-0.7743203,0.79220587,0.2568772,0.6846148,0.62242424,-0.6292934,-0.17006099,-0.17896438,-0.3389008,-0.49879086,0.14185463,1.0728892,-0.36166048,-0.57815397,-0.61361414,0.3425103,-0.5042516,-0.63408256,-0.7488537,0.6898337,0.25115648,-0.67239124,0.67494154,-0.5871098,0.40074605,1.0270381,-0.16952235,-0.8630223,-0.7675625,-0.758939,0.11036646,-0.12305945,0.8093244,0.5603541,-0.58038616,-0.21566552,-0.15713185,0.6481197,-0.34592897,0.385301,-0.047407687,0.003986556,1.0454936,0.3618377,0.95248884,-0.35190105,0.9434544,0.52531695,1.0713439,0.976468,-0.24178284,0.77750087,-0.14087129,0.87149143,0.4960737,-0.5259104,0.74252504,0.71635365,-0.43738914,-0.42492956,1.3302739,-0.35703254,-0.23599786,-0.3445812,0.7412821,0.2614913,-0.24928021,-0.19003367,0.50467783,-0.56389046,0.8028996,-0.4409737,-0.8624314,0.30447364,-0.28149313,-0.4965765,-0.6820009,-0.4842692,0.8504989,0.6538959,0.6781881,-0.15844685,0.6031498,0.49523586,-0.10729492,0.23090738,-0.60620844,1.2564288,-0.6457622,1.5274904,-0.4156279,0.030208342,0.31434476,-0.060676396,1.0352076,-0.46194565,-0.3253836,0.31827432,-0.31927353,-0.18346351,-0.6073068,-0.1673274,-0.46808952,-0.7864762,-0.2921332,-0.60777235,-0.3016862,-0.13154319,1.633458,2.286007,-1.6064556,0.31073424,0.8421908,-1.4907851,1.7358922,-0.12776849,-0.42548817,-3.327165,1.5963684,-0.8237171,1.3789858,4.076952,1.5647748,1.178154,-1.2193732,-0.6960829,-3.049759,-1.2283275,-0.13705577,2.6962848,2.987954,0.90939015,-1.2028068,-0.9470651,-1.9695561,-1.7047064,0.6531113,0.6852079,-0.16915715,1.6390631,1.653579,2.328595,2.957743,-1.0269651,-1.4979239,-0.47746214,-1.962206,-1.5919974,-0.36454785,-0.7793983,-0.66100067,-1.448816,-3.0416303,-0.6686348,-1.7859672,1.0003039,-3.4562714,1.5433983,0.3383922,-1.8067815,1.5216775,0.20619288,-0.45003843,-0.35971168,-2.823629,-2.113787,0.48187426,-1.1701148,-1.8017316,2.9465249,-0.73370725,-0.13288718,2.2945693,-0.97588706,1.0013628,2.8346822,-0.80821097,-1.0905161,-0.7456946,-0.03284143,-2.1228108,1.6495993,-1.2562983,1.5861703,1.8695445,0.79759216,-0.4428325,-2.1251364,-0.5336228,0.026950207,-0.14913589,-0.2310167,0.6722152,1.0557669,1.8635821,2.165711,-1.6708841,-1.9547894,1.698403,2.7954946,-0.13365145,-0.1559338,-2.0584092,-2.325334,-2.9178553,1.0222557,1.7265967,2.007151,1.650785,0.63327414,-1.9661832,-1.9322474,-1.5904274,2.466051,0.4714324,0.12064482,1.4665644,-0.66158044,2.7214072,1.595145,-3.117781,-2.3197525,-0.19776456,-1.6574444,1.7090545,2.464808,-1.1771657,-1.9033982,1.4914297,-1.3534919,-0.60398346,-0.058002755
218,0.6963749,0.50644594,0.437934,-0.7412611,0.48906472,0.70312345,-0.60325927,0.12005235,-0.5862218,0.61100274,1.4236139,-0.6270926,-0.67947537,-0.46540356,0.10457399,0.19311698,-0.42974913,-0.00020599365,-0.59385574,-0.36309218,0.48768294,-0.21609777,1.3354067,0.6397651,-0.7743203,0.79220587,0.2568772,0.6846148,0.62242424,-0.6292934,-0.17006099,-0.17896438,-0.3389008,-0.49879086,0.14185463,1.0728892,-0.36166048,-0.57815397,-0.61361414,0.3425103,-0.5042516,-0.63408256,-0.7488537,0.6898337,0.25115648,-0.67239124,0.67494154,-0.5871098,0.40074605,1.0270381,-0.16952235,-0.8630223,-0.7675625,-0.758939,0.11036646,-0.12305945,0.8093244,0.5603541,-0.58038616,-0.21566552,-0.15713185,0.6481197,-0.34592897,0.385301,-0.047407687,0.003986556,1.0454936,0.3618377,0.95248884,-0.35190105,0.9434544,0.52531695,1.0713439,0.976468,-0.24178284,0.77750087,-0.14087129,0.87149143,0.4960737,-0.5259104,0.74252504,0.71635365,-0.43738914,-0.42492956,1.3302739,-0.35703254,-0.23599786,-0.3445812,0.7412821,0.2614913,-0.24928021,-0.19003367,0.50467783,-0.56389046,0.8028996,-0.4409737,-0.8624314,0.30447364,-0.28149313,-0.4965765,-0.6820009,-0.4842692,0.8504989,0.6538959,0.6781881,-0.15844685,0.6031498,0.49523586,-0.10729492,0.23090738,-0.60620844,1.2564288,-0.6457622,1.5274904,-0.4156279,0.030208342,0.31434476,-0.060676396,1.0352076,-0.46194565,-0.3253836,0.31827432,-0.31927353,-0.18346351,-0.6073068,-0.1673274,-0.46808952,-0.7864762,-0.2921332,-0.60777235,-0.3016862,-0.13154319,1.633458,2.286007,-1.6064556,0.31073424,0.8421908,-1.4907851,1.7358922,-0.12776849,-0.42548817,-3.327165,1.5963684,-0.8237171,1.3789858,4.076952,1.5647748,1.178154,-1.2193732,-0.6960829,-3.049759,-1.2283275,-0.13705577,2.6962848,2.987954,0.90939015,-1.2028068,-0.9470651,-1.9695561,-1.7047064,0.6531113,0.6852079,-0.16915715,1.6390631,1.653579,2.328595,2.957743,-1.0269651,-1.4979239,-0.47746214,-1.962206,-1.5919974,-0.36454785,-0.7793983,-0.66100067,-1.448816,-3.0416303,-0.6686348,-1.7859672,1.0003039,-3.4562714,1.5433983,0.3383922,-1.8067815,1.5216775,0.20619288,-0.45003843,-0.35971168,-2.823629,-2.113787,0.48187426,-1.1701148,-1.8017316,2.9465249,-0.73370725,-0.13288718,2.2945693,-0.97588706,1.0013628,2.8346822,-0.80821097,-1.0905161,-0.7456946,-0.03284143,-2.1228108,1.6495993,-1.2562983,1.5861703,1.8695445,0.79759216,-0.4428325,-2.1251364,-0.5336228,0.026950207,-0.14913589,-0.2310167,0.6722152,1.0557669,1.8635821,2.165711,-1.6708841,-1.9547894,1.698403,2.7954946,-0.13365145,-0.1559338,-2.0584092,-2.325334,-2.9178553,1.0222557,1.7265967,2.007151,1.650785,0.63327414,-1.9661832,-1.9322474,-1.5904274,2.466051,0.4714324,0.12064482,1.4665644,-0.66158044,2.7214072,1.595145,-3.117781,-2.3197525,-0.19776456,-1.6574444,1.7090545,2.464808,-1.1771657,-1.9033982,1.4914297,-1.3534919,-0.60398346,-0.058002755
219,0.6963749,0.50644594,0.437934,-0.7412611,0.48906472,0.70312345,-0.60325927,0.12005235,-0.5862218,0.61100274,1.4236139,-0.6270926,-0.67947537,-0.46540356,0.10457399,0.19311698,-0.42974913,-0.00020599365,-0.59385574,-0.36309218,0.48768294,-0.21609777,1.3354067,0.6397651,-0.7743203,0.79220587,0.2568772,0.6846148,0.62242424,-0.6292934,-0.17006099,-0.17896438,-0.3389008,-0.49879086,0.14185463,1.0728892,-0.36166048,-0.57815397,-0.61361414,0.3425103,-0.5042516,-0.63408256,-0.7488537,0.6898337,0.25115648,-0.67239124,0.67494154,-0.5871098,0.40074605,1.0270381,-0.16952235,-0.8630223,-0.7675625,-0.758939,0.11036646,-0.12305945,0.8093244,0.5603541,-0.58038616,-0.21566552,-0.15713185,0.6481197,-0.34592897,0.385301,-0.047407687,0.003986556,1.0454936,0.3618377,0.95248884,-0.35190105,0.9434544,0.52531695,1.0713439,0.976468,-0.24178284,0.77750087,-0.14087129,0.87149143,0.4960737,-0.5259104,0.74252504,0.71635365,-0.43738914,-0.42492956,1.3302739,-0.35703254,-0.23599786,-0.3445812,0.7412821,0.2614913,-0.24928021,-0.19003367,0.50467783,-0.56389046,0.8028996,-0.4409737,-0.8624314,0.30447364,-0.28149313,-0.4965765,-0.6820009,-0.4842692,0.8504989,0.6538959,0.6781881,-0.15844685,0.6031498,0.49523586,-0.10729492,0.23090738,-0.60620844,1.2564288,-0.6457622,1.5274904,-0.4156279,0.030208342,0.31434476,-0.060676396,1.0352076,-0.46194565,-0.3253836,0.31827432,-0.31927353,-0.18346351,-0.6073068,-0.1673274,-0.46808952,-0.7864762,-0.2921332,-0.60777235,-0.3016862,-0.13154319,1.633458,2.286007,-1.6064556,0.31073424,0.8421908,-1.4907851,1.7358922,-0.12776849,-0.42548817,-3.327165,1.5963684,-0.8237171,1.3789858,4.076952,1.5647748,1.178154,-1.2193732,-0.6960829,-3.049759,-1.2283275,-0.13705577,2.6962848,2.987954,0.90939015,-1.2028068,-0.9470651,-1.9695561,-1.7047064,0.6531113,0.6852079,-0.16915715,1.6390631,1.653579,2.328595,2.957743,-1.0269651,-1.4979239,-0.47746214,-1.962206,-1.5919974,-0.36454785,-0.7793983,-0.66100067,-1.448816,-3.0416303,-0.6686348,-1.7859672,1.0003039,-3.4562714,1.5433983,0.3383922,-1.8067815,1.5216775,0.20619288,-0.45003843,-0.35971168,-2.823629,-2.113787,0.48187426,-1.1701148,-1.8017316,2.9465249,-0.73370725,-0.13288718,2.2945693,-0.97588706,1.0013628,2.8346822,-0.80821097,-1.0905161,-0.7456946,-0.03284143,-2.1228108,1.6495993,-1.2562983,1.5861703,1.8695445,0.79759216,-0.4428325,-2.1251364,-0.5336228,0.026950207,-0.14913589,-0.2310167,0.6722152,1.0557669,1.8635821,2.165711,-1.6708841,-1.9547894,1.698403,2.7954946,-0.13365145,-0.1559338,-2.0584092,-2.325334,-2.9178553,1.0222557,1.7265967,2.007151,1.650785,0.63327414,-1.9661832,-1.9322474,-1.5904274,2.466051,0.4714324,0.12064482,1.4665644,-0.66158044,2.7214072,1.595145,-3.117781,-2.3197525,-0.19776456,-1.6574444,1.7090545,2.464808,-1.1771657,-1.9033982,1.4914297,-1.3534919,-0.60398346,-0.058002755
220,0.6963749,0.50644594,0.437934,-0.7412611,0.48906472,0.70312345,-0.60325927,0.12005235,-0.5862218,0.61100274,1.4236139,-0.6270926,-0.67947537,-0.46540356,0.10457399,0.19311698,-0.42974913,-0.00020599365,-0.59385574,-0.36309218,0.48768294,-0.21609777,1.3354067,0.6397651,-0.7743203,0.79220587,0.2568772,0.6846148,0.62242424,-0.6292934,-0.17006099,-0.17896438,-0.3389008,-0.49879086,0.14185463,1.0728892,-0.36166048,-0.57815397,-0.61361414,0.3425103,-0.5042516,-0.63408256,-0.7488537,0.6898337,0.25115648,-0.67239124,0.67494154,-0.5871098,0.40074605,1.0270381,-0.16952235,-0.8630223,-0.7675625,-0.758939,0.11036646,-0.12305945,0.8093244,0.5603541,-0.58038616,-0.21566552,-0.15713185,0.6481197,-0.34592897,0.385301,-0.047407687,0.003986556,1.0454936,0.3618377,0.95248884,-0.35190105,0.9434544,0.52531695,1.0713439,0.976468,-0.24178284,0.77750087,-0.14087129,0.87149143,0.4960737,-0.5259104,0.74252504,0.71635365,-0.43738914,-0.42492956,1.3302739,-0.35703254,-0.23599786,-0.3445812,0.7412821,0.2614913,-0.24928021,-0.19003367,0.50467783,-0.56389046,0.8028996,-0.4409737,-0.8624314,0.30447364,-0.28149313,-0.4965765,-0.6820009,-0.4842692,0.8504989,0.6538959,0.6781881,-0.15844685,0.6031498,0.49523586,-0.10729492,0.23090738,-0.60620844,1.2564288,-0.6457622,1.5274904,-0.4156279,0.030208342,0.31434476,-0.060676396,1.0352076,-0.46194565,-0.3253836,0.31827432,-0.31927353,-0.18346351,-0.6073068,-0.1673274,-0.46808952,-0.7864762,-0.2921332,-0.60777235,-0.3016862,-0.13154319,1.633458,2.286007,-1.6064556,0.31073424,0.8421908,-1.4907851,1.7358922,-0.12776849,-0.42548817,-3.327165,1.5963684,-0.8237171,1.3789858,4.076952,1.5647748,1.178154,-1.2193732,-0.6960829,-3.049759,-1.2283275,-0.13705577,2.6962848,2.987954,0.90939015,-1.2028068,-0.9470651,-1.9695561,-1.7047064,0.6531113,0.6852079,-0.16915715,1.6390631,1.653579,2.328595,2.957743,-1.0269651,-1.4979239,-0.47746214,-1.962206,-1.5919974,-0.36454785,-0.7793983,-0.66100067,-1.448816,-3.0416303,-0.6686348,-1.7859672,1.0003039,-3.4562714,1.5433983,0.3383922,-1.8067815,1.5216775,0.20619288,-0.45003843,-0.35971168,-2.823629,-2.113787,0.48187426,-1.1701148,-1.8017316,2.9465249,-0.73370725,-0.13288718,2.2945693,-0.97588706,1.0013628,2.8346822,-0.80821097,-1.0905161,-0.7456946,-0.03284143,-2.1228108,1.6495993,-1.2562983,1.5861703,1.8695445,0.79759216,-0.4428325,-2.1251364,-0.5336228,0.026950207,-0.14913589,-0.2310167,0.6722152,1.0557669,1.8635821,2.165711,-1.6708841,-1.9547894,1.698403,2.7954946,-0.13365145,-0.1559338,-2.0584092,-2.325334,-2.9178553,1.0222557,1.7265967,2.007151,1.650785,0.63327414,-1.9661832,-1.9322474,-1.5904274,2.466051,0.4714324,0.12064482,1.4665644,-0.66158044,2.7214072,1.595145,-3.117781,-2.3197525,-0.19776456,-1.6574444,1.7090545,2.464808,-1.1771657,-1.9033982,1.4914297,-1.3534919,-0.60398346,-0.058002755
221,0.7167964,0.5016422,0.43372947,-0.74667907,0.4859007,0.71629363,-0.6089493,0.102473736,-0.583459,0.6328625,1.4365684,-0.6273315,-0.6888359,-0.46789813,0.1252051,0.18518434,-0.4328704,0.013226701,-0.58907145,-0.3788017,0.47718644,-0.20713323,1.3500621,0.62940234,-0.77364546,0.7965604,0.24024436,0.6630512,0.61091805,-0.6322359,-0.15459764,-0.20478964,-0.33024216,-0.4980569,0.14710337,1.0792828,-0.37960154,-0.57545555,-0.62446666,0.34918875,-0.5119873,-0.6296754,-0.7555177,0.69560945,0.2563023,-0.6794455,0.6804446,-0.59178877,0.41637212,1.0440807,-0.17051136,-0.86816466,-0.763305,-0.7649424,0.12611298,-0.095694244,0.8301965,0.5633403,-0.5868318,-0.22208321,-0.15689683,0.6525575,-0.35258925,0.4035952,-0.046376824,0.047869243,1.0466816,0.36670282,0.96189797,-0.36063093,0.95296437,0.5272956,1.08528,0.9917442,-0.20563948,0.7719221,-0.14841616,0.9020641,0.53178406,-0.52761996,0.75898075,0.7285838,-0.4470089,-0.41990864,1.3408933,-0.3528514,-0.23720062,-0.34120947,0.76500535,0.26802316,-0.23859906,-0.19002557,0.5154921,-0.5670241,0.82054126,-0.43323022,-0.86345595,0.27518898,-0.2884524,-0.5015792,-0.6874765,-0.4834624,0.8720501,0.65137637,0.68966866,-0.15261555,0.61392456,0.5195353,-0.10999322,0.24253169,-0.6172477,1.2740738,-0.6509473,1.5322096,-0.42688805,0.027297914,0.30370334,-0.054568768,1.0254989,-0.45109773,-0.31649518,0.3243331,-0.31985152,-0.18740982,-0.6086537,-0.16140312,-0.4553939,-0.7897324,-0.20171894,-0.71253836,-1.0056207,-0.12933356,1.527039,1.9365187,-1.8156023,0.63172275,0.37345356,-1.2531389,1.3827409,-0.8053515,-1.3634174,-2.1121604,1.1225969,-0.73129976,0.73505837,3.0827317,0.91082144,1.0371904,-0.76461285,-0.7568993,-1.9445608,-0.6874501,0.7061259,1.8332753,2.3054247,0.55023813,-0.8156895,-0.9983365,-0.8907809,-1.3041265,0.33533067,0.7486515,0.16884121,1.024831,0.44323358,2.3157403,2.186122,-0.46311855,-1.4813079,-0.10480294,-1.0384852,-2.0710542,-0.6591766,-0.7461562,-0.14196575,-0.8184702,-1.7774838,-0.72326416,-0.15149893,0.60325944,-2.4853256,1.0218078,0.72120064,-1.5615693,1.1291941,0.86342144,-0.7064594,-0.7451225,-1.0092131,-1.8748273,-0.10177275,-1.366909,-2.086798,2.2643769,-0.21695623,-0.31435916,1.2612671,-0.90126413,0.23867553,1.3597758,-0.84491366,-0.7515221,-0.82010955,-0.90004617,-1.435659,1.2157239,-1.3603655,1.4028803,0.61952394,0.23437756,-0.17359711,-1.6004544,-0.5484437,-0.10581106,-0.45616734,-0.14328533,-0.32597074,0.63587004,1.4061223,1.6214049,-0.6107692,-2.3139777,1.0030053,2.123096,-0.14672554,-0.5495788,-1.4482857,-1.4530327,-2.476126,0.28754196,0.8773196,1.4355431,0.79203045,1.0360042,-1.4795727,-1.7084287,-1.3698918,2.262233,0.6664638,0.6095918,0.96204615,-0.8812284,1.4706844,1.5310363,-2.6648772,-2.1681166,-0.050340883,-0.6303656,1.8331463,1.8895135,-0.5610272,-1.9403687,0.079139456,-1.7315066,-0.4866237,-0.49432674
222,0.6963749,0.50644594,0.437934,-0.7412611,0.48906472,0.70312345,-0.60325927,0.12005235,-0.5862218,0.61100274,1.4236139,-0.6270926,-0.67947537,-0.46540356,0.10457399,0.19311698,-0.42974913,-0.00020599365,-0.59385574,-0.36309218,0.48768294,-0.21609777,1.3354067,0.6397651,-0.7743203,0.79220587,0.2568772,0.6846148,0.62242424,-0.6292934,-0.17006099,-0.17896438,-0.3389008,-0.49879086,0.14185463,1.0728892,-0.36166048,-0.57815397,-0.61361414,0.3425103,-0.5042516,-0.63408256,-0.7488537,0.6898337,0.25115648,-0.67239124,0.67494154,-0.5871098,0.40074605,1.0270381,-0.16952235,-0.8630223,-0.7675625,-0.758939,0.11036646,-0.12305945,0.8093244,0.5603541,-0.58038616,-0.21566552,-0.15713185,0.6481197,-0.34592897,0.385301,-0.047407687,0.003986556,1.0454936,0.3618377,0.95248884,-0.35190105,0.9434544,0.52531695,1.0713439,0.976468,-0.24178284,0.77750087,-0.14087129,0.87149143,0.4960737,-0.5259104,0.74252504,0.71635365,-0.43738914,-0.42492956,1.3302739,-0.35703254,-0.23599786,-0.3445812,0.7412821,0.2614913,-0.24928021,-0.19003367,0.50467783,-0.56389046,0.8028996,-0.4409737,-0.8624314,0.30447364,-0.28149313,-0.4965765,-0.6820009,-0.4842692,0.8504989,0.6538959,0.6781881,-0.15844685,0.6031498,0.49523586,-0.10729492,0.23090738,-0.60620844,1.2564288,-0.6457622,1.5274904,-0.4156279,0.030208342,0.31434476,-0.060676396,1.0352076,-0.46194565,-0.3253836,0.31827432,-0.31927353,-0.18346351,-0.6073068,-0.1673274,-0.46808952,-0.7864762,-0.2921332,-0.60777235,-0.3016862,-0.13154319,1.633458,2.286007,-1.6064556,0.31073424,0.8421908,-1.4907851,1.7358922,-0.12776849,-0.42548817,-3.327165,1.5963684,-0.8237171,1.3789858,4.076952,1.5647748,1.178154,-1.2193732,-0.6960829,-3.049759,-1.2283275,-0.13705577,2.6962848,2.987954,0.90939015,-1.2028068,-0.9470651,-1.9695561,-1.7047064,0.6531113,0.6852079,-0.16915715,1.6390631,1.653579,2.328595,2.957743,-1.0269651,-1.4979239,-0.47746214,-1.962206,-1.5919974,-0.36454785,-0.7793983,-0.66100067,-1.448816,-3.0416303,-0.6686348,-1.7859672,1.0003039,-3.4562714,1.5433983,0.3383922,-1.8067815,1.5216775,0.20619288,-0.45003843,-0.35971168,-2.823629,-2.113787,0.48187426,-1.1701148,-1.8017316,2.9465249,-0.73370725,-0.13288718,2.2945693,-0.97588706,1.0013628,2.8346822,-0.80821097,-1.0905161,-0.7456946,-0.03284143,-2.1228108,1.6495993,-1.2562983,1.5861703,1.8695445,0.79759216,-0.4428325,-2.1251364,-0.5336228,0.026950207,-0.14913589,-0.2310167,0.6722152,1.0557669,1.8635821,2.165711,-1.6708841,-1.9547894,1.698403,2.7954946,-0.13365145,-0.1559338,-2.0584092,-2.325334,-2.9178553,1.0222557,1.7265967,2.007151,1.650785,0.63327414,-1.9661832,-1.9322474,-1.5904274,2.466051,0.4714324,0.12064482,1.4665644,-0.66158044,2.7214072,1.595145,-3.117781,-2.3197525,-0.19776456,-1.6574444,1.7090545,2.464808,-1.1771657,-1.9033982,1.4914297,-1.3534919,-0.60398346,-0.058002755
223,0.6963749,0.50644594,0.437934,-0.7412611,0.48906472,0.70312345,-0.60325927,0.12005235,-0.5862218,0.61100274,1.4236139,-0.6270926,-0.67947537,-0.46540356,0.10457399,0.19311698,-0.42974913,-0.00020599365,-0.59385574,-0.36309218,0.48768294,-0.21609777,1.3354067,0.6397651,-0.7743203,0.79220587,0.2568772,0.6846148,0.62242424,-0.6292934,-0.17006099,-0.17896438,-0.3389008,-0.49879086,0.14185463,1.0728892,-0.36166048,-0.57815397,-0.61361414,0.3425103,-0.5042516,-0.63408256,-0.7488537,0.6898337,0.25115648,-0.67239124,0.67494154,-0.5871098,0.40074605,1.0270381,-0.16952235,-0.8630223,-0.7675625,-0.758939,0.11036646,-0.12305945,0.8093244,0.5603541,-0.58038616,-0.21566552,-0.15713185,0.6481197,-0.34592897,0.385301,-0.047407687,0.003986556,1.0454936,0.3618377,0.95248884,-0.35190105,0.9434544,0.52531695,1.0713439,0.976468,-0.24178284,0.77750087,-0.14087129,0.87149143,0.4960737,-0.5259104,0.74252504,0.71635365,-0.43738914,-0.42492956,1.3302739,-0.35703254,-0.23599786,-0.3445812,0.7412821,0.2614913,-0.24928021,-0.19003367,0.50467783,-0.56389046,0.8028996,-0.4409737,-0.8624314,0.30447364,-0.28149313,-0.4965765,-0.6820009,-0.4842692,0.8504989,0.6538959,0.6781881,-0.15844685,0.6031498,0.49523586,-0.10729492,0.23090738,-0.60620844,1.2564288,-0.6457622,1.5274904,-0.4156279,0.030208342,0.31434476,-0.060676396,1.0352076,-0.46194565,-0.3253836,0.31827432,-0.31927353,-0.18346351,-0.6073068,-0.1673274,-0.46808952,-0.7864762,-0.2921332,-0.60777235,-0.3016862,-0.13154319,1.633458,2.286007,-1.6064556,0.31073424,0.8421908,-1.4907851,1.7358922,-0.12776849,-0.42548817,-3.327165,1.5963684,-0.8237171,1.3789858,4.076952,1.5647748,1.178154,-1.2193732,-0.6960829,-3.049759,-1.2283275,-0.13705577,2.6962848,2.987954,0.90939015,-1.2028068,-0.9470651,-1.9695561,-1.7047064,0.6531113,0.6852079,-0.16915715,1.6390631,1.653579,2.328595,2.957743,-1.0269651,-1.4979239,-0.47746214,-1.962206,-1.5919974,-0.36454785,-0.7793983,-0.66100067,-1.448816,-3.0416303,-0.6686348,-1.7859672,1.0003039,-3.4562714,1.5433983,0.3383922,-1.8067815,1.5216775,0.20619288,-0.45003843,-0.35971168,-2.823629,-2.113787,0.48187426,-1.1701148,-1.8017316,2.9465249,-0.73370725,-0.13288718,2.2945693,-0.97588706,1.0013628,2.8346822,-0.80821097,-1.0905161,-0.7456946,-0.03284143,-2.1228108,1.6495993,-1.2562983,1.5861703,1.8695445,0.79759216,-0.4428325,-2.1251364,-0.5336228,0.026950207,-0.14913589,-0.2310167,0.6722152,1.0557669,1.8635821,2.165711,-1.6708841,-1.9547894,1.698403,2.7954946,-0.13365145,-0.1559338,-2.0584092,-2.325334,-2.9178553,1.0222557,1.7265967,2.007151,1.650785,0.63327414,-1.9661832,-1.9322474,-1.5904274,2.466051,0.4714324,0.12064482,1.4665644,-0.66158044,2.7214072,1.595145,-3.117781,-2.3197525,-0.19776456,-1.6574444,1.7090545,2.464808,-1.1771657,-1.9033982,1.4914297,-1.3534919,-0.60398346,-0.058002755
224,0.6963749,0.50644594,0.437934,-0.7412611,0.48906472,0.70312345,-0.60325927,0.12005235,-0.5862218,0.61100274,1.4236139,-0.6270926,-0.67947537,-0.46540356,0.10457399,0.19311698,-0.42974913,-0.00020599365,-0.59385574,-0.36309218,0.48768294,-0.21609777,1.3354067,0.6397651,-0.7743203,0.79220587,0.2568772,0.6846148,0.62242424,-0.6292934,-0.17006099,-0.17896438,-0.3389008,-0.49879086,0.14185463,1.0728892,-0.36166048,-0.57815397,-0.61361414,0.3425103,-0.5042516,-0.63408256,-0.7488537,0.6898337,0.25115648,-0.67239124,0.67494154,-0.5871098,0.40074605,1.0270381,-0.16952235,-0.8630223,-0.7675625,-0.758939,0.11036646,-0.12305945,0.8093244,0.5603541,-0.58038616,-0.21566552,-0.15713185,0.6481197,-0.34592897,0.385301,-0.047407687,0.003986556,1.0454936,0.3618377,0.95248884,-0.35190105,0.9434544,0.52531695,1.0713439,0.976468,-0.24178284,0.77750087,-0.14087129,0.87149143,0.4960737,-0.5259104,0.74252504,0.71635365,-0.43738914,-0.42492956,1.3302739,-0.35703254,-0.23599786,-0.3445812,0.7412821,0.2614913,-0.24928021,-0.19003367,0.50467783,-0.56389046,0.8028996,-0.4409737,-0.8624314,0.30447364,-0.28149313,-0.4965765,-0.6820009,-0.4842692,0.8504989,0.6538959,0.6781881,-0.15844685,0.6031498,0.49523586,-0.10729492,0.23090738,-0.60620844,1.2564288,-0.6457622,1.5274904,-0.4156279,0.030208342,0.31434476,-0.060676396,1.0352076,-0.46194565,-0.3253836,0.31827432,-0.31927353,-0.18346351,-0.6073068,-0.1673274,-0.46808952,-0.7864762,-0.2921332,-0.60777235,-0.3016862,-0.13154319,1.633458,2.286007,-1.6064556,0.31073424,0.8421908,-1.4907851,1.7358922,-0.12776849,-0.42548817,-3.327165,1.5963684,-0.8237171,1.3789858,4.076952,1.5647748,1.178154,-1.2193732,-0.6960829,-3.049759,-1.2283275,-0.13705577,2.6962848,2.987954,0.90939015,-1.2028068,-0.9470651,-1.9695561,-1.7047064,0.6531113,0.6852079,-0.16915715,1.6390631,1.653579,2.328595,2.957743,-1.0269651,-1.4979239,-0.47746214,-1.962206,-1.5919974,-0.36454785,-0.7793983,-0.66100067,-1.448816,-3.0416303,-0.6686348,-1.7859672,1.0003039,-3.4562714,1.5433983,0.3383922,-1.8067815,1.5216775,0.20619288,-0.45003843,-0.35971168,-2.823629,-2.113787,0.48187426,-1.1701148,-1.8017316,2.9465249,-0.73370725,-0.13288718,2.2945693,-0.97588706,1.0013628,2.8346822,-0.80821097,-1.0905161,-0.7456946,-0.03284143,-2.1228108,1.6495993,-1.2562983,1.5861703,1.8695445,0.79759216,-0.4428325,-2.1251364,-0.5336228,0.026950207,-0.14913589,-0.2310167,0.6722152,1.0557669,1.8635821,2.165711,-1.6708841,-1.9547894,1.698403,2.7954946,-0.13365145,-0.1559338,-2.0584092,-2.325334,-2.9178553,1.0222557,1.7265967,2.007151,1.650785,0.63327414,-1.9661832,-1.9322474,-1.5904274,2.466051,0.4714324,0.12064482,1.4665644,-0.66158044,2.7214072,1.595145,-3.117781,-2.3197525,-0.19776456,-1.6574444,1.7090545,2.464808,-1.1771657,-1.9033982,1.4914297,-1.3534919,-0.60398346,-0.058002755
225,0.6963749,0.50644594,0.437934,-0.7412611,0.48906472,0.70312345,-0.60325927,0.12005235,-0.5862218,0.61100274,1.4236139,-0.6270926,-0.67947537,-0.46540356,0.10457399,0.19311698,-0.42974913,-0.00020599365,-0.59385574,-0.36309218,0.48768294,-0.21609777,1.3354067,0.6397651,-0.7743203,0.79220587,0.2568772,0.6846148,0.62242424,-0.6292934,-0.17006099,-0.17896438,-0.3389008,-0.49879086,0.14185463,1.0728892,-0.36166048,-0.57815397,-0.61361414,0.3425103,-0.5042516,-0.63408256,-0.7488537,0.6898337,0.25115648,-0.67239124,0.67494154,-0.5871098,0.40074605,1.0270381,-0.16952235,-0.8630223,-0.7675625,-0.758939,0.11036646,-0.12305945,0.8093244,0.5603541,-0.58038616,-0.21566552,-0.15713185,0.6481197,-0.34592897,0.385301,-0.047407687,0.003986556,1.0454936,0.3618377,0.95248884,-0.35190105,0.9434544,0.52531695,1.0713439,0.976468,-0.24178284,0.77750087,-0.14087129,0.87149143,0.4960737,-0.5259104,0.74252504,0.71635365,-0.43738914,-0.42492956,1.3302739,-0.35703254,-0.23599786,-0.3445812,0.7412821,0.2614913,-0.24928021,-0.19003367,0.50467783,-0.56389046,0.8028996,-0.4409737,-0.8624314,0.30447364,-0.28149313,-0.4965765,-0.6820009,-0.4842692,0.8504989,0.6538959,0.6781881,-0.15844685,0.6031498,0.49523586,-0.10729492,0.23090738,-0.60620844,1.2564288,-0.6457622,1.5274904,-0.4156279,0.030208342,0.31434476,-0.060676396,1.0352076,-0.46194565,-0.3253836,0.31827432,-0.31927353,-0.18346351,-0.6073068,-0.1673274,-0.46808952,-0.7864762,-0.2921332,-0.60777235,-0.3016862,-0.13154319,1.633458,2.286007,-1.6064556,0.31073424,0.8421908,-1.4907851,1.7358922,-0.12776849,-0.42548817,-3.327165,1.5963684,-0.8237171,1.3789858,4.076952,1.5647748,1.178154,-1.2193732,-0.6960829,-3.049759,-1.2283275,-0.13705577,2.6962848,2.987954,0.90939015,-1.2028068,-0.9470651,-1.9695561,-1.7047064,0.6531113,0.6852079,-0.16915715,1.6390631,1.653579,2.328595,2.957743,-1.0269651,-1.4979239,-0.47746214,-1.962206,-1.5919974,-0.36454785,-0.7793983,-0.66100067,-1.448816,-3.0416303,-0.6686348,-1.7859672,1.0003039,-3.4562714,1.5433983,0.3383922,-1.8067815,1.5216775,0.20619288,-0.45003843,-0.35971168,-2.823629,-2.113787,0.48187426,-1.1701148,-1.8017316,2.9465249,-0.73370725,-0.13288718,2.2945693,-0.97588706,1.0013628,2.8346822,-0.80821097,-1.0905161,-0.7456946,-0.03284143,-2.1228108,1.6495993,-1.2562983,1.5861703,1.8695445,0.79759216,-0.4428325,-2.1251364,-0.5336228,0.026950207,-0.14913589,-0.2310167,0.6722152,1.0557669,1.8635821,2.165711,-1.6708841,-1.9547894,1.698403,2.7954946,-0.13365145,-0.1559338,-2.0584092,-2.325334,-2.9178553,1.0222557,1.7265967,2.007151,1.650785,0.63327414,-1.9661832,-1.9322474,-1.5904274,2.466051,0.4714324,0.12064482,1.4665644,-0.66158044,2.7214072,1.595145,-3.117781,-2.3197525,-0.19776456,-1.6574444,1.7090545,2.464808,-1.1771657,-1.9033982,1.4914297,-1.3534919,-0.60398346,-0.058002755
226,0.6963749,0.50644594,0.437934,-0.7412611,0.48906472,0.70312345,-0.60325927,0.12005235,-0.5862218,0.61100274,1.4236139,-0.6270926,-0.67947537,-0.46540356,0.10457399,0.19311698,-0.42974913,-0.00020599365,-0.59385574,-0.36309218,0.48768294,-0.21609777,1.3354067,0.6397651,-0.7743203,0.79220587,0.2568772,0.6846148,0.62242424,-0.6292934,-0.17006099,-0.17896438,-0.3389008,-0.49879086,0.14185463,1.0728892,-0.36166048,-0.57815397,-0.61361414,0.3425103,-0.5042516,-0.63408256,-0.7488537,0.6898337,0.25115648,-0.67239124,0.67494154,-0.5871098,0.40074605,1.0270381,-0.16952235,-0.8630223,-0.7675625,-0.758939,0.11036646,-0.12305945,0.8093244,0.5603541,-0.58038616,-0.21566552,-0.15713185,0.6481197,-0.34592897,0.385301,-0.047407687,0.003986556,1.0454936,0.3618377,0.95248884,-0.35190105,0.9434544,0.52531695,1.0713439,0.976468,-0.24178284,0.77750087,-0.14087129,0.87149143,0.4960737,-0.5259104,0.74252504,0.71635365,-0.43738914,-0.42492956,1.3302739,-0.35703254,-0.23599786,-0.3445812,0.7412821,0.2614913,-0.24928021,-0.19003367,0.50467783,-0.56389046,0.8028996,-0.4409737,-0.8624314,0.30447364,-0.28149313,-0.4965765,-0.6820009,-0.4842692,0.8504989,0.6538959,0.6781881,-0.15844685,0.6031498,0.49523586,-0.10729492,0.23090738,-0.60620844,1.2564288,-0.6457622,1.5274904,-0.4156279,0.030208342,0.31434476,-0.060676396,1.0352076,-0.46194565,-0.3253836,0.31827432,-0.31927353,-0.18346351,-0.6073068,-0.1673274,-0.46808952,-0.7864762,-0.2921332,-0.60777235,-0.3016862,-0.13154319,1.633458,2.286007,-1.6064556,0.31073424,0.8421908,-1.4907851,1.7358922,-0.12776849,-0.42548817,-3.327165,1.5963684,-0.8237171,1.3789858,4.076952,1.5647748,1.178154,-1.2193732,-0.6960829,-3.049759,-1.2283275,-0.13705577,2.6962848,2.987954,0.90939015,-1.2028068,-0.9470651,-1.9695561,-1.7047064,0.6531113,0.6852079,-0.16915715,1.6390631,1.653579,2.328595,2.957743,-1.0269651,-1.4979239,-0.47746214,-1.962206,-1.5919974,-0.36454785,-0.7793983,-0.66100067,-1.448816,-3.0416303,-0.6686348,-1.7859672,1.0003039,-3.4562714,1.5433983,0.3383922,-1.8067815,1.5216775,0.20619288,-0.45003843,-0.35971168,-2.823629,-2.113787,0.48187426,-1.1701148,-1.8017316,2.9465249,-0.73370725,-0.13288718,2.2945693,-0.97588706,1.0013628,2.8346822,-0.80821097,-1.0905161,-0.7456946,-0.03284143,-2.1228108,1.6495993,-1.2562983,1.5861703,1.8695445,0.79759216,-0.4428325,-2.1251364,-0.5336228,0.026950207,-0.14913589,-0.2310167,0.6722152,1.0557669,1.8635821,2.165711,-1.6708841,-1.9547894,1.698403,2.7954946,-0.13365145,-0.1559338,-2.0584092,-2.325334,-2.9178553,1.0222557,1.7265967,2.007151,1.650785,0.63327414,-1.9661832,-1.9322474,-1.5904274,2.466051,0.4714324,0.12064482,1.4665644,-0.66158044,2.7214072,1.595145,-3.117781,-2.3197525,-0.19776456,-1.6574444,1.7090545,2.464808,-1.1771657,-1.9033982,1.4914297,-1.3534919,-0.60398346,-0.058002755
227,0.7422233,0.4942603,0.4270594,-0.7530524,0.48114192,0.73261887,-0.6158526,0.078673795,-0.57900167,0.66065705,1.4516553,-0.6269424,-0.70026904,-0.47064066,0.15340932,0.17448285,-0.43594295,0.031103717,-0.58185834,-0.3987279,0.4622113,-0.19518512,1.3670685,0.61418706,-0.77226967,0.8008623,0.21728599,0.6335283,0.5946669,-0.6356367,-0.13368267,-0.23871577,-0.31796664,-0.49640173,0.15381128,1.0861914,-0.4021592,-0.5710918,-0.6378416,0.35760626,-0.52161616,-0.62293065,-0.7635504,0.7020165,0.2627591,-0.688076,0.6861774,-0.59706473,0.43655384,1.0648717,-0.17138708,-0.8742619,-0.7568847,-0.77210116,0.1475823,-0.0573318,0.8568605,0.56654966,-0.5946559,-0.23014951,-0.15626115,0.657078,-0.3610379,0.4273541,-0.044951737,0.10682063,1.0462886,0.3717262,0.97269344,-0.37210238,0.9644276,0.5288547,1.1015608,1.010438,-0.15415275,0.7627083,-0.15779799,0.94101727,0.5787926,-0.5292938,0.7795977,0.74394405,-0.45899653,-0.4123934,1.3527433,-0.34705263,-0.23882586,-0.3358968,0.79590976,0.27625605,-0.22342515,-0.18971395,0.5286734,-0.57041514,0.8424908,-0.42209333,-0.8643309,0.23534276,-0.29733276,-0.507669,-0.69404685,-0.48159325,0.8989833,0.64636546,0.7033143,-0.14454007,0.6269822,0.5510534,-0.113156974,0.2571245,-0.6307507,1.2951729,-0.65707815,1.5358826,-0.4413858,0.022879034,0.28817943,-0.046059787,1.0104901,-0.43590724,-0.30401593,0.33196977,-0.32012504,-0.19222605,-0.60949224,-0.15361029,-0.4375443,-0.7933816,-0.19220993,-0.47853115,-0.9028103,-0.15004894,1.1435313,1.4109946,-1.3659194,0.8228768,0.1696943,-0.79061186,1.0645276,-0.4443545,-1.3118505,-1.4685553,0.72034436,-0.90297824,0.42828238,2.5142252,0.6750195,0.5744155,-0.3791363,-0.5804816,-1.1045625,-0.6582186,0.65611833,1.2858593,1.7438953,0.19553046,-0.6604815,-0.91373277,-0.3511536,-1.1165676,0.31640634,0.7488103,0.14318673,0.81055284,0.2029204,1.7664133,1.527687,0.06822031,-1.1506542,0.29054123,-0.80389684,-1.4854364,-0.57494015,-0.57083964,-0.22469531,-0.46988028,-1.2910757,-0.69179976,0.0844009,0.29953364,-1.5028154,0.8539429,0.58306044,-1.0728669,0.5195814,0.9306705,-0.6090033,-0.59096646,-0.6378778,-1.1311545,-0.23336202,-0.7973269,-1.5972883,1.2284718,0.081179135,-0.24322753,0.9851403,-0.5263803,0.14010803,0.9485671,-0.8773509,-0.5702823,-0.70776284,-0.6822957,-0.78224987,0.7175608,-1.0128106,1.0871226,0.4184991,0.07187857,-0.09208952,-1.240183,-0.1374517,-0.23675576,-0.24880026,0.0861562,-0.34276333,0.30894724,0.8816295,1.1799375,-0.31140047,-1.8213234,0.50388426,1.3829167,0.10440949,-0.5478196,-1.1428112,-1.1006083,-1.8924723,0.30172724,0.7727631,0.7351343,0.46633184,0.88552994,-0.88007784,-1.3877599,-0.7794548,1.5311778,0.5656637,0.29743755,0.54454535,-0.7471999,0.861402,1.1348889,-2.1786404,-1.7992088,-0.2511311,-0.44939414,1.2738274,1.335325,-0.08652739,-1.6525574,-0.26231816,-1.5724328,-0.26462185,-0.3920386
228,0.6963749,0.50644594,0.437934,-0.7412611,0.48906472,0.70312345,-0.60325927,0.12005235,-0.5862218,0.61100274,1.4236139,-0.6270926,-0.67947537,-0.46540356,0.10457399,0.19311698,-0.42974913,-0.00020599365,-0.59385574,-0.36309218,0.48768294,-0.21609777,1.3354067,0.6397651,-0.7743203,0.79220587,0.2568772,0.6846148,0.62242424,-0.6292934,-0.17006099,-0.17896438,-0.3389008,-0.49879086,0.14185463,1.0728892,-0.36166048,-0.57815397,-0.61361414,0.3425103,-0.5042516,-0.63408256,-0.7488537,0.6898337,0.25115648,-0.67239124,0.67494154,-0.5871098,0.40074605,1.0270381,-0.16952235,-0.8630223,-0.7675625,-0.758939,0.11036646,-0.12305945,0.8093244,0.5603541,-0.58038616,-0.21566552,-0.15713185,0.6481197,-0.34592897,0.385301,-0.047407687,0.003986556,1.0454936,0.3618377,0.95248884,-0.35190105,0.9434544,0.52531695,1.0713439,0.976468,-0.24178284,0.77750087,-0.14087129,0.87149143,0.4960737,-0.5259104,0.74252504,0.71635365,-0.43738914,-0.42492956,1.3302739,-0.35703254,-0.23599786,-0.3445812,0.7412821,0.2614913,-0.24928021,-0.19003367,0.50467783,-0.56389046,0.8028996,-0.4409737,-0.8624314,0.30447364,-0.28149313,-0.4965765,-0.6820009,-0.4842692,0.8504989,0.6538959,0.6781881,-0.15844685,0.6031498,0.49523586,-0.10729492,0.23090738,-0.60620844,1.2564288,-0.6457622,1.5274904,-0.4156279,0.030208342,0.31434476,-0.060676396,1.0352076,-0.46194565,-0.3253836,0.31827432,-0.31927353,-0.18346351,-0.6073068,-0.1673274,-0.46808952,-0.7864762,-0.2921332,-0.60777235,-0.3016862,-0.13154319,1.633458,2.286007,-1.6064556,0.31073424,0.8421908,-1.4907851,1.7358922,-0.12776849,-0.42548817,-3.327165,1.5963684,-0.8237171,1.3789858,4.076952,1.5647748,1.178154,-1.2193732,-0.6960829,-3.049759,-1.2283275,-0.13705577,2.6962848,2.987954,0.90939015,-1.2028068,-0.9470651,-1.9695561,-1.7047064,0.6531113,0.6852079,-0.16915715,1.6390631,1.653579,2.328595,2.957743,-1.0269651,-1.4979239,-0.47746214,-1.962206,-1.5919974,-0.36454785,-0.7793983,-0.66100067,-1.448816,-3.0416303,-0.6686348,-1.7859672,1.0003039,-3.4562714,1.5433983,0.3383922,-1.8067815,1.5216775,0.20619288,-0.45003843,-0.35971168,-2.823629,-2.113787,0.48187426,-1.1701148,-1.8017316,2.9465249,-0.73370725,-0.13288718,2.2945693,-0.97588706,1.0013628,2.8346822,-0.80821097,-1.0905161,-0.7456946,-0.03284143,-2.1228108,1.6495993,-1.2562983,1.5861703,1.8695445,0.79759216,-0.4428325,-2.1251364,-0.5336228,0.026950207,-0.14913589,-0.2310167,0.6722152,1.0557669,1.8635821,2.165711,-1.6708841,-1.9547894,1.698403,2.7954946,-0.13365145,-0.1559338,-2.0584092,-2.325334,-2.9178553,1.0222557,1.7265967,2.007151,1.650785,0.63327414,-1.9661832,-1.9322474,-1.5904274,2.466051,0.4714324,0.12064482,1.4665644,-0.66158044,2.7214072,1.595145,-3.117781,-2.3197525,-0.19776456,-1.6574444,1.7090545,2.464808,-1.1771657,-1.9033982,1.4914297,-1.3534919,-0.60398346,-0.058002755
229,0.6963749,0.50644594,0.437934,-0.7412611,0.48906472,0.70312345,-0.60325927,0.12005235,-0.5862218,0.61100274,1.4236139,-0.6270926,-0.67947537,-0.46540356,0.10457399,0.19311698,-0.42974913,-0.00020599365,-0.59385574,-0.36309218,0.48768294,-0.21609777,1.3354067,0.6397651,-0.7743203,0.79220587,0.2568772,0.6846148,0.62242424,-0.6292934,-0.17006099,-0.17896438,-0.3389008,-0.49879086,0.14185463,1.0728892,-0.36166048,-0.57815397,-0.61361414,0.3425103,-0.5042516,-0.63408256,-0.7488537,0.6898337,0.25115648,-0.67239124,0.67494154,-0.5871098,0.40074605,1.0270381,-0.16952235,-0.8630223,-0.7675625,-0.758939,0.11036646,-0.12305945,0.8093244,0.5603541,-0.58038616,-0.21566552,-0.15713185,0.6481197,-0.34592897,0.385301,-0.047407687,0.003986556,1.0454936,0.3618377,0.95248884,-0.35190105,0.9434544,0.52531695,1.0713439,0.976468,-0.24178284,0.77750087,-0.14087129,0.87149143,0.4960737,-0.5259104,0.74252504,0.71635365,-0.43738914,-0.42492956,1.3302739,-0.35703254,-0.23599786,-0.3445812,0.7412821,0.2614913,-0.24928021,-0.19003367,0.50467783,-0.56389046,0.8028996,-0.4409737,-0.8624314,0.30447364,-0.28149313,-0.4965765,-0.6820009,-0.4842692,0.8504989,0.6538959,0.6781881,-0.15844685,0.6031498,0.49523586,-0.10729492,0.23090738,-0.60620844,1.2564288,-0.6457622,1.5274904,-0.4156279,0.030208342,0.31434476,-0.060676396,1.0352076,-0.46194565,-0.3253836,0.31827432,-0.31927353,-0.18346351,-0.6073068,-0.1673274,-0.46808952,-0.7864762,-0.2921332,-0.60777235,-0.3016862,-0.13154319,1.633458,2.286007,-1.6064556,0.31073424,0.8421908,-1.4907851,1.7358922,-0.12776849,-0.42548817,-3.327165,1.5963684,-0.8237171,1.3789858,4.076952,1.5647748,1.178154,-1.2193732,-0.6960829,-3.049759,-1.2283275,-0.13705577,2.6962848,2.987954,0.90939015,-1.2028068,-0.9470651,-1.9695561,-1.7047064,0.6531113,0.6852079,-0.16915715,1.6390631,1.653579,2.328595,2.957743,-1.0269651,-1.4979239,-0.47746214,-1.962206,-1.5919974,-0.36454785,-0.7793983,-0.66100067,-1.448816,-3.0416303,-0.6686348,-1.7859672,1.0003039,-3.4562714,1.5433983,0.3383922,-1.8067815,1.5216775,0.20619288,-0.45003843,-0.35971168,-2.823629,-2.113787,0.48187426,-1.1701148,-1.8017316,2.9465249,-0.73370725,-0.13288718,2.2945693,-0.97588706,1.0013628,2.8346822,-0.80821097,-1.0905161,-0.7456946,-0.03284143,-2.1228108,1.6495993,-1.2562983,1.5861703,1.8695445,0.79759216,-0.4428325,-2.1251364,-0.5336228,0.026950207,-0.14913589,-0.2310167,0.6722152,1.0557669,1.8635821,2.165711,-1.6708841,-1.9547894,1.698403,2.7954946,-0.13365145,-0.1559338,-2.0584092,-2.325334,-2.9178553,1.0222557,1.7265967,2.007151,1.650785,0.63327414,-1.9661832,-1.9322474,-1.5904274,2.466051,0.4714324,0.12064482,1.4665644,-0.66158044,2.7214072,1.595145,-3.117781,-2.3197525,-0.19776456,-1.6574444,1.7090545,2.464808,-1.1771657,-1.9033982,1.4914297,-1.3534919,-0.60398346,-0.058002755
230,0.6963749,0.50644594,0.437934,-0.7412611,0.48906472,0.70312345,-0.60325927,0.12005235,-0.5862218,0.61100274,1.4236139,-0.6270926,-0.67947537,-0.46540356,0.10457399,0.19311698,-0.42974913,-0.00020599365,-0.59385574,-0.36309218,0.48768294,-0.21609777,1.3354067,0.6397651,-0.7743203,0.79220587,0.2568772,0.6846148,0.62242424,-0.6292934,-0.17006099,-0.17896438,-0.3389008,-0.49879086,0.14185463,1.0728892,-0.36166048,-0.57815397,-0.61361414,0.3425103,-0.5042516,-0.63408256,-0.7488537,0.6898337,0.25115648,-0.67239124,0.67494154,-0.5871098,0.40074605,1.0270381,-0.16952235,-0.8630223,-0.7675625,-0.758939,0.11036646,-0.12305945,0.8093244,0.5603541,-0.58038616,-0.21566552,-0.15713185,0.6481197,-0.34592897,0.385301,-0.047407687,0.003986556,1.0454936,0.3618377,0.95248884,-0.35190105,0.9434544,0.52531695,1.0713439,0.976468,-0.24178284,0.77750087,-0.14087129,0.87149143,0.4960737,-0.5259104,0.74252504,0.71635365,-0.43738914,-0.42492956,1.3302739,-0.35703254,-0.23599786,-0.3445812,0.7412821,0.2614913,-0.24928021,-0.19003367,0.50467783,-0.56389046,0.8028996,-0.4409737,-0.8624314,0.30447364,-0.28149313,-0.4965765,-0.6820009,-0.4842692,0.8504989,0.6538959,0.6781881,-0.15844685,0.6031498,0.49523586,-0.10729492,0.23090738,-0.60620844,1.2564288,-0.6457622,1.5274904,-0.4156279,0.030208342,0.31434476,-0.060676396,1.0352076,-0.46194565,-0.3253836,0.31827432,-0.31927353,-0.18346351,-0.6073068,-0.1673274,-0.46808952,-0.7864762,-0.2921332,-0.60777235,-0.3016862,-0.13154319,1.633458,2.286007,-1.6064556,0.31073424,0.8421908,-1.4907851,1.7358922,-0.12776849,-0.42548817,-3.327165,1.5963684,-0.8237171,1.3789858,4.076952,1.5647748,1.178154,-1.2193732,-0.6960829,-3.049759,-1.2283275,-0.13705577,2.6962848,2.987954,0.90939015,-1.2028068,-0.9470651,-1.9695561,-1.7047064,0.6531113,0.6852079,-0.16915715,1.6390631,1.653579,2.328595,2.957743,-1.0269651,-1.4979239,-0.47746214,-1.962206,-1.5919974,-0.36454785,-0.7793983,-0.66100067,-1.448816,-3.0416303,-0.6686348,-1.7859672,1.0003039,-3.4562714,1.5433983,0.3383922,-1.8067815,1.5216775,0.20619288,-0.45003843,-0.35971168,-2.823629,-2.113787,0.48187426,-1.1701148,-1.8017316,2.9465249,-0.73370725,-0.13288718,2.2945693,-0.97588706,1.0013628,2.8346822,-0.80821097,-1.0905161,-0.7456946,-0.03284143,-2.1228108,1.6495993,-1.2562983,1.5861703,1.8695445,0.79759216,-0.4428325,-2.1251364,-0.5336228,0.026950207,-0.14913589,-0.2310167,0.6722152,1.0557669,1.8635821,2.165711,-1.6708841,-1.9547894,1.698403,2.7954946,-0.13365145,-0.1559338,-2.0584092,-2.325334,-2.9178553,1.0222557,1.7265967,2.007151,1.650785,0.63327414,-1.9661832,-1.9322474,-1.5904274,2.466051,0.4714324,0.12064482,1.4665644,-0.66158044,2.7214072,1.595145,-3.117781,-2.3197525,-0.19776456,-1.6574444,1.7090545,2.464808,-1.1771657,-1.9033982,1.4914297,-1.3534919,-0.60398346,-0.058002755
231,0.7167964,0.5016422,0.43372947,-0.74667907,0.4859007,0.71629363,-0.6089493,0.102473736,-0.583459,0.6328625,1.4365684,-0.6273315,-0.6888359,-0.46789813,0.1252051,0.18518434,-0.4328704,0.013226701,-0.58907145,-0.3788017,0.47718644,-0.20713323,1.3500621,0.62940234,-0.77364546,0.7965604,0.24024436,0.6630512,0.61091805,-0.6322359,-0.15459764,-0.20478964,-0.33024216,-0.4980569,0.14710337,1.0792828,-0.37960154,-0.57545555,-0.62446666,0.34918875,-0.5119873,-0.6296754,-0.7555177,0.69560945,0.2563023,-0.6794455,0.6804446,-0.59178877,0.41637212,1.0440807,-0.17051136,-0.86816466,-0.763305,-0.7649424,0.12611298,-0.095694244,0.8301965,0.5633403,-0.5868318,-0.22208321,-0.15689683,0.6525575,-0.35258925,0.4035952,-0.046376824,0.047869243,1.0466816,0.36670282,0.96189797,-0.36063093,0.95296437,0.5272956,1.08528,0.9917442,-0.20563948,0.7719221,-0.14841616,0.9020641,0.53178406,-0.52761996,0.75898075,0.7285838,-0.4470089,-0.41990864,1.3408933,-0.3528514,-0.23720062,-0.34120947,0.76500535,0.26802316,-0.23859906,-0.19002557,0.5154921,-0.5670241,0.82054126,-0.43323022,-0.86345595,0.27518898,-0.2884524,-0.5015792,-0.6874765,-0.4834624,0.8720501,0.65137637,0.68966866,-0.15261555,0.61392456,0.5195353,-0.10999322,0.24253169,-0.6172477,1.2740738,-0.6509473,1.5322096,-0.42688805,0.027297914,0.30370334,-0.054568768,1.0254989,-0.45109773,-0.31649518,0.3243331,-0.31985152,-0.18740982,-0.6086537,-0.16140312,-0.4553939,-0.7897324,-0.20171894,-0.71253836,-1.0056207,-0.12933356,1.527039,1.9365187,-1.8156023,0.63172275,0.37345356,-1.2531389,1.3827409,-0.8053515,-1.3634174,-2.1121604,1.1225969,-0.73129976,0.73505837,3.0827317,0.91082144,1.0371904,-0.76461285,-0.7568993,-1.9445608,-0.6874501,0.7061259,1.8332753,2.3054247,0.55023813,-0.8156895,-0.9983365,-0.8907809,-1.3041265,0.33533067,0.7486515,0.16884121,1.024831,0.44323358,2.3157403,2.186122,-0.46311855,-1.4813079,-0.10480294,-1.0384852,-2.0710542,-0.6591766,-0.7461562,-0.14196575,-0.8184702,-1.7774838,-0.72326416,-0.15149893,0.60325944,-2.4853256,1.0218078,0.72120064,-1.5615693,1.1291941,0.86342144,-0.7064594,-0.7451225,-1.0092131,-1.8748273,-0.10177275,-1.366909,-2.086798,2.2643769,-0.21695623,-0.31435916,1.2612671,-0.90126413,0.23867553,1.3597758,-0.84491366,-0.7515221,-0.82010955,-0.90004617,-1.435659,1.2157239,-1.3603655,1.4028803,0.61952394,0.23437756,-0.17359711,-1.6004544,-0.5484437,-0.10581106,-0.45616734,-0.14328533,-0.32597074,0.63587004,1.4061223,1.6214049,-0.6107692,-2.3139777,1.0030053,2.123096,-0.14672554,-0.5495788,-1.4482857,-1.4530327,-2.476126,0.28754196,0.8773196,1.4355431,0.79203045,1.0360042,-1.4795727,-1.7084287,-1.3698918,2.262233,0.6664638,0.6095918,0.96204615,-0.8812284,1.4706844,1.5310363,-2.6648772,-2.1681166,-0.050340883,-0.6303656,1.8331463,1.8895135,-0.5610272,-1.9403687,0.079139456,-1.7315066,-0.4866237,-0.49432674
232,0.64313245,0.5193979,0.4496609,-0.7263695,0.4972533,0.6677454,-0.5877543,0.1667736,-0.59382427,0.5532174,1.3894465,-0.6267482,-0.65330637,-0.45894396,0.048754998,0.21405877,-0.42172152,-0.03558159,-0.6066269,-0.31921238,0.515918,-0.239366,1.2971566,0.6681144,-0.7761055,0.7809895,0.30180228,0.7423088,0.6530902,-0.6213788,-0.2097547,-0.10478228,-0.36177558,-0.5009738,0.12770039,1.0561327,-0.3117813,-0.5855148,-0.58333015,0.3246994,-0.48314607,-0.64591503,-0.73033303,0.67435366,0.2376113,-0.6529983,0.66070855,-0.57465184,0.3591193,0.98271954,-0.16706562,-0.84839714,-0.77875865,-0.7423519,0.06752437,-0.19231021,0.7538134,0.55274427,-0.5626322,-0.19864911,-0.15787488,0.6365564,-0.32779253,0.33661884,-0.050001204,-0.10801631,1.0432587,0.34972936,0.9274647,-0.32802832,0.91789174,0.520102,1.0349059,0.936396,-0.33079088,0.7929462,-0.12100941,0.7907139,0.40059417,-0.52123415,0.69910884,0.6835074,-0.41090256,-0.43841356,1.3022912,-0.36783552,-0.23231,-0.35376197,0.6778791,0.24441591,-0.27740467,-0.19001448,0.47647345,-0.5556264,0.75601804,-0.4613328,-0.8598228,0.38344085,-0.26231962,-0.48326743,-0.66706866,-0.48669493,0.7932708,0.66116226,0.6484468,-0.17387384,0.57463837,0.4305008,-0.1002388,0.20064488,-0.575292,1.2103761,-0.63180244,1.5151669,-0.38416433,0.03902333,0.3432274,-0.07736349,1.0625598,-0.4898097,-0.34870505,0.3018601,-0.31788123,-0.17306805,-0.604171,-0.1822967,-0.50067437,-0.7776169,-0.07852173,-0.5512795,-0.63233685,-0.13706762,0.9453332,1.6865835,-1.5600073,0.6977369,0.36088124,-0.93895954,1.2029448,-0.16119799,-0.79282594,-2.1162114,1.1289241,-0.71477336,0.8258318,2.7933033,1.1396067,0.5817492,-0.5933072,-0.9459215,-1.9223295,-1.0535669,0.17199393,1.95892,2.0068536,0.35906073,-0.76592106,-0.92792445,-1.2101139,-1.364941,0.43916813,0.49811426,0.16490772,1.0501369,0.8222032,1.6870968,1.7724074,-0.32676804,-1.012346,0.25589836,-1.2623309,-1.2558888,-0.30531114,-0.62716335,-0.3638167,-0.9106478,-2.0417295,-0.6261986,-0.7836286,0.5845078,-2.205963,1.1198714,0.5432571,-1.2739064,0.90742964,0.50471914,-0.47259912,-0.30625793,-1.3465731,-1.5982059,0.057715654,-0.7061078,-1.7536974,1.6562757,-0.29392856,-0.29843464,1.183599,-0.8839174,0.46319276,1.7691689,-0.55654687,-0.86091936,-0.53626895,-0.3032232,-1.495454,1.1960891,-0.9141374,1.1470119,1.0948035,0.21863647,-0.2739159,-1.2389706,-0.09759307,0.23865664,-0.18907541,0.06193587,0.32474616,0.36332902,1.1655965,1.4701394,-0.8311747,-1.6645039,0.907147,1.8057718,0.23192854,-0.3462933,-1.6148973,-1.4139988,-2.0119362,0.5058614,1.2089592,1.0272858,0.90734315,0.46107262,-1.1607605,-1.485874,-1.2062923,1.99077,0.19311891,0.06735526,1.0391313,-0.50491464,1.596907,1.0950617,-2.2733698,-1.9952043,-0.34597212,-0.79258275,1.135007,1.6828682,-0.26607382,-1.7660879,0.7069273,-1.3015614,-0.24938908,-0.22771098
233,0.6963749,0.50644594,0.437934,-0.7412611,0.48906472,0.70312345,-0.60325927,0.12005235,-0.5862218,0.61100274,1.4236139,-0.6270926,-0.67947537,-0.46540356,0.10457399,0.19311698,-0.42974913,-0.00020599365,-0.59385574,-0.36309218,0.48768294,-0.21609777,1.3354067,0.6397651,-0.7743203,0.79220587,0.2568772,0.6846148,0.62242424,-0.6292934,-0.17006099,-0.17896438,-0.3389008,-0.49879086,0.14185463,1.0728892,-0.36166048,-0.57815397,-0.61361414,0.3425103,-0.5042516,-0.63408256,-0.7488537,0.6898337,0.25115648,-0.67239124,0.67494154,-0.5871098,0.40074605,1.0270381,-0.16952235,-0.8630223,-0.7675625,-0.758939,0.11036646,-0.12305945,0.8093244,0.5603541,-0.58038616,-0.21566552,-0.15713185,0.6481197,-0.34592897,0.385301,-0.047407687,0.003986556,1.0454936,0.3618377,0.95248884,-0.35190105,0.9434544,0.52531695,1.0713439,0.976468,-0.24178284,0.77750087,-0.14087129,0.87149143,0.4960737,-0.5259104,0.74252504,0.71635365,-0.43738914,-0.42492956,1.3302739,-0.35703254,-0.23599786,-0.3445812,0.7412821,0.2614913,-0.24928021,-0.19003367,0.50467783,-0.56389046,0.8028996,-0.4409737,-0.8624314,0.30447364,-0.28149313,-0.4965765,-0.6820009,-0.4842692,0.8504989,0.6538959,0.6781881,-0.15844685,0.6031498,0.49523586,-0.10729492,0.23090738,-0.60620844,1.2564288,-0.6457622,1.5274904,-0.4156279,0.030208342,0.31434476,-0.060676396,1.0352076,-0.46194565,-0.3253836,0.31827432,-0.31927353,-0.18346351,-0.6073068,-0.1673274,-0.46808952,-0.7864762,-0.2921332,-0.60777235,-0.3016862,-0.13154319,1.633458,2.286007,-1.6064556,0.31073424,0.8421908,-1.4907851,1.7358922,-0.12776849,-0.42548817,-3.327165,1.5963684,-0.8237171,1.3789858,4.076952,1.5647748,1.178154,-1.2193732,-0.6960829,-3.049759,-1.2283275,-0.13705577,2.6962848,2.987954,0.90939015,-1.2028068,-0.9470651,-1.9695561,-1.7047064,0.6531113,0.6852079,-0.16915715,1.6390631,1.653579,2.328595,2.957743,-1.0269651,-1.4979239,-0.47746214,-1.962206,-1.5919974,-0.36454785,-0.7793983,-0.66100067,-1.448816,-3.0416303,-0.6686348,-1.7859672,1.0003039,-3.4562714,1.5433983,0.3383922,-1.8067815,1.5216775,0.20619288,-0.45003843,-0.35971168,-2.823629,-2.113787,0.48187426,-1.1701148,-1.8017316,2.9465249,-0.73370725,-0.13288718,2.2945693,-0.97588706,1.0013628,2.8346822,-0.80821097,-1.0905161,-0.7456946,-0.03284143,-2.1228108,1.6495993,-1.2562983,1.5861703,1.8695445,0.79759216,-0.4428325,-2.1251364,-0.5336228,0.026950207,-0.14913589,-0.2310167,0.6722152,1.0557669,1.8635821,2.165711,-1.6708841,-1.9547894,1.698403,2.7954946,-0.13365145,-0.1559338,-2.0584092,-2.325334,-2.9178553,1.0222557,1.7265967,2.007151,1.650785,0.63327414,-1.9661832,-1.9322474,-1.5904274,2.466051,0.4714324,0.12064482,1.4665644,-0.66158044,2.7214072,1.595145,-3.117781,-2.3197525,-0.19776456,-1.6574444,1.7090545,2.464808,-1.1771657,-1.9033982,1.4914297,-1.3534919,-0.60398346,-0.058002755
234,0.7167964,0.5016422,0.43372947,-0.74667907,0.4859007,0.71629363,-0.6089493,0.102473736,-0.583459,0.6328625,1.4365684,-0.6273315,-0.6888359,-0.46789813,0.1252051,0.18518434,-0.4328704,0.013226701,-0.58907145,-0.3788017,0.47718644,-0.20713323,1.3500621,0.62940234,-0.77364546,0.7965604,0.24024436,0.6630512,0.61091805,-0.6322359,-0.15459764,-0.20478964,-0.33024216,-0.4980569,0.14710337,1.0792828,-0.37960154,-0.57545555,-0.62446666,0.34918875,-0.5119873,-0.6296754,-0.7555177,0.69560945,0.2563023,-0.6794455,0.6804446,-0.59178877,0.41637212,1.0440807,-0.17051136,-0.86816466,-0.763305,-0.7649424,0.12611298,-0.095694244,0.8301965,0.5633403,-0.5868318,-0.22208321,-0.15689683,0.6525575,-0.35258925,0.4035952,-0.046376824,0.047869243,1.0466816,0.36670282,0.96189797,-0.36063093,0.95296437,0.5272956,1.08528,0.9917442,-0.20563948,0.7719221,-0.14841616,0.9020641,0.53178406,-0.52761996,0.75898075,0.7285838,-0.4470089,-0.41990864,1.3408933,-0.3528514,-0.23720062,-0.34120947,0.76500535,0.26802316,-0.23859906,-0.19002557,0.5154921,-0.5670241,0.82054126,-0.43323022,-0.86345595,0.27518898,-0.2884524,-0.5015792,-0.6874765,-0.4834624,0.8720501,0.65137637,0.68966866,-0.15261555,0.61392456,0.5195353,-0.10999322,0.24253169,-0.6172477,1.2740738,-0.6509473,1.5322096,-0.42688805,0.027297914,0.30370334,-0.054568768,1.0254989,-0.45109773,-0.31649518,0.3243331,-0.31985152,-0.18740982,-0.6086537,-0.16140312,-0.4553939,-0.7897324,-0.20171894,-0.71253836,-1.0056207,-0.12933356,1.527039,1.9365187,-1.8156023,0.63172275,0.37345356,-1.2531389,1.3827409,-0.8053515,-1.3634174,-2.1121604,1.1225969,-0.73129976,0.73505837,3.0827317,0.91082144,1.0371904,-0.76461285,-0.7568993,-1.9445608,-0.6874501,0.7061259,1.8332753,2.3054247,0.55023813,-0.8156895,-0.9983365,-0.8907809,-1.3041265,0.33533067,0.7486515,0.16884121,1.024831,0.44323358,2.3157403,2.186122,-0.46311855,-1.4813079,-0.10480294,-1.0384852,-2.0710542,-0.6591766,-0.7461562,-0.14196575,-0.8184702,-1.7774838,-0.72326416,-0.15149893,0.60325944,-2.4853256,1.0218078,0.72120064,-1.5615693,1.1291941,0.86342144,-0.7064594,-0.7451225,-1.0092131,-1.8748273,-0.10177275,-1.366909,-2.086798,2.2643769,-0.21695623,-0.31435916,1.2612671,-0.90126413,0.23867553,1.3597758,-0.84491366,-0.7515221,-0.82010955,-0.90004617,-1.435659,1.2157239,-1.3603655,1.4028803,0.61952394,0.23437756,-0.17359711,-1.6004544,-0.5484437,-0.10581106,-0.45616734,-0.14328533,-0.32597074,0.63587004,1.4061223,1.6214049,-0.6107692,-2.3139777,1.0030053,2.123096,-0.14672554,-0.5495788,-1.4482857,-1.4530327,-2.476126,0.28754196,0.8773196,1.4355431,0.79203045,1.0360042,-1.4795727,-1.7084287,-1.3698918,2.262233,0.6664638,0.6095918,0.96204615,-0.8812284,1.4706844,1.5310363,-2.6648772,-2.1681166,-0.050340883,-0.6303656,1.8331463,1.8895135,-0.5610272,-1.9403687,0.079139456,-1.7315066,-0.4866237,-0.49432674
235,0.6963749,0.50644594,0.437934,-0.7412611,0.48906472,0.70312345,-0.60325927,0.12005235,-0.5862218,0.61100274,1.4236139,-0.6270926,-0.67947537,-0.46540356,0.10457399,0.19311698,-0.42974913,-0.00020599365,-0.59385574,-0.36309218,0.48768294,-0.21609777,1.3354067,0.6397651,-0.7743203,0.79220587,0.2568772,0.6846148,0.62242424,-0.6292934,-0.17006099,-0.17896438,-0.3389008,-0.49879086,0.14185463,1.0728892,-0.36166048,-0.57815397,-0.61361414,0.3425103,-0.5042516,-0.63408256,-0.7488537,0.6898337,0.25115648,-0.67239124,0.67494154,-0.5871098,0.40074605,1.0270381,-0.16952235,-0.8630223,-0.7675625,-0.758939,0.11036646,-0.12305945,0.8093244,0.5603541,-0.58038616,-0.21566552,-0.15713185,0.6481197,-0.34592897,0.385301,-0.047407687,0.003986556,1.0454936,0.3618377,0.95248884,-0.35190105,0.9434544,0.52531695,1.0713439,0.976468,-0.24178284,0.77750087,-0.14087129,0.87149143,0.4960737,-0.5259104,0.74252504,0.71635365,-0.43738914,-0.42492956,1.3302739,-0.35703254,-0.23599786,-0.3445812,0.7412821,0.2614913,-0.24928021,-0.19003367,0.50467783,-0.56389046,0.8028996,-0.4409737,-0.8624314,0.30447364,-0.28149313,-0.4965765,-0.6820009,-0.4842692,0.8504989,0.6538959,0.6781881,-0.15844685,0.6031498,0.49523586,-0.10729492,0.23090738,-0.60620844,1.2564288,-0.6457622,1.5274904,-0.4156279,0.030208342,0.31434476,-0.060676396,1.0352076,-0.46194565,-0.3253836,0.31827432,-0.31927353,-0.18346351,-0.6073068,-0.1673274,-0.46808952,-0.7864762,-0.2921332,-0.60777235,-0.3016862,-0.13154319,1.633458,2.286007,-1.6064556,0.31073424,0.8421908,-1.4907851,1.7358922,-0.12776849,-0.42548817,-3.327165,1.5963684,-0.8237171,1.3789858,4.076952,1.5647748,1.178154,-1.2193732,-0.6960829,-3.049759,-1.2283275,-0.13705577,2.6962848,2.987954,0.90939015,-1.2028068,-0.9470651,-1.9695561,-1.7047064,0.6531113,0.6852079,-0.16915715,1.6390631,1.653579,2.328595,2.957743,-1.0269651,-1.4979239,-0.47746214,-1.962206,-1.5919974,-0.36454785,-0.7793983,-0.66100067,-1.448816,-3.0416303,-0.6686348,-1.7859672,1.0003039,-3.4562714,1.5433983,0.3383922,-1.8067815,1.5216775,0.20619288,-0.45003843,-0.35971168,-2.823629,-2.113787,0.48187426,-1.1701148,-1.8017316,2.9465249,-0.73370725,-0.13288718,2.2945693,-0.97588706,1.0013628,2.8346822,-0.80821097,-1.0905161,-0.7456946,-0.03284143,-2.1228108,1.6495993,-1.2562983,1.5861703,1.8695445,0.79759216,-0.4428325,-2.1251364,-0.5336228,0.026950207,-0.14913589,-0.2310167,0.6722152,1.0557669,1.8635821,2.165711,-1.6708841,-1.9547894,1.698403,2.7954946,-0.13365145,-0.1559338,-2.0584092,-2.325334,-2.9178553,1.0222557,1.7265967,2.007151,1.650785,0.63327414,-1.9661832,-1.9322474,-1.5904274,2.466051,0.4714324,0.12064482,1.4665644,-0.66158044,2.7214072,1.595145,-3.117781,-2.3197525,-0.19776456,-1.6574444,1.7090545,2.464808,-1.1771657,-1.9033982,1.4914297,-1.3534919,-0.60398346,-0.058002755
236,0.6963749,0.50644594,0.437934,-0.7412611,0.48906472,0.70312345,-0.60325927,0.12005235,-0.5862218,0.61100274,1.4236139,-0.6270926,-0.67947537,-0.46540356,0.10457399,0.19311698,-0.42974913,-0.00020599365,-0.59385574,-0.36309218,0.48768294,-0.21609777,1.3354067,0.6397651,-0.7743203,0.79220587,0.2568772,0.6846148,0.62242424,-0.6292934,-0.17006099,-0.17896438,-0.3389008,-0.49879086,0.14185463,1.0728892,-0.36166048,-0.57815397,-0.61361414,0.3425103,-0.5042516,-0.63408256,-0.7488537,0.6898337,0.25115648,-0.67239124,0.67494154,-0.5871098,0.40074605,1.0270381,-0.16952235,-0.8630223,-0.7675625,-0.758939,0.11036646,-0.12305945,0.8093244,0.5603541,-0.58038616,-0.21566552,-0.15713185,0.6481197,-0.34592897,0.385301,-0.047407687,0.003986556,1.0454936,0.3618377,0.95248884,-0.35190105,0.9434544,0.52531695,1.0713439,0.976468,-0.24178284,0.77750087,-0.14087129,0.87149143,0.4960737,-0.5259104,0.74252504,0.71635365,-0.43738914,-0.42492956,1.3302739,-0.35703254,-0.23599786,-0.3445812,0.7412821,0.2614913,-0.24928021,-0.19003367,0.50467783,-0.56389046,0.8028996,-0.4409737,-0.8624314,0.30447364,-0.28149313,-0.4965765,-0.6820009,-0.4842692,0.8504989,0.6538959,0.6781881,-0.15844685,0.6031498,0.49523586,-0.10729492,0.23090738,-0.60620844,1.2564288,-0.6457622,1.5274904,-0.4156279,0.030208342,0.31434476,-0.060676396,1.0352076,-0.46194565,-0.3253836,0.31827432,-0.31927353,-0.18346351,-0.6073068,-0.1673274,-0.46808952,-0.7864762,-0.2921332,-0.60777235,-0.3016862,-0.13154319,1.633458,2.286007,-1.6064556,0.31073424,0.8421908,-1.4907851,1.7358922,-0.12776849,-0.42548817,-3.327165,1.5963684,-0.8237171,1.3789858,4.076952,1.5647748,1.178154,-1.2193732,-0.6960829,-3.049759,-1.2283275,-0.13705577,2.6962848,2.987954,0.90939015,-1.2028068,-0.9470651,-1.9695561,-1.7047064,0.6531113,0.6852079,-0.16915715,1.6390631,1.653579,2.328595,2.957743,-1.0269651,-1.4979239,-0.47746214,-1.962206,-1.5919974,-0.36454785,-0.7793983,-0.66100067,-1.448816,-3.0416303,-0.6686348,-1.7859672,1.0003039,-3.4562714,1.5433983,0.3383922,-1.8067815,1.5216775,0.20619288,-0.45003843,-0.35971168,-2.823629,-2.113787,0.48187426,-1.1701148,-1.8017316,2.9465249,-0.73370725,-0.13288718,2.2945693,-0.97588706,1.0013628,2.8346822,-0.80821097,-1.0905161,-0.7456946,-0.03284143,-2.1228108,1.6495993,-1.2562983,1.5861703,1.8695445,0.79759216,-0.4428325,-2.1251364,-0.5336228,0.026950207,-0.14913589,-0.2310167,0.6722152,1.0557669,1.8635821,2.165711,-1.6708841,-1.9547894,1.698403,2.7954946,-0.13365145,-0.1559338,-2.0584092,-2.325334,-2.9178553,1.0222557,1.7265967,2.007151,1.650785,0.63327414,-1.9661832,-1.9322474,-1.5904274,2.466051,0.4714324,0.12064482,1.4665644,-0.66158044,2.7214072,1.595145,-3.117781,-2.3197525,-0.19776456,-1.6574444,1.7090545,2.464808,-1.1771657,-1.9033982,1.4914297,-1.3534919,-0.60398346,-0.058002755
237,0.6963749,0.50644594,0.437934,-0.7412611,0.48906472,0.70312345,-0.60325927,0.12005235,-0.5862218,0.61100274,1.4236139,-0.6270926,-0.67947537,-0.46540356,0.10457399,0.19311698,-0.42974913,-0.00020599365,-0.59385574,-0.36309218,0.48768294,-0.21609777,1.3354067,0.6397651,-0.7743203,0.79220587,0.2568772,0.6846148,0.62242424,-0.6292934,-0.17006099,-0.17896438,-0.3389008,-0.49879086,0.14185463,1.0728892,-0.36166048,-0.57815397,-0.61361414,0.3425103,-0.5042516,-0.63408256,-0.7488537,0.6898337,0.25115648,-0.67239124,0.67494154,-0.5871098,0.40074605,1.0270381,-0.16952235,-0.8630223,-0.7675625,-0.758939,0.11036646,-0.12305945,0.8093244,0.5603541,-0.58038616,-0.21566552,-0.15713185,0.6481197,-0.34592897,0.385301,-0.047407687,0.003986556,1.0454936,0.3618377,0.95248884,-0.35190105,0.9434544,0.52531695,1.0713439,0.976468,-0.24178284,0.77750087,-0.14087129,0.87149143,0.4960737,-0.5259104,0.74252504,0.71635365,-0.43738914,-0.42492956,1.3302739,-0.35703254,-0.23599786,-0.3445812,0.7412821,0.2614913,-0.24928021,-0.19003367,0.50467783,-0.56389046,0.8028996,-0.4409737,-0.8624314,0.30447364,-0.28149313,-0.4965765,-0.6820009,-0.4842692,0.8504989,0.6538959,0.6781881,-0.15844685,0.6031498,0.49523586,-0.10729492,0.23090738,-0.60620844,1.2564288,-0.6457622,1.5274904,-0.4156279,0.030208342,0.31434476,-0.060676396,1.0352076,-0.46194565,-0.3253836,0.31827432,-0.31927353,-0.18346351,-0.6073068,-0.1673274,-0.46808952,-0.7864762,-0.2921332,-0.60777235,-0.3016862,-0.13154319,1.633458,2.286007,-1.6064556,0.31073424,0.8421908,-1.4907851,1.7358922,-0.12776849,-0.42548817,-3.327165,1.5963684,-0.8237171,1.3789858,4.076952,1.5647748,1.178154,-1.2193732,-0.6960829,-3.049759,-1.2283275,-0.13705577,2.6962848,2.987954,0.90939015,-1.2028068,-0.9470651,-1.9695561,-1.7047064,0.6531113,0.6852079,-0.16915715,1.6390631,1.653579,2.328595,2.957743,-1.0269651,-1.4979239,-0.47746214,-1.962206,-1.5919974,-0.36454785,-0.7793983,-0.66100067,-1.448816,-3.0416303,-0.6686348,-1.7859672,1.0003039,-3.4562714,1.5433983,0.3383922,-1.8067815,1.5216775,0.20619288,-0.45003843,-0.35971168,-2.823629,-2.113787,0.48187426,-1.1701148,-1.8017316,2.9465249,-0.73370725,-0.13288718,2.2945693,-0.97588706,1.0013628,2.8346822,-0.80821097,-1.0905161,-0.7456946,-0.03284143,-2.1228108,1.6495993,-1.2562983,1.5861703,1.8695445,0.79759216,-0.4428325,-2.1251364,-0.5336228,0.026950207,-0.14913589,-0.2310167,0.6722152,1.0557669,1.8635821,2.165711,-1.6708841,-1.9547894,1.698403,2.7954946,-0.13365145,-0.1559338,-2.0584092,-2.325334,-2.9178553,1.0222557,1.7265967,2.007151,1.650785,0.63327414,-1.9661832,-1.9322474,-1.5904274,2.466051,0.4714324,0.12064482,1.4665644,-0.66158044,2.7214072,1.595145,-3.117781,-2.3197525,-0.19776456,-1.6574444,1.7090545,2.464808,-1.1771657,-1.9033982,1.4914297,-1.3534919,-0.60398346,-0.058002755
238,0.6963749,0.50644594,0.437934,-0.7412611,0.48906472,0.70312345,-0.60325927,0.12005235,-0.5862218,0.61100274,1.4236139,-0.6270926,-0.67947537,-0.46540356,0.10457399,0.19311698,-0.42974913,-0.00020599365,-0.59385574,-0.36309218,0.48768294,-0.21609777,1.3354067,0.6397651,-0.7743203,0.79220587,0.2568772,0.6846148,0.62242424,-0.6292934,-0.17006099,-0.17896438,-0.3389008,-0.49879086,0.14185463,1.0728892,-0.36166048,-0.57815397,-0.61361414,0.3425103,-0.5042516,-0.63408256,-0.7488537,0.6898337,0.25115648,-0.67239124,0.67494154,-0.5871098,0.40074605,1.0270381,-0.16952235,-0.8630223,-0.7675625,-0.758939,0.11036646,-0.12305945,0.8093244,0.5603541,-0.58038616,-0.21566552,-0.15713185,0.6481197,-0.34592897,0.385301,-0.047407687,0.003986556,1.0454936,0.3618377,0.95248884,-0.35190105,0.9434544,0.52531695,1.0713439,0.976468,-0.24178284,0.77750087,-0.14087129,0.87149143,0.4960737,-0.5259104,0.74252504,0.71635365,-0.43738914,-0.42492956,1.3302739,-0.35703254,-0.23599786,-0.3445812,0.7412821,0.2614913,-0.24928021,-0.19003367,0.50467783,-0.56389046,0.8028996,-0.4409737,-0.8624314,0.30447364,-0.28149313,-0.4965765,-0.6820009,-0.4842692,0.8504989,0.6538959,0.6781881,-0.15844685,0.6031498,0.49523586,-0.10729492,0.23090738,-0.60620844,1.2564288,-0.6457622,1.5274904,-0.4156279,0.030208342,0.31434476,-0.060676396,1.0352076,-0.46194565,-0.3253836,0.31827432,-0.31927353,-0.18346351,-0.6073068,-0.1673274,-0.46808952,-0.7864762,-0.2921332,-0.60777235,-0.3016862,-0.13154319,1.633458,2.286007,-1.6064556,0.31073424,0.8421908,-1.4907851,1.7358922,-0.12776849,-0.42548817,-3.327165,1.5963684,-0.8237171,1.3789858,4.076952,1.5647748,1.178154,-1.2193732,-0.6960829,-3.049759,-1.2283275,-0.13705577,2.6962848,2.987954,0.90939015,-1.2028068,-0.9470651,-1.9695561,-1.7047064,0.6531113,0.6852079,-0.16915715,1.6390631,1.653579,2.328595,2.957743,-1.0269651,-1.4979239,-0.47746214,-1.962206,-1.5919974,-0.36454785,-0.7793983,-0.66100067,-1.448816,-3.0416303,-0.6686348,-1.7859672,1.0003039,-3.4562714,1.5433983,0.3383922,-1.8067815,1.5216775,0.20619288,-0.45003843,-0.35971168,-2.823629,-2.113787,0.48187426,-1.1701148,-1.8017316,2.9465249,-0.73370725,-0.13288718,2.2945693,-0.97588706,1.0013628,2.8346822,-0.80821097,-1.0905161,-0.7456946,-0.03284143,-2.1228108,1.6495993,-1.2562983,1.5861703,1.8695445,0.79759216,-0.4428325,-2.1251364,-0.5336228,0.026950207,-0.14913589,-0.2310167,0.6722152,1.0557669,1.8635821,2.165711,-1.6708841,-1.9547894,1.698403,2.7954946,-0.13365145,-0.1559338,-2.0584092,-2.325334,-2.9178553,1.0222557,1.7265967,2.007151,1.650785,0.63327414,-1.9661832,-1.9322474,-1.5904274,2.466051,0.4714324,0.12064482,1.4665644,-0.66158044,2.7214072,1.595145,-3.117781,-2.3197525,-0.19776456,-1.6574444,1.7090545,2.464808,-1.1771657,-1.9033982,1.4914297,-1.3534919,-0.60398346,-0.058002755
239,0.6963749,0.50644594,0.437934,-0.7412611,0.48906472,0.70312345,-0.60325927,0.12005235,-0.5862218,0.61100274,1.4236139,-0.6270926,-0.67947537,-0.46540356,0.10457399,0.19311698,-0.42974913,-0.00020599365,-0.59385574,-0.36309218,0.48768294,-0.21609777,1.3354067,0.6397651,-0.7743203,0.79220587,0.2568772,0.6846148,0.62242424,-0.6292934,-0.17006099,-0.17896438,-0.3389008,-0.49879086,0.14185463,1.0728892,-0.36166048,-0.57815397,-0.61361414,0.3425103,-0.5042516,-0.63408256,-0.7488537,0.6898337,0.25115648,-0.67239124,0.67494154,-0.5871098,0.40074605,1.0270381,-0.16952235,-0.8630223,-0.7675625,-0.758939,0.11036646,-0.12305945,0.8093244,0.5603541,-0.58038616,-0.21566552,-0.15713185,0.6481197,-0.34592897,0.385301,-0.047407687,0.003986556,1.0454936,0.3618377,0.95248884,-0.35190105,0.9434544,0.52531695,1.0713439,0.976468,-0.24178284,0.77750087,-0.14087129,0.87149143,0.4960737,-0.5259104,0.74252504,0.71635365,-0.43738914,-0.42492956,1.3302739,-0.35703254,-0.23599786,-0.3445812,0.7412821,0.2614913,-0.24928021,-0.19003367,0.50467783,-0.56389046,0.8028996,-0.4409737,-0.8624314,0.30447364,-0.28149313,-0.4965765,-0.6820009,-0.4842692,0.8504989,0.6538959,0.6781881,-0.15844685,0.6031498,0.49523586,-0.10729492,0.23090738,-0.60620844,1.2564288,-0.6457622,1.5274904,-0.4156279,0.030208342,0.31434476,-0.060676396,1.0352076,-0.46194565,-0.3253836,0.31827432,-0.31927353,-0.18346351,-0.6073068,-0.1673274,-0.46808952,-0.7864762,-0.2921332,-0.60777235,-0.3016862,-0.13154319,1.633458,2.286007,-1.6064556,0.31073424,0.8421908,-1.4907851,1.7358922,-0.12776849,-0.42548817,-3.327165,1.5963684,-0.8237171,1.3789858,4.076952,1.5647748,1.178154,-1.2193732,-0.6960829,-3.049759,-1.2283275,-0.13705577,2.6962848,2.987954,0.90939015,-1.2028068,-0.9470651,-1.9695561,-1.7047064,0.6531113,0.6852079,-0.16915715,1.6390631,1.653579,2.328595,2.957743,-1.0269651,-1.4979239,-0.47746214,-1.962206,-1.5919974,-0.36454785,-0.7793983,-0.66100067,-1.448816,-3.0416303,-0.6686348,-1.7859672,1.0003039,-3.4562714,1.5433983,0.3383922,-1.8067815,1.5216775,0.20619288,-0.45003843,-0.35971168,-2.823629,-2.113787,0.48187426,-1.1701148,-1.8017316,2.9465249,-0.73370725,-0.13288718,2.2945693,-0.97588706,1.0013628,2.8346822,-0.80821097,-1.0905161,-0.7456946,-0.03284143,-2.1228108,1.6495993,-1.2562983,1.5861703,1.8695445,0.79759216,-0.4428325,-2.1251364,-0.5336228,0.026950207,-0.14913589,-0.2310167,0.6722152,1.0557669,1.8635821,2.165711,-1.6708841,-1.9547894,1.698403,2.7954946,-0.13365145,-0.1559338,-2.0584092,-2.325334,-2.9178553,1.0222557,1.7265967,2.007151,1.650785,0.63327414,-1.9661832,-1.9322474,-1.5904274,2.466051,0.4714324,0.12064482,1.4665644,-0.66158044,2.7214072,1.595145,-3.117781,-2.3197525,-0.19776456,-1.6574444,1.7090545,2.464808,-1.1771657,-1.9033982,1.4914297,-1.3534919,-0.60398346,-0.058002755
240,0.6963749,0.50644594,0.437934,-0.7412611,0.48906472,0.70312345,-0.60325927,0.12005235,-0.5862218,0.61100274,1.4236139,-0.6270926,-0.67947537,-0.46540356,0.10457399,0.19311698,-0.42974913,-0.00020599365,-0.59385574,-0.36309218,0.48768294,-0.21609777,1.3354067,0.6397651,-0.7743203,0.79220587,0.2568772,0.6846148,0.62242424,-0.6292934,-0.17006099,-0.17896438,-0.3389008,-0.49879086,0.14185463,1.0728892,-0.36166048,-0.57815397,-0.61361414,0.3425103,-0.5042516,-0.63408256,-0.7488537,0.6898337,0.25115648,-0.67239124,0.67494154,-0.5871098,0.40074605,1.0270381,-0.16952235,-0.8630223,-0.7675625,-0.758939,0.11036646,-0.12305945,0.8093244,0.5603541,-0.58038616,-0.21566552,-0.15713185,0.6481197,-0.34592897,0.385301,-0.047407687,0.003986556,1.0454936,0.3618377,0.95248884,-0.35190105,0.9434544,0.52531695,1.0713439,0.976468,-0.24178284,0.77750087,-0.14087129,0.87149143,0.4960737,-0.5259104,0.74252504,0.71635365,-0.43738914,-0.42492956,1.3302739,-0.35703254,-0.23599786,-0.3445812,0.7412821,0.2614913,-0.24928021,-0.19003367,0.50467783,-0.56389046,0.8028996,-0.4409737,-0.8624314,0.30447364,-0.28149313,-0.4965765,-0.6820009,-0.4842692,0.8504989,0.6538959,0.6781881,-0.15844685,0.6031498,0.49523586,-0.10729492,0.23090738,-0.60620844,1.2564288,-0.6457622,1.5274904,-0.4156279,0.030208342,0.31434476,-0.060676396,1.0352076,-0.46194565,-0.3253836,0.31827432,-0.31927353,-0.18346351,-0.6073068,-0.1673274,-0.46808952,-0.7864762,-0.2921332,-0.60777235,-0.3016862,-0.13154319,1.633458,2.286007,-1.6064556,0.31073424,0.8421908,-1.4907851,1.7358922,-0.12776849,-0.42548817,-3.327165,1.5963684,-0.8237171,1.3789858,4.076952,1.5647748,1.178154,-1.2193732,-0.6960829,-3.049759,-1.2283275,-0.13705577,2.6962848,2.987954,0.90939015,-1.2028068,-0.9470651,-1.9695561,-1.7047064,0.6531113,0.6852079,-0.16915715,1.6390631,1.653579,2.328595,2.957743,-1.0269651,-1.4979239,-0.47746214,-1.962206,-1.5919974,-0.36454785,-0.7793983,-0.66100067,-1.448816,-3.0416303,-0.6686348,-1.7859672,1.0003039,-3.4562714,1.5433983,0.3383922,-1.8067815,1.5216775,0.20619288,-0.45003843,-0.35971168,-2.823629,-2.113787,0.48187426,-1.1701148,-1.8017316,2.9465249,-0.73370725,-0.13288718,2.2945693,-0.97588706,1.0013628,2.8346822,-0.80821097,-1.0905161,-0.7456946,-0.03284143,-2.1228108,1.6495993,-1.2562983,1.5861703,1.8695445,0.79759216,-0.4428325,-2.1251364,-0.5336228,0.026950207,-0.14913589,-0.2310167,0.6722152,1.0557669,1.8635821,2.165711,-1.6708841,-1.9547894,1.698403,2.7954946,-0.13365145,-0.1559338,-2.0584092,-2.325334,-2.9178553,1.0222557,1.7265967,2.007151,1.650785,0.63327414,-1.9661832,-1.9322474,-1.5904274,2.466051,0.4714324,0.12064482,1.4665644,-0.66158044,2.7214072,1.595145,-3.117781,-2.3197525,-0.19776456,-1.6574444,1.7090545,2.464808,-1.1771657,-1.9033982,1.4914297,-1.3534919,-0.60398346,-0.058002755
241,0.6963749,0.50644594,0.437934,-0.7412611,0.48906472,0.70312345,-0.60325927,0.12005235,-0.5862218,0.61100274,1.4236139,-0.6270926,-0.67947537,-0.46540356,0.10457399,0.19311698,-0.42974913,-0.00020599365,-0.59385574,-0.36309218,0.48768294,-0.21609777,1.3354067,0.6397651,-0.7743203,0.79220587,0.2568772,0.6846148,0.62242424,-0.6292934,-0.17006099,-0.17896438,-0.3389008,-0.49879086,0.14185463,1.0728892,-0.36166048,-0.57815397,-0.61361414,0.3425103,-0.5042516,-0.63408256,-0.7488537,0.6898337,0.25115648,-0.67239124,0.67494154,-0.5871098,0.40074605,1.0270381,-0.16952235,-0.8630223,-0.7675625,-0.758939,0.11036646,-0.12305945,0.8093244,0.5603541,-0.58038616,-0.21566552,-0.15713185,0.6481197,-0.34592897,0.385301,-0.047407687,0.003986556,1.0454936,0.3618377,0.95248884,-0.35190105,0.9434544,0.52531695,1.0713439,0.976468,-0.24178284,0.77750087,-0.14087129,0.87149143,0.4960737,-0.5259104,0.74252504,0.71635365,-0.43738914,-0.42492956,1.3302739,-0.35703254,-0.23599786,-0.3445812,0.7412821,0.2614913,-0.24928021,-0.19003367,0.50467783,-0.56389046,0.8028996,-0.4409737,-0.8624314,0.30447364,-0.28149313,-0.4965765,-0.6820009,-0.4842692,0.8504989,0.6538959,0.6781881,-0.15844685,0.6031498,0.49523586,-0.10729492,0.23090738,-0.60620844,1.2564288,-0.6457622,1.5274904,-0.4156279,0.030208342,0.31434476,-0.060676396,1.0352076,-0.46194565,-0.3253836,0.31827432,-0.31927353,-0.18346351,-0.6073068,-0.1673274,-0.46808952,-0.7864762,-0.2921332,-0.60777235,-0.3016862,-0.13154319,1.633458,2.286007,-1.6064556,0.31073424,0.8421908,-1.4907851,1.7358922,-0.12776849,-0.42548817,-3.327165,1.5963684,-0.8237171,1.3789858,4.076952,1.5647748,1.178154,-1.2193732,-0.6960829,-3.049759,-1.2283275,-0.13705577,2.6962848,2.987954,0.90939015,-1.2028068,-0.9470651,-1.9695561,-1.7047064,0.6531113,0.6852079,-0.16915715,1.6390631,1.653579,2.328595,2.957743,-1.0269651,-1.4979239,-0.47746214,-1.962206,-1.5919974,-0.36454785,-0.7793983,-0.66100067,-1.448816,-3.0416303,-0.6686348,-1.7859672,1.0003039,-3.4562714,1.5433983,0.3383922,-1.8067815,1.5216775,0.20619288,-0.45003843,-0.35971168,-2.823629,-2.113787,0.48187426,-1.1701148,-1.8017316,2.9465249,-0.73370725,-0.13288718,2.2945693,-0.97588706,1.0013628,2.8346822,-0.80821097,-1.0905161,-0.7456946,-0.03284143,-2.1228108,1.6495993,-1.2562983,1.5861703,1.8695445,0.79759216,-0.4428325,-2.1251364,-0.5336228,0.026950207,-0.14913589,-0.2310167,0.6722152,1.0557669,1.8635821,2.165711,-1.6708841,-1.9547894,1.698403,2.7954946,-0.13365145,-0.1559338,-2.0584092,-2.325334,-2.9178553,1.0222557,1.7265967,2.007151,1.650785,0.63327414,-1.9661832,-1.9322474,-1.5904274,2.466051,0.4714324,0.12064482,1.4665644,-0.66158044,2.7214072,1.595145,-3.117781,-2.3197525,-0.19776456,-1.6574444,1.7090545,2.464808,-1.1771657,-1.9033982,1.4914297,-1.3534919,-0.60398346,-0.058002755
242,0.6963749,0.50644594,0.437934,-0.7412611,0.48906472,0.70312345,-0.60325927,0.12005235,-0.5862218,0.61100274,1.4236139,-0.6270926,-0.67947537,-0.46540356,0.10457399,0.19311698,-0.42974913,-0.00020599365,-0.59385574,-0.36309218,0.48768294,-0.21609777,1.3354067,0.6397651,-0.7743203,0.79220587,0.2568772,0.6846148,0.62242424,-0.6292934,-0.17006099,-0.17896438,-0.3389008,-0.49879086,0.14185463,1.0728892,-0.36166048,-0.57815397,-0.61361414,0.3425103,-0.5042516,-0.63408256,-0.7488537,0.6898337,0.25115648,-0.67239124,0.67494154,-0.5871098,0.40074605,1.0270381,-0.16952235,-0.8630223,-0.7675625,-0.758939,0.11036646,-0.12305945,0.8093244,0.5603541,-0.58038616,-0.21566552,-0.15713185,0.6481197,-0.34592897,0.385301,-0.047407687,0.003986556,1.0454936,0.3618377,0.95248884,-0.35190105,0.9434544,0.52531695,1.0713439,0.976468,-0.24178284,0.77750087,-0.14087129,0.87149143,0.4960737,-0.5259104,0.74252504,0.71635365,-0.43738914,-0.42492956,1.3302739,-0.35703254,-0.23599786,-0.3445812,0.7412821,0.2614913,-0.24928021,-0.19003367,0.50467783,-0.56389046,0.8028996,-0.4409737,-0.8624314,0.30447364,-0.28149313,-0.4965765,-0.6820009,-0.4842692,0.8504989,0.6538959,0.6781881,-0.15844685,0.6031498,0.49523586,-0.10729492,0.23090738,-0.60620844,1.2564288,-0.6457622,1.5274904,-0.4156279,0.030208342,0.31434476,-0.060676396,1.0352076,-0.46194565,-0.3253836,0.31827432,-0.31927353,-0.18346351,-0.6073068,-0.1673274,-0.46808952,-0.7864762,-0.2921332,-0.60777235,-0.3016862,-0.13154319,1.633458,2.286007,-1.6064556,0.31073424,0.8421908,-1.4907851,1.7358922,-0.12776849,-0.42548817,-3.327165,1.5963684,-0.8237171,1.3789858,4.076952,1.5647748,1.178154,-1.2193732,-0.6960829,-3.049759,-1.2283275,-0.13705577,2.6962848,2.987954,0.90939015,-1.2028068,-0.9470651,-1.9695561,-1.7047064,0.6531113,0.6852079,-0.16915715,1.6390631,1.653579,2.328595,2.957743,-1.0269651,-1.4979239,-0.47746214,-1.962206,-1.5919974,-0.36454785,-0.7793983,-0.66100067,-1.448816,-3.0416303,-0.6686348,-1.7859672,1.0003039,-3.4562714,1.5433983,0.3383922,-1.8067815,1.5216775,0.20619288,-0.45003843,-0.35971168,-2.823629,-2.113787,0.48187426,-1.1701148,-1.8017316,2.9465249,-0.73370725,-0.13288718,2.2945693,-0.97588706,1.0013628,2.8346822,-0.80821097,-1.0905161,-0.7456946,-0.03284143,-2.1228108,1.6495993,-1.2562983,1.5861703,1.8695445,0.79759216,-0.4428325,-2.1251364,-0.5336228,0.026950207,-0.14913589,-0.2310167,0.6722152,1.0557669,1.8635821,2.165711,-1.6708841,-1.9547894,1.698403,2.7954946,-0.13365145,-0.1559338,-2.0584092,-2.325334,-2.9178553,1.0222557,1.7265967,2.007151,1.650785,0.63327414,-1.9661832,-1.9322474,-1.5904274,2.466051,0.4714324,0.12064482,1.4665644,-0.66158044,2.7214072,1.595145,-3.117781,-2.3197525,-0.19776456,-1.6574444,1.7090545,2.464808,-1.1771657,-1.9033982,1.4914297,-1.3534919,-0.60398346,-0.058002755
243,0.7167964,0.5016422,0.43372947,-0.74667907,0.4859007,0.71629363,-0.6089493,0.102473736,-0.583459,0.6328625,1.4365684,-0.6273315,-0.6888359,-0.46789813,0.1252051,0.18518434,-0.4328704,0.013226701,-0.58907145,-0.3788017,0.47718644,-0.20713323,1.3500621,0.62940234,-0.77364546,0.7965604,0.24024436,0.6630512,0.61091805,-0.6322359,-0.15459764,-0.20478964,-0.33024216,-0.4980569,0.14710337,1.0792828,-0.37960154,-0.57545555,-0.62446666,0.34918875,-0.5119873,-0.6296754,-0.7555177,0.69560945,0.2563023,-0.6794455,0.6804446,-0.59178877,0.41637212,1.0440807,-0.17051136,-0.86816466,-0.763305,-0.7649424,0.12611298,-0.095694244,0.8301965,0.5633403,-0.5868318,-0.22208321,-0.15689683,0.6525575,-0.35258925,0.4035952,-0.046376824,0.047869243,1.0466816,0.36670282,0.96189797,-0.36063093,0.95296437,0.5272956,1.08528,0.9917442,-0.20563948,0.7719221,-0.14841616,0.9020641,0.53178406,-0.52761996,0.75898075,0.7285838,-0.4470089,-0.41990864,1.3408933,-0.3528514,-0.23720062,-0.34120947,0.76500535,0.26802316,-0.23859906,-0.19002557,0.5154921,-0.5670241,0.82054126,-0.43323022,-0.86345595,0.27518898,-0.2884524,-0.5015792,-0.6874765,-0.4834624,0.8720501,0.65137637,0.68966866,-0.15261555,0.61392456,0.5195353,-0.10999322,0.24253169,-0.6172477,1.2740738,-0.6509473,1.5322096,-0.42688805,0.027297914,0.30370334,-0.054568768,1.0254989,-0.45109773,-0.31649518,0.3243331,-0.31985152,-0.18740982,-0.6086537,-0.16140312,-0.4553939,-0.7897324,-0.20171894,-0.71253836,-1.0056207,-0.12933356,1.527039,1.9365187,-1.8156023,0.63172275,0.37345356,-1.2531389,1.3827409,-0.8053515,-1.3634174,-2.1121604,1.1225969,-0.73129976,0.73505837,3.0827317,0.91082144,1.0371904,-0.76461285,-0.7568993,-1.9445608,-0.6874501,0.7061259,1.8332753,2.3054247,0.55023813,-0.8156895,-0.9983365,-0.8907809,-1.3041265,0.33533067,0.7486515,0.16884121,1.024831,0.44323358,2.3157403,2.186122,-0.46311855,-1.4813079,-0.10480294,-1.0384852,-2.0710542,-0.6591766,-0.7461562,-0.14196575,-0.8184702,-1.7774838,-0.72326416,-0.15149893,0.60325944,-2.4853256,1.0218078,0.72120064,-1.5615693,1.1291941,0.86342144,-0.7064594,-0.7451225,-1.0092131,-1.8748273,-0.10177275,-1.366909,-2.086798,2.2643769,-0.21695623,-0.31435916,1.2612671,-0.90126413,0.23867553,1.3597758,-0.84491366,-0.7515221,-0.82010955,-0.90004617,-1.435659,1.2157239,-1.3603655,1.4028803,0.61952394,0.23437756,-0.17359711,-1.6004544,-0.5484437,-0.10581106,-0.45616734,-0.14328533,-0.32597074,0.63587004,1.4061223,1.6214049,-0.6107692,-2.3139777,1.0030053,2.123096,-0.14672554,-0.5495788,-1.4482857,-1.4530327,-2.476126,0.28754196,0.8773196,1.4355431,0.79203045,1.0360042,-1.4795727,-1.7084287,-1.3698918,2.262233,0.6664638,0.6095918,0.96204615,-0.8812284,1.4706844,1.5310363,-2.6648772,-2.1681166,-0.050340883,-0.6303656,1.8331463,1.8895135,-0.5610272,-1.9403687,0.079139456,-1.7315066,-0.4866237,-0.49432674
244,0.6963749,0.50644594,0.437934,-0.7412611,0.48906472,0.70312345,-0.60325927,0.12005235,-0.5862218,0.61100274,1.4236139,-0.6270926,-0.67947537,-0.46540356,0.10457399,0.19311698,-0.42974913,-0.00020599365,-0.59385574,-0.36309218,0.48768294,-0.21609777,1.3354067,0.6397651,-0.7743203,0.79220587,0.2568772,0.6846148,0.62242424,-0.6292934,-0.17006099,-0.17896438,-0.3389008,-0.49879086,0.14185463,1.0728892,-0.36166048,-0.57815397,-0.61361414,0.3425103,-0.5042516,-0.63408256,-0.7488537,0.6898337,0.25115648,-0.67239124,0.67494154,-0.5871098,0.40074605,1.0270381,-0.16952235,-0.8630223,-0.7675625,-0.758939,0.11036646,-0.12305945,0.8093244,0.5603541,-0.58038616,-0.21566552,-0.15713185,0.6481197,-0.34592897,0.385301,-0.047407687,0.003986556,1.0454936,0.3618377,0.95248884,-0.35190105,0.9434544,0.52531695,1.0713439,0.976468,-0.24178284,0.77750087,-0.14087129,0.87149143,0.4960737,-0.5259104,0.74252504,0.71635365,-0.43738914,-0.42492956,1.3302739,-0.35703254,-0.23599786,-0.3445812,0.7412821,0.2614913,-0.24928021,-0.19003367,0.50467783,-0.56389046,0.8028996,-0.4409737,-0.8624314,0.30447364,-0.28149313,-0.4965765,-0.6820009,-0.4842692,0.8504989,0.6538959,0.6781881,-0.15844685,0.6031498,0.49523586,-0.10729492,0.23090738,-0.60620844,1.2564288,-0.6457622,1.5274904,-0.4156279,0.030208342,0.31434476,-0.060676396,1.0352076,-0.46194565,-0.3253836,0.31827432,-0.31927353,-0.18346351,-0.6073068,-0.1673274,-0.46808952,-0.7864762,-0.2921332,-0.60777235,-0.3016862,-0.13154319,1.633458,2.286007,-1.6064556,0.31073424,0.8421908,-1.4907851,1.7358922,-0.12776849,-0.42548817,-3.327165,1.5963684,-0.8237171,1.3789858,4.076952,1.5647748,1.178154,-1.2193732,-0.6960829,-3.049759,-1.2283275,-0.13705577,2.6962848,2.987954,0.90939015,-1.2028068,-0.9470651,-1.9695561,-1.7047064,0.6531113,0.6852079,-0.16915715,1.6390631,1.653579,2.328595,2.957743,-1.0269651,-1.4979239,-0.47746214,-1.962206,-1.5919974,-0.36454785,-0.7793983,-0.66100067,-1.448816,-3.0416303,-0.6686348,-1.7859672,1.0003039,-3.4562714,1.5433983,0.3383922,-1.8067815,1.5216775,0.20619288,-0.45003843,-0.35971168,-2.823629,-2.113787,0.48187426,-1.1701148,-1.8017316,2.9465249,-0.73370725,-0.13288718,2.2945693,-0.97588706,1.0013628,2.8346822,-0.80821097,-1.0905161,-0.7456946,-0.03284143,-2.1228108,1.6495993,-1.2562983,1.5861703,1.8695445,0.79759216,-0.4428325,-2.1251364,-0.5336228,0.026950207,-0.14913589,-0.2310167,0.6722152,1.0557669,1.8635821,2.165711,-1.6708841,-1.9547894,1.698403,2.7954946,-0.13365145,-0.1559338,-2.0584092,-2.325334,-2.9178553,1.0222557,1.7265967,2.007151,1.650785,0.63327414,-1.9661832,-1.9322474,-1.5904274,2.466051,0.4714324,0.12064482,1.4665644,-0.66158044,2.7214072,1.595145,-3.117781,-2.3197525,-0.19776456,-1.6574444,1.7090545,2.464808,-1.1771657,-1.9033982,1.4914297,-1.3534919,-0.60398346,-0.058002755
245,0.6963749,0.50644594,0.437934,-0.7412611,0.48906472,0.70312345,-0.60325927,0.12005235,-0.5862218,0.61100274,1.4236139,-0.6270926,-0.67947537,-0.46540356,0.10457399,0.19311698,-0.42974913,-0.00020599365,-0.59385574,-0.36309218,0.48768294,-0.21609777,1.3354067,0.6397651,-0.7743203,0.79220587,0.2568772,0.6846148,0.62242424,-0.6292934,-0.17006099,-0.17896438,-0.3389008,-0.49879086,0.14185463,1.0728892,-0.36166048,-0.57815397,-0.61361414,0.3425103,-0.5042516,-0.63408256,-0.7488537,0.6898337,0.25115648,-0.67239124,0.67494154,-0.5871098,0.40074605,1.0270381,-0.16952235,-0.8630223,-0.7675625,-0.758939,0.11036646,-0.12305945,0.8093244,0.5603541,-0.58038616,-0.21566552,-0.15713185,0.6481197,-0.34592897,0.385301,-0.047407687,0.003986556,1.0454936,0.3618377,0.95248884,-0.35190105,0.9434544,0.52531695,1.0713439,0.976468,-0.24178284,0.77750087,-0.14087129,0.87149143,0.4960737,-0.5259104,0.74252504,0.71635365,-0.43738914,-0.42492956,1.3302739,-0.35703254,-0.23599786,-0.3445812,0.7412821,0.2614913,-0.24928021,-0.19003367,0.50467783,-0.56389046,0.8028996,-0.4409737,-0.8624314,0.30447364,-0.28149313,-0.4965765,-0.6820009,-0.4842692,0.8504989,0.6538959,0.6781881,-0.15844685,0.6031498,0.49523586,-0.10729492,0.23090738,-0.60620844,1.2564288,-0.6457622,1.5274904,-0.4156279,0.030208342,0.31434476,-0.060676396,1.0352076,-0.46194565,-0.3253836,0.31827432,-0.31927353,-0.18346351,-0.6073068,-0.1673274,-0.46808952,-0.7864762,-0.2921332,-0.60777235,-0.3016862,-0.13154319,1.633458,2.286007,-1.6064556,0.31073424,0.8421908,-1.4907851,1.7358922,-0.12776849,-0.42548817,-3.327165,1.5963684,-0.8237171,1.3789858,4.076952,1.5647748,1.178154,-1.2193732,-0.6960829,-3.049759,-1.2283275,-0.13705577,2.6962848,2.987954,0.90939015,-1.2028068,-0.9470651,-1.9695561,-1.7047064,0.6531113,0.6852079,-0.16915715,1.6390631,1.653579,2.328595,2.957743,-1.0269651,-1.4979239,-0.47746214,-1.962206,-1.5919974,-0.36454785,-0.7793983,-0.66100067,-1.448816,-3.0416303,-0.6686348,-1.7859672,1.0003039,-3.4562714,1.5433983,0.3383922,-1.8067815,1.5216775,0.20619288,-0.45003843,-0.35971168,-2.823629,-2.113787,0.48187426,-1.1701148,-1.8017316,2.9465249,-0.73370725,-0.13288718,2.2945693,-0.97588706,1.0013628,2.8346822,-0.80821097,-1.0905161,-0.7456946,-0.03284143,-2.1228108,1.6495993,-1.2562983,1.5861703,1.8695445,0.79759216,-0.4428325,-2.1251364,-0.5336228,0.026950207,-0.14913589,-0.2310167,0.6722152,1.0557669,1.8635821,2.165711,-1.6708841,-1.9547894,1.698403,2.7954946,-0.13365145,-0.1559338,-2.0584092,-2.325334,-2.9178553,1.0222557,1.7265967,2.007151,1.650785,0.63327414,-1.9661832,-1.9322474,-1.5904274,2.466051,0.4714324,0.12064482,1.4665644,-0.66158044,2.7214072,1.595145,-3.117781,-2.3197525,-0.19776456,-1.6574444,1.7090545,2.464808,-1.1771657,-1.9033982,1.4914297,-1.3534919,-0.60398346,-0.058002755
246,0.6963749,0.50644594,0.437934,-0.7412611,0.48906472,0.70312345,-0.60325927,0.12005235,-0.5862218,0.61100274,1.4236139,-0.6270926,-0.67947537,-0.46540356,0.10457399,0.19311698,-0.42974913,-0.00020599365,-0.59385574,-0.36309218,0.48768294,-0.21609777,1.3354067,0.6397651,-0.7743203,0.79220587,0.2568772,0.6846148,0.62242424,-0.6292934,-0.17006099,-0.17896438,-0.3389008,-0.49879086,0.14185463,1.0728892,-0.36166048,-0.57815397,-0.61361414,0.3425103,-0.5042516,-0.63408256,-0.7488537,0.6898337,0.25115648,-0.67239124,0.67494154,-0.5871098,0.40074605,1.0270381,-0.16952235,-0.8630223,-0.7675625,-0.758939,0.11036646,-0.12305945,0.8093244,0.5603541,-0.58038616,-0.21566552,-0.15713185,0.6481197,-0.34592897,0.385301,-0.047407687,0.003986556,1.0454936,0.3618377,0.95248884,-0.35190105,0.9434544,0.52531695,1.0713439,0.976468,-0.24178284,0.77750087,-0.14087129,0.87149143,0.4960737,-0.5259104,0.74252504,0.71635365,-0.43738914,-0.42492956,1.3302739,-0.35703254,-0.23599786,-0.3445812,0.7412821,0.2614913,-0.24928021,-0.19003367,0.50467783,-0.56389046,0.8028996,-0.4409737,-0.8624314,0.30447364,-0.28149313,-0.4965765,-0.6820009,-0.4842692,0.8504989,0.6538959,0.6781881,-0.15844685,0.6031498,0.49523586,-0.10729492,0.23090738,-0.60620844,1.2564288,-0.6457622,1.5274904,-0.4156279,0.030208342,0.31434476,-0.060676396,1.0352076,-0.46194565,-0.3253836,0.31827432,-0.31927353,-0.18346351,-0.6073068,-0.1673274,-0.46808952,-0.7864762,-0.2921332,-0.60777235,-0.3016862,-0.13154319,1.633458,2.286007,-1.6064556,0.31073424,0.8421908,-1.4907851,1.7358922,-0.12776849,-0.42548817,-3.327165,1.5963684,-0.8237171,1.3789858,4.076952,1.5647748,1.178154,-1.2193732,-0.6960829,-3.049759,-1.2283275,-0.13705577,2.6962848,2.987954,0.90939015,-1.2028068,-0.9470651,-1.9695561,-1.7047064,0.6531113,0.6852079,-0.16915715,1.6390631,1.653579,2.328595,2.957743,-1.0269651,-1.4979239,-0.47746214,-1.962206,-1.5919974,-0.36454785,-0.7793983,-0.66100067,-1.448816,-3.0416303,-0.6686348,-1.7859672,1.0003039,-3.4562714,1.5433983,0.3383922,-1.8067815,1.5216775,0.20619288,-0.45003843,-0.35971168,-2.823629,-2.113787,0.48187426,-1.1701148,-1.8017316,2.9465249,-0.73370725,-0.13288718,2.2945693,-0.97588706,1.0013628,2.8346822,-0.80821097,-1.0905161,-0.7456946,-0.03284143,-2.1228108,1.6495993,-1.2562983,1.5861703,1.8695445,0.79759216,-0.4428325,-2.1251364,-0.5336228,0.026950207,-0.14913589,-0.2310167,0.6722152,1.0557669,1.8635821,2.165711,-1.6708841,-1.9547894,1.698403,2.7954946,-0.13365145,-0.1559338,-2.0584092,-2.325334,-2.9178553,1.0222557,1.7265967,2.007151,1.650785,0.63327414,-1.9661832,-1.9322474,-1.5904274,2.466051,0.4714324,0.12064482,1.4665644,-0.66158044,2.7214072,1.595145,-3.117781,-2.3197525,-0.19776456,-1.6574444,1.7090545,2.464808,-1.1771657,-1.9033982,1.4914297,-1.3534919,-0.60398346,-0.058002755
247,0.6963749,0.50644594,0.437934,-0.7412611,0.48906472,0.70312345,-0.60325927,0.12005235,-0.5862218,0.61100274,1.4236139,-0.6270926,-0.67947537,-0.46540356,0.10457399,0.19311698,-0.42974913,-0.00020599365,-0.59385574,-0.36309218,0.48768294,-0.21609777,1.3354067,0.6397651,-0.7743203,0.79220587,0.2568772,0.6846148,0.62242424,-0.6292934,-0.17006099,-0.17896438,-0.3389008,-0.49879086,0.14185463,1.0728892,-0.36166048,-0.57815397,-0.61361414,0.3425103,-0.5042516,-0.63408256,-0.7488537,0.6898337,0.25115648,-0.67239124,0.67494154,-0.5871098,0.40074605,1.0270381,-0.16952235,-0.8630223,-0.7675625,-0.758939,0.11036646,-0.12305945,0.8093244,0.5603541,-0.58038616,-0.21566552,-0.15713185,0.6481197,-0.34592897,0.385301,-0.047407687,0.003986556,1.0454936,0.3618377,0.95248884,-0.35190105,0.9434544,0.52531695,1.0713439,0.976468,-0.24178284,0.77750087,-0.14087129,0.87149143,0.4960737,-0.5259104,0.74252504,0.71635365,-0.43738914,-0.42492956,1.3302739,-0.35703254,-0.23599786,-0.3445812,0.7412821,0.2614913,-0.24928021,-0.19003367,0.50467783,-0.56389046,0.8028996,-0.4409737,-0.8624314,0.30447364,-0.28149313,-0.4965765,-0.6820009,-0.4842692,0.8504989,0.6538959,0.6781881,-0.15844685,0.6031498,0.49523586,-0.10729492,0.23090738,-0.60620844,1.2564288,-0.6457622,1.5274904,-0.4156279,0.030208342,0.31434476,-0.060676396,1.0352076,-0.46194565,-0.3253836,0.31827432,-0.31927353,-0.18346351,-0.6073068,-0.1673274,-0.46808952,-0.7864762,-0.2921332,-0.60777235,-0.3016862,-0.13154319,1.633458,2.286007,-1.6064556,0.31073424,0.8421908,-1.4907851,1.7358922,-0.12776849,-0.42548817,-3.327165,1.5963684,-0.8237171,1.3789858,4.076952,1.5647748,1.178154,-1.2193732,-0.6960829,-3.049759,-1.2283275,-0.13705577,2.6962848,2.987954,0.90939015,-1.2028068,-0.9470651,-1.9695561,-1.7047064,0.6531113,0.6852079,-0.16915715,1.6390631,1.653579,2.328595,2.957743,-1.0269651,-1.4979239,-0.47746214,-1.962206,-1.5919974,-0.36454785,-0.7793983,-0.66100067,-1.448816,-3.0416303,-0.6686348,-1.7859672,1.0003039,-3.4562714,1.5433983,0.3383922,-1.8067815,1.5216775,0.20619288,-0.45003843,-0.35971168,-2.823629,-2.113787,0.48187426,-1.1701148,-1.8017316,2.9465249,-0.73370725,-0.13288718,2.2945693,-0.97588706,1.0013628,2.8346822,-0.80821097,-1.0905161,-0.7456946,-0.03284143,-2.1228108,1.6495993,-1.2562983,1.5861703,1.8695445,0.79759216,-0.4428325,-2.1251364,-0.5336228,0.026950207,-0.14913589,-0.2310167,0.6722152,1.0557669,1.8635821,2.165711,-1.6708841,-1.9547894,1.698403,2.7954946,-0.13365145,-0.1559338,-2.0584092,-2.325334,-2.9178553,1.0222557,1.7265967,2.007151,1.650785,0.63327414,-1.9661832,-1.9322474,-1.5904274,2.466051,0.4714324,0.12064482,1.4665644,-0.66158044,2.7214072,1.595145,-3.117781,-2.3197525,-0.19776456,-1.6574444,1.7090545,2.464808,-1.1771657,-1.9033982,1.4914297,-1.3534919,-0.60398346,-0.058002755
248,0.6963749,0.50644594,0.437934,-0.7412611,0.48906472,0.70312345,-0.60325927,0.12005235,-0.5862218,0.61100274,1.4236139,-0.6270926,-0.67947537,-0.46540356,0.10457399,0.19311698,-0.42974913,-0.00020599365,-0.59385574,-0.36309218,0.48768294,-0.21609777,1.3354067,0.6397651,-0.7743203,0.79220587,0.2568772,0.6846148,0.62242424,-0.6292934,-0.17006099,-0.17896438,-0.3389008,-0.49879086,0.14185463,1.0728892,-0.36166048,-0.57815397,-0.61361414,0.3425103,-0.5042516,-0.63408256,-0.7488537,0.6898337,0.25115648,-0.67239124,0.67494154,-0.5871098,0.40074605,1.0270381,-0.16952235,-0.8630223,-0.7675625,-0.758939,0.11036646,-0.12305945,0.8093244,0.5603541,-0.58038616,-0.21566552,-0.15713185,0.6481197,-0.34592897,0.385301,-0.047407687,0.003986556,1.0454936,0.3618377,0.95248884,-0.35190105,0.9434544,0.52531695,1.0713439,0.976468,-0.24178284,0.77750087,-0.14087129,0.87149143,0.4960737,-0.5259104,0.74252504,0.71635365,-0.43738914,-0.42492956,1.3302739,-0.35703254,-0.23599786,-0.3445812,0.7412821,0.2614913,-0.24928021,-0.19003367,0.50467783,-0.56389046,0.8028996,-0.4409737,-0.8624314,0.30447364,-0.28149313,-0.4965765,-0.6820009,-0.4842692,0.8504989,0.6538959,0.6781881,-0.15844685,0.6031498,0.49523586,-0.10729492,0.23090738,-0.60620844,1.2564288,-0.6457622,1.5274904,-0.4156279,0.030208342,0.31434476,-0.060676396,1.0352076,-0.46194565,-0.3253836,0.31827432,-0.31927353,-0.18346351,-0.6073068,-0.1673274,-0.46808952,-0.7864762,-0.2921332,-0.60777235,-0.3016862,-0.13154319,1.633458,2.286007,-1.6064556,0.31073424,0.8421908,-1.4907851,1.7358922,-0.12776849,-0.42548817,-3.327165,1.5963684,-0.8237171,1.3789858,4.076952,1.5647748,1.178154,-1.2193732,-0.6960829,-3.049759,-1.2283275,-0.13705577,2.6962848,2.987954,0.90939015,-1.2028068,-0.9470651,-1.9695561,-1.7047064,0.6531113,0.6852079,-0.16915715,1.6390631,1.653579,2.328595,2.957743,-1.0269651,-1.4979239,-0.47746214,-1.962206,-1.5919974,-0.36454785,-0.7793983,-0.66100067,-1.448816,-3.0416303,-0.6686348,-1.7859672,1.0003039,-3.4562714,1.5433983,0.3383922,-1.8067815,1.5216775,0.20619288,-0.45003843,-0.35971168,-2.823629,-2.113787,0.48187426,-1.1701148,-1.8017316,2.9465249,-0.73370725,-0.13288718,2.2945693,-0.97588706,1.0013628,2.8346822,-0.80821097,-1.0905161,-0.7456946,-0.03284143,-2.1228108,1.6495993,-1.2562983,1.5861703,1.8695445,0.79759216,-0.4428325,-2.1251364,-0.5336228,0.026950207,-0.14913589,-0.2310167,0.6722152,1.0557669,1.8635821,2.165711,-1.6708841,-1.9547894,1.698403,2.7954946,-0.13365145,-0.1559338,-2.0584092,-2.325334,-2.9178553,1.0222557,1.7265967,2.007151,1.650785,0.63327414,-1.9661832,-1.9322474,-1.5904274,2.466051,0.4714324,0.12064482,1.4665644,-0.66158044,2.7214072,1.595145,-3.117781,-2.3197525,-0.19776456,-1.6574444,1.7090545,2.464808,-1.1771657,-1.9033982,1.4914297,-1.3534919,-0.60398346,-0.058002755
249,0.6963749,0.50644594,0.437934,-0.7412611,0.48906472,0.70312345,-0.60325927,0.12005235,-0.5862218,0.61100274,1.4236139,-0.6270926,-0.67947537,-0.46540356,0.10457399,0.19311698,-0.42974913,-0.00020599365,-0.59385574,-0.36309218,0.48768294,-0.21609777,1.3354067,0.6397651,-0.7743203,0.79220587,0.2568772,0.6846148,0.62242424,-0.6292934,-0.17006099,-0.17896438,-0.3389008,-0.49879086,0.14185463,1.0728892,-0.36166048,-0.57815397,-0.61361414,0.3425103,-0.5042516,-0.63408256,-0.7488537,0.6898337,0.25115648,-0.67239124,0.67494154,-0.5871098,0.40074605,1.0270381,-0.16952235,-0.8630223,-0.7675625,-0.758939,0.11036646,-0.12305945,0.8093244,0.5603541,-0.58038616,-0.21566552,-0.15713185,0.6481197,-0.34592897,0.385301,-0.047407687,0.003986556,1.0454936,0.3618377,0.95248884,-0.35190105,0.9434544,0.52531695,1.0713439,0.976468,-0.24178284,0.77750087,-0.14087129,0.87149143,0.4960737,-0.5259104,0.74252504,0.71635365,-0.43738914,-0.42492956,1.3302739,-0.35703254,-0.23599786,-0.3445812,0.7412821,0.2614913,-0.24928021,-0.19003367,0.50467783,-0.56389046,0.8028996,-0.4409737,-0.8624314,0.30447364,-0.28149313,-0.4965765,-0.6820009,-0.4842692,0.8504989,0.6538959,0.6781881,-0.15844685,0.6031498,0.49523586,-0.10729492,0.23090738,-0.60620844,1.2564288,-0.6457622,1.5274904,-0.4156279,0.030208342,0.31434476,-0.060676396,1.0352076,-0.46194565,-0.3253836,0.31827432,-0.31927353,-0.18346351,-0.6073068,-0.1673274,-0.46808952,-0.7864762,-0.2921332,-0.60777235,-0.3016862,-0.13154319,1.633458,2.286007,-1.6064556,0.31073424,0.8421908,-1.4907851,1.7358922,-0.12776849,-0.42548817,-3.327165,1.5963684,-0.8237171,1.3789858,4.076952,1.5647748,1.178154,-1.2193732,-0.6960829,-3.049759,-1.2283275,-0.13705577,2.6962848,2.987954,0.90939015,-1.2028068,-0.9470651,-1.9695561,-1.7047064,0.6531113,0.6852079,-0.16915715,1.6390631,1.653579,2.328595,2.957743,-1.0269651,-1.4979239,-0.47746214,-1.962206,-1.5919974,-0.36454785,-0.7793983,-0.66100067,-1.448816,-3.0416303,-0.6686348,-1.7859672,1.0003039,-3.4562714,1.5433983,0.3383922,-1.8067815,1.5216775,0.20619288,-0.45003843,-0.35971168,-2.823629,-2.113787,0.48187426,-1.1701148,-1.8017316,2.9465249,-0.73370725,-0.13288718,2.2945693,-0.97588706,1.0013628,2.8346822,-0.80821097,-1.0905161,-0.7456946,-0.03284143,-2.1228108,1.6495993,-1.2562983,1.5861703,1.8695445,0.79759216,-0.4428325,-2.1251364,-0.5336228,0.026950207,-0.14913589,-0.2310167,0.6722152,1.0557669,1.8635821,2.165711,-1.6708841,-1.9547894,1.698403,2.7954946,-0.13365145,-0.1559338,-2.0584092,-2.325334,-2.9178553,1.0222557,1.7265967,2.007151,1.650785,0.63327414,-1.9661832,-1.9322474,-1.5904274,2.466051,0.4714324,0.12064482,1.4665644,-0.66158044,2.7214072,1.595145,-3.117781,-2.3197525,-0.19776456,-1.6574444,1.7090545,2.464808,-1.1771657,-1.9033982,1.4914297,-1.3534919,-0.60398346,-0.058002755
250,0.6963749,0.50644594,0.437934,-0.7412611,0.48906472,0.70312345,-0.60325927,0.12005235,-0.5862218,0.61100274,1.4236139,-0.6270926,-0.67947537,-0.46540356,0.10457399,0.19311698,-0.42974913,-0.00020599365,-0.59385574,-0.36309218,0.48768294,-0.21609777,1.3354067,0.6397651,-0.7743203,0.79220587,0.2568772,0.6846148,0.62242424,-0.6292934,-0.17006099,-0.17896438,-0.3389008,-0.49879086,0.14185463,1.0728892,-0.36166048,-0.57815397,-0.61361414,0.3425103,-0.5042516,-0.63408256,-0.7488537,0.6898337,0.25115648,-0.67239124,0.67494154,-0.5871098,0.40074605,1.0270381,-0.16952235,-0.8630223,-0.7675625,-0.758939,0.11036646,-0.12305945,0.8093244,0.5603541,-0.58038616,-0.21566552,-0.15713185,0.6481197,-0.34592897,0.385301,-0.047407687,0.003986556,1.0454936,0.3618377,0.95248884,-0.35190105,0.9434544,0.52531695,1.0713439,0.976468,-0.24178284,0.77750087,-0.14087129,0.87149143,0.4960737,-0.5259104,0.74252504,0.71635365,-0.43738914,-0.42492956,1.3302739,-0.35703254,-0.23599786,-0.3445812,0.7412821,0.2614913,-0.24928021,-0.19003367,0.50467783,-0.56389046,0.8028996,-0.4409737,-0.8624314,0.30447364,-0.28149313,-0.4965765,-0.6820009,-0.4842692,0.8504989,0.6538959,0.6781881,-0.15844685,0.6031498,0.49523586,-0.10729492,0.23090738,-0.60620844,1.2564288,-0.6457622,1.5274904,-0.4156279,0.030208342,0.31434476,-0.060676396,1.0352076,-0.46194565,-0.3253836,0.31827432,-0.31927353,-0.18346351,-0.6073068,-0.1673274,-0.46808952,-0.7864762,-0.2921332,-0.60777235,-0.3016862,-0.13154319,1.633458,2.286007,-1.6064556,0.31073424,0.8421908,-1.4907851,1.7358922,-0.12776849,-0.42548817,-3.327165,1.5963684,-0.8237171,1.3789858,4.076952,1.5647748,1.178154,-1.2193732,-0.6960829,-3.049759,-1.2283275,-0.13705577,2.6962848,2.987954,0.90939015,-1.2028068,-0.9470651,-1.9695561,-1.7047064,0.6531113,0.6852079,-0.16915715,1.6390631,1.653579,2.328595,2.957743,-1.0269651,-1.4979239,-0.47746214,-1.962206,-1.5919974,-0.36454785,-0.7793983,-0.66100067,-1.448816,-3.0416303,-0.6686348,-1.7859672,1.0003039,-3.4562714,1.5433983,0.3383922,-1.8067815,1.5216775,0.20619288,-0.45003843,-0.35971168,-2.823629,-2.113787,0.48187426,-1.1701148,-1.8017316,2.9465249,-0.73370725,-0.13288718,2.2945693,-0.97588706,1.0013628,2.8346822,-0.80821097,-1.0905161,-0.7456946,-0.03284143,-2.1228108,1.6495993,-1.2562983,1.5861703,1.8695445,0.79759216,-0.4428325,-2.1251364,-0.5336228,0.026950207,-0.14913589,-0.2310167,0.6722152,1.0557669,1.8635821,2.165711,-1.6708841,-1.9547894,1.698403,2.7954946,-0.13365145,-0.1559338,-2.0584092,-2.325334,-2.9178553,1.0222557,1.7265967,2.007151,1.650785,0.63327414,-1.9661832,-1.9322474,-1.5904274,2.466051,0.4714324,0.12064482,1.4665644,-0.66158044,2.7214072,1.595145,-3.117781,-2.3197525,-0.19776456,-1.6574444,1.7090545,2.464808,-1.1771657,-1.9033982,1.4914297,-1.3534919,-0.60398346,-0.058002755
251,0.6963749,0.50644594,0.437934,-0.7412611,0.48906472,0.70312345,-0.60325927,0.12005235,-0.5862218,0.61100274,1.4236139,-0.6270926,-0.67947537,-0.46540356,0.10457399,0.19311698,-0.42974913,-0.00020599365,-0.59385574,-0.36309218,0.48768294,-0.21609777,1.3354067,0.6397651,-0.7743203,0.79220587,0.2568772,0.6846148,0.62242424,-0.6292934,-0.17006099,-0.17896438,-0.3389008,-0.49879086,0.14185463,1.0728892,-0.36166048,-0.57815397,-0.61361414,0.3425103,-0.5042516,-0.63408256,-0.7488537,0.6898337,0.25115648,-0.67239124,0.67494154,-0.5871098,0.40074605,1.0270381,-0.16952235,-0.8630223,-0.7675625,-0.758939,0.11036646,-0.12305945,0.8093244,0.5603541,-0.58038616,-0.21566552,-0.15713185,0.6481197,-0.34592897,0.385301,-0.047407687,0.003986556,1.0454936,0.3618377,0.95248884,-0.35190105,0.9434544,0.52531695,1.0713439,0.976468,-0.24178284,0.77750087,-0.14087129,0.87149143,0.4960737,-0.5259104,0.74252504,0.71635365,-0.43738914,-0.42492956,1.3302739,-0.35703254,-0.23599786,-0.3445812,0.7412821,0.2614913,-0.24928021,-0.19003367,0.50467783,-0.56389046,0.8028996,-0.4409737,-0.8624314,0.30447364,-0.28149313,-0.4965765,-0.6820009,-0.4842692,0.8504989,0.6538959,0.6781881,-0.15844685,0.6031498,0.49523586,-0.10729492,0.23090738,-0.60620844,1.2564288,-0.6457622,1.5274904,-0.4156279,0.030208342,0.31434476,-0.060676396,1.0352076,-0.46194565,-0.3253836,0.31827432,-0.31927353,-0.18346351,-0.6073068,-0.1673274,-0.46808952,-0.7864762,-0.2921332,-0.60777235,-0.3016862,-0.13154319,1.633458,2.286007,-1.6064556,0.31073424,0.8421908,-1.4907851,1.7358922,-0.12776849,-0.42548817,-3.327165,1.5963684,-0.8237171,1.3789858,4.076952,1.5647748,1.178154,-1.2193732,-0.6960829,-3.049759,-1.2283275,-0.13705577,2.6962848,2.987954,0.90939015,-1.2028068,-0.9470651,-1.9695561,-1.7047064,0.6531113,0.6852079,-0.16915715,1.6390631,1.653579,2.328595,2.957743,-1.0269651,-1.4979239,-0.47746214,-1.962206,-1.5919974,-0.36454785,-0.7793983,-0.66100067,-1.448816,-3.0416303,-0.6686348,-1.7859672,1.0003039,-3.4562714,1.5433983,0.3383922,-1.8067815,1.5216775,0.20619288,-0.45003843,-0.35971168,-2.823629,-2.113787,0.48187426,-1.1701148,-1.8017316,2.9465249,-0.73370725,-0.13288718,2.2945693,-0.97588706,1.0013628,2.8346822,-0.80821097,-1.0905161,-0.7456946,-0.03284143,-2.1228108,1.6495993,-1.2562983,1.5861703,1.8695445,0.79759216,-0.4428325,-2.1251364,-0.5336228,0.026950207,-0.14913589,-0.2310167,0.6722152,1.0557669,1.8635821,2.165711,-1.6708841,-1.9547894,1.698403,2.7954946,-0.13365145,-0.1559338,-2.0584092,-2.325334,-2.9178553,1.0222557,1.7265967,2.007151,1.650785,0.63327414,-1.9661832,-1.9322474,-1.5904274,2.466051,0.4714324,0.12064482,1.4665644,-0.66158044,2.7214072,1.595145,-3.117781,-2.3197525,-0.19776456,-1.6574444,1.7090545,2.464808,-1.1771657,-1.9033982,1.4914297,-1.3534919,-0.60398346,-0.058002755
252,0.6963749,0.50644594,0.437934,-0.7412611,0.48906472,0.70312345,-0.60325927,0.12005235,-0.5862218,0.61100274,1.4236139,-0.6270926,-0.67947537,-0.46540356,0.10457399,0.19311698,-0.42974913,-0.00020599365,-0.59385574,-0.36309218,0.48768294,-0.21609777,1.3354067,0.6397651,-0.7743203,0.79220587,0.2568772,0.6846148,0.62242424,-0.6292934,-0.17006099,-0.17896438,-0.3389008,-0.49879086,0.14185463,1.0728892,-0.36166048,-0.57815397,-0.61361414,0.3425103,-0.5042516,-0.63408256,-0.7488537,0.6898337,0.25115648,-0.67239124,0.67494154,-0.5871098,0.40074605,1.0270381,-0.16952235,-0.8630223,-0.7675625,-0.758939,0.11036646,-0.12305945,0.8093244,0.5603541,-0.58038616,-0.21566552,-0.15713185,0.6481197,-0.34592897,0.385301,-0.047407687,0.003986556,1.0454936,0.3618377,0.95248884,-0.35190105,0.9434544,0.52531695,1.0713439,0.976468,-0.24178284,0.77750087,-0.14087129,0.87149143,0.4960737,-0.5259104,0.74252504,0.71635365,-0.43738914,-0.42492956,1.3302739,-0.35703254,-0.23599786,-0.3445812,0.7412821,0.2614913,-0.24928021,-0.19003367,0.50467783,-0.56389046,0.8028996,-0.4409737,-0.8624314,0.30447364,-0.28149313,-0.4965765,-0.6820009,-0.4842692,0.8504989,0.6538959,0.6781881,-0.15844685,0.6031498,0.49523586,-0.10729492,0.23090738,-0.60620844,1.2564288,-0.6457622,1.5274904,-0.4156279,0.030208342,0.31434476,-0.060676396,1.0352076,-0.46194565,-0.3253836,0.31827432,-0.31927353,-0.18346351,-0.6073068,-0.1673274,-0.46808952,-0.7864762,-0.2921332,-0.60777235,-0.3016862,-0.13154319,1.633458,2.286007,-1.6064556,0.31073424,0.8421908,-1.4907851,1.7358922,-0.12776849,-0.42548817,-3.327165,1.5963684,-0.8237171,1.3789858,4.076952,1.5647748,1.178154,-1.2193732,-0.6960829,-3.049759,-1.2283275,-0.13705577,2.6962848,2.987954,0.90939015,-1.2028068,-0.9470651,-1.9695561,-1.7047064,0.6531113,0.6852079,-0.16915715,1.6390631,1.653579,2.328595,2.957743,-1.0269651,-1.4979239,-0.47746214,-1.962206,-1.5919974,-0.36454785,-0.7793983,-0.66100067,-1.448816,-3.0416303,-0.6686348,-1.7859672,1.0003039,-3.4562714,1.5433983,0.3383922,-1.8067815,1.5216775,0.20619288,-0.45003843,-0.35971168,-2.823629,-2.113787,0.48187426,-1.1701148,-1.8017316,2.9465249,-0.73370725,-0.13288718,2.2945693,-0.97588706,1.0013628,2.8346822,-0.80821097,-1.0905161,-0.7456946,-0.03284143,-2.1228108,1.6495993,-1.2562983,1.5861703,1.8695445,0.79759216,-0.4428325,-2.1251364,-0.5336228,0.026950207,-0.14913589,-0.2310167,0.6722152,1.0557669,1.8635821,2.165711,-1.6708841,-1.9547894,1.698403,2.7954946,-0.13365145,-0.1559338,-2.0584092,-2.325334,-2.9178553,1.0222557,1.7265967,2.007151,1.650785,0.63327414,-1.9661832,-1.9322474,-1.5904274,2.466051,0.4714324,0.12064482,1.4665644,-0.66158044,2.7214072,1.595145,-3.117781,-2.3197525,-0.19776456,-1.6574444,1.7090545,2.464808,-1.1771657,-1.9033982,1.4914297,-1.3534919,-0.60398346,-0.058002755
253,0.6963749,0.50644594,0.437934,-0.7412611,0.48906472,0.70312345,-0.60325927,0.12005235,-0.5862218,0.61100274,1.4236139,-0.6270926,-0.67947537,-0.46540356,0.10457399,0.19311698,-0.42974913,-0.00020599365,-0.59385574,-0.36309218,0.48768294,-0.21609777,1.3354067,0.6397651,-0.7743203,0.79220587,0.2568772,0.6846148,0.62242424,-0.6292934,-0.17006099,-0.17896438,-0.3389008,-0.49879086,0.14185463,1.0728892,-0.36166048,-0.57815397,-0.61361414,0.3425103,-0.5042516,-0.63408256,-0.7488537,0.6898337,0.25115648,-0.67239124,0.67494154,-0.5871098,0.40074605,1.0270381,-0.16952235,-0.8630223,-0.7675625,-0.758939,0.11036646,-0.12305945,0.8093244,0.5603541,-0.58038616,-0.21566552,-0.15713185,0.6481197,-0.34592897,0.385301,-0.047407687,0.003986556,1.0454936,0.3618377,0.95248884,-0.35190105,0.9434544,0.52531695,1.0713439,0.976468,-0.24178284,0.77750087,-0.14087129,0.87149143,0.4960737,-0.5259104,0.74252504,0.71635365,-0.43738914,-0.42492956,1.3302739,-0.35703254,-0.23599786,-0.3445812,0.7412821,0.2614913,-0.24928021,-0.19003367,0.50467783,-0.56389046,0.8028996,-0.4409737,-0.8624314,0.30447364,-0.28149313,-0.4965765,-0.6820009,-0.4842692,0.8504989,0.6538959,0.6781881,-0.15844685,0.6031498,0.49523586,-0.10729492,0.23090738,-0.60620844,1.2564288,-0.6457622,1.5274904,-0.4156279,0.030208342,0.31434476,-0.060676396,1.0352076,-0.46194565,-0.3253836,0.31827432,-0.31927353,-0.18346351,-0.6073068,-0.1673274,-0.46808952,-0.7864762,-0.2921332,-0.60777235,-0.3016862,-0.13154319,1.633458,2.286007,-1.6064556,0.31073424,0.8421908,-1.4907851,1.7358922,-0.12776849,-0.42548817,-3.327165,1.5963684,-0.8237171,1.3789858,4.076952,1.5647748,1.178154,-1.2193732,-0.6960829,-3.049759,-1.2283275,-0.13705577,2.6962848,2.987954,0.90939015,-1.2028068,-0.9470651,-1.9695561,-1.7047064,0.6531113,0.6852079,-0.16915715,1.6390631,1.653579,2.328595,2.957743,-1.0269651,-1.4979239,-0.47746214,-1.962206,-1.5919974,-0.36454785,-0.7793983,-0.66100067,-1.448816,-3.0416303,-0.6686348,-1.7859672,1.0003039,-3.4562714,1.5433983,0.3383922,-1.8067815,1.5216775,0.20619288,-0.45003843,-0.35971168,-2.823629,-2.113787,0.48187426,-1.1701148,-1.8017316,2.9465249,-0.73370725,-0.13288718,2.2945693,-0.97588706,1.0013628,2.8346822,-0.80821097,-1.0905161,-0.7456946,-0.03284143,-2.1228108,1.6495993,-1.2562983,1.5861703,1.8695445,0.79759216,-0.4428325,-2.1251364,-0.5336228,0.026950207,-0.14913589,-0.2310167,0.6722152,1.0557669,1.8635821,2.165711,-1.6708841,-1.9547894,1.698403,2.7954946,-0.13365145,-0.1559338,-2.0584092,-2.325334,-2.9178553,1.0222557,1.7265967,2.007151,1.650785,0.63327414,-1.9661832,-1.9322474,-1.5904274,2.466051,0.4714324,0.12064482,1.4665644,-0.66158044,2.7214072,1.595145,-3.117781,-2.3197525,-0.19776456,-1.6574444,1.7090545,2.464808,-1.1771657,-1.9033982,1.4914297,-1.3534919,-0.60398346,-0.058002755
254,0.6963749,0.50644594,0.437934,-0.7412611,0.48906472,0.70312345,-0.60325927,0.12005235,-0.5862218,0.61100274,1.4236139,-0.6270926,-0.67947537,-0.46540356,0.10457399,0.19311698,-0.42974913,-0.00020599365,-0.59385574,-0.36309218,0.48768294,-0.21609777,1.3354067,0.6397651,-0.7743203,0.79220587,0.2568772,0.6846148,0.62242424,-0.6292934,-0.17006099,-0.17896438,-0.3389008,-0.49879086,0.14185463,1.0728892,-0.36166048,-0.57815397,-0.61361414,0.3425103,-0.5042516,-0.63408256,-0.7488537,0.6898337,0.25115648,-0.67239124,0.67494154,-0.5871098,0.40074605,1.0270381,-0.16952235,-0.8630223,-0.7675625,-0.758939,0.11036646,-0.12305945,0.8093244,0.5603541,-0.58038616,-0.21566552,-0.15713185,0.6481197,-0.34592897,0.385301,-0.047407687,0.003986556,1.0454936,0.3618377,0.95248884,-0.35190105,0.9434544,0.52531695,1.0713439,0.976468,-0.24178284,0.77750087,-0.14087129,0.87149143,0.4960737,-0.5259104,0.74252504,0.71635365,-0.43738914,-0.42492956,1.3302739,-0.35703254,-0.23599786,-0.3445812,0.7412821,0.2614913,-0.24928021,-0.19003367,0.50467783,-0.56389046,0.8028996,-0.4409737,-0.8624314,0.30447364,-0.28149313,-0.4965765,-0.6820009,-0.4842692,0.8504989,0.6538959,0.6781881,-0.15844685,0.6031498,0.49523586,-0.10729492,0.23090738,-0.60620844,1.2564288,-0.6457622,1.5274904,-0.4156279,0.030208342,0.31434476,-0.060676396,1.0352076,-0.46194565,-0.3253836,0.31827432,-0.31927353,-0.18346351,-0.6073068,-0.1673274,-0.46808952,-0.7864762,-0.2921332,-0.60777235,-0.3016862,-0.13154319,1.633458,2.286007,-1.6064556,0.31073424,0.8421908,-1.4907851,1.7358922,-0.12776849,-0.42548817,-3.327165,1.5963684,-0.8237171,1.3789858,4.076952,1.5647748,1.178154,-1.2193732,-0.6960829,-3.049759,-1.2283275,-0.13705577,2.6962848,2.987954,0.90939015,-1.2028068,-0.9470651,-1.9695561,-1.7047064,0.6531113,0.6852079,-0.16915715,1.6390631,1.653579,2.328595,2.957743,-1.0269651,-1.4979239,-0.47746214,-1.962206,-1.5919974,-0.36454785,-0.7793983,-0.66100067,-1.448816,-3.0416303,-0.6686348,-1.7859672,1.0003039,-3.4562714,1.5433983,0.3383922,-1.8067815,1.5216775,0.20619288,-0.45003843,-0.35971168,-2.823629,-2.113787,0.48187426,-1.1701148,-1.8017316,2.9465249,-0.73370725,-0.13288718,2.2945693,-0.97588706,1.0013628,2.8346822,-0.80821097,-1.0905161,-0.7456946,-0.03284143,-2.1228108,1.6495993,-1.2562983,1.5861703,1.8695445,0.79759216,-0.4428325,-2.1251364,-0.5336228,0.026950207,-0.14913589,-0.2310167,0.6722152,1.0557669,1.8635821,2.165711,-1.6708841,-1.9547894,1.698403,2.7954946,-0.13365145,-0.1559338,-2.0584092,-2.325334,-2.9178553,1.0222557,1.7265967,2.007151,1.650785,0.63327414,-1.9661832,-1.9322474,-1.5904274,2.466051,0.4714324,0.12064482,1.4665644,-0.66158044,2.7214072,1.595145,-3.117781,-2.3197525,-0.19776456,-1.6574444,1.7090545,2.464808,-1.1771657,-1.9033982,1.4914297,-1.3534919,-0.60398346,-0.058002755
255,0.6963749,0.50644594,0.437934,-0.7412611,0.48906472,0.70312345,-0.60325927,0.12005235,-0.5862218,0.61100274,1.4236139,-0.6270926,-0.67947537,-0.46540356,0.10457399,0.19311698,-0.42974913,-0.00020599365,-0.59385574,-0.36309218,0.48768294,-0.21609777,1.3354067,0.6397651,-0.7743203,0.79220587,0.2568772,0.6846148,0.62242424,-0.6292934,-0.17006099,-0.17896438,-0.3389008,-0.49879086,0.14185463,1.0728892,-0.36166048,-0.57815397,-0.61361414,0.3425103,-0.5042516,-0.63408256,-0.7488537,0.6898337,0.25115648,-0.67239124,0.67494154,-0.5871098,0.40074605,1.0270381,-0.16952235,-0.8630223,-0.7675625,-0.758939,0.11036646,-0.12305945,0.8093244,0.5603541,-0.58038616,-0.21566552,-0.15713185,0.6481197,-0.34592897,0.385301,-0.047407687,0.003986556,1.0454936,0.3618377,0.95248884,-0.35190105,0.9434544,0.52531695,1.0713439,0.976468,-0.24178284,0.77750087,-0.14087129,0.87149143,0.4960737,-0.5259104,0.74252504,0.71635365,-0.43738914,-0.42492956,1.3302739,-0.35703254,-0.23599786,-0.3445812,0.7412821,0.2614913,-0.24928021,-0.19003367,0.50467783,-0.56389046,0.8028996,-0.4409737,-0.8624314,0.30447364,-0.28149313,-0.4965765,-0.6820009,-0.4842692,0.8504989,0.6538959,0.6781881,-0.15844685,0.6031498,0.49523586,-0.10729492,0.23090738,-0.60620844,1.2564288,-0.6457622,1.5274904,-0.4156279,0.030208342,0.31434476,-0.060676396,1.0352076,-0.46194565,-0.3253836,0.31827432,-0.31927353,-0.18346351,-0.6073068,-0.1673274,-0.46808952,-0.7864762,-0.2921332,-0.60777235,-0.3016862,-0.13154319,1.633458,2.286007,-1.6064556,0.31073424,0.8421908,-1.4907851,1.7358922,-0.12776849,-0.42548817,-3.327165,1.5963684,-0.8237171,1.3789858,4.076952,1.5647748,1.178154,-1.2193732,-0.6960829,-3.049759,-1.2283275,-0.13705577,2.6962848,2.987954,0.90939015,-1.2028068,-0.9470651,-1.9695561,-1.7047064,0.6531113,0.6852079,-0.16915715,1.6390631,1.653579,2.328595,2.957743,-1.0269651,-1.4979239,-0.47746214,-1.962206,-1.5919974,-0.36454785,-0.7793983,-0.66100067,-1.448816,-3.0416303,-0.6686348,-1.7859672,1.0003039,-3.4562714,1.5433983,0.3383922,-1.8067815,1.5216775,0.20619288,-0.45003843,-0.35971168,-2.823629,-2.113787,0.48187426,-1.1701148,-1.8017316,2.9465249,-0.73370725,-0.13288718,2.2945693,-0.97588706,1.0013628,2.8346822,-0.80821097,-1.0905161,-0.7456946,-0.03284143,-2.1228108,1.6495993,-1.2562983,1.5861703,1.8695445,0.79759216,-0.4428325,-2.1251364,-0.5336228,0.026950207,-0.14913589,-0.2310167,0.6722152,1.0557669,1.8635821,2.165711,-1.6708841,-1.9547894,1.698403,2.7954946,-0.13365145,-0.1559338,-2.0584092,-2.325334,-2.9178553,1.0222557,1.7265967,2.007151,1.650785,0.63327414,-1.9661832,-1.9322474,-1.5904274,2.466051,0.4714324,0.12064482,1.4665644,-0.66158044,2.7214072,1.595145,-3.117781,-2.3197525,-0.19776456,-1.6574444,1.7090545,2.464808,-1.1771657,-1.9033982,1.4914297,-1.3534919,-0.60398346,-0.058002755
256,0.6963749,0.50644594,0.437934,-0.7412611,0.48906472,0.70312345,-0.60325927,0.12005235,-0.5862218,0.61100274,1.4236139,-0.6270926,-0.67947537,-0.46540356,0.10457399,0.19311698,-0.42974913,-0.00020599365,-0.59385574,-0.36309218,0.48768294,-0.21609777,1.3354067,0.6397651,-0.7743203,0.79220587,0.2568772,0.6846148,0.62242424,-0.6292934,-0.17006099,-0.17896438,-0.3389008,-0.49879086,0.14185463,1.0728892,-0.36166048,-0.57815397,-0.61361414,0.3425103,-0.5042516,-0.63408256,-0.7488537,0.6898337,0.25115648,-0.67239124,0.67494154,-0.5871098,0.40074605,1.0270381,-0.16952235,-0.8630223,-0.7675625,-0.758939,0.11036646,-0.12305945,0.8093244,0.5603541,-0.58038616,-0.21566552,-0.15713185,0.6481197,-0.34592897,0.385301,-0.047407687,0.003986556,1.0454936,0.3618377,0.95248884,-0.35190105,0.9434544,0.52531695,1.0713439,0.976468,-0.24178284,0.77750087,-0.14087129,0.87149143,0.4960737,-0.5259104,0.74252504,0.71635365,-0.43738914,-0.42492956,1.3302739,-0.35703254,-0.23599786,-0.3445812,0.7412821,0.2614913,-0.24928021,-0.19003367,0.50467783,-0.56389046,0.8028996,-0.4409737,-0.8624314,0.30447364,-0.28149313,-0.4965765,-0.6820009,-0.4842692,0.8504989,0.6538959,0.6781881,-0.15844685,0.6031498,0.49523586,-0.10729492,0.23090738,-0.60620844,1.2564288,-0.6457622,1.5274904,-0.4156279,0.030208342,0.31434476,-0.060676396,1.0352076,-0.46194565,-0.3253836,0.31827432,-0.31927353,-0.18346351,-0.6073068,-0.1673274,-0.46808952,-0.7864762,-0.2921332,-0.60777235,-0.3016862,-0.13154319,1.633458,2.286007,-1.6064556,0.31073424,0.8421908,-1.4907851,1.7358922,-0.12776849,-0.42548817,-3.327165,1.5963684,-0.8237171,1.3789858,4.076952,1.5647748,1.178154,-1.2193732,-0.6960829,-3.049759,-1.2283275,-0.13705577,2.6962848,2.987954,0.90939015,-1.2028068,-0.9470651,-1.9695561,-1.7047064,0.6531113,0.6852079,-0.16915715,1.6390631,1.653579,2.328595,2.957743,-1.0269651,-1.4979239,-0.47746214,-1.962206,-1.5919974,-0.36454785,-0.7793983,-0.66100067,-1.448816,-3.0416303,-0.6686348,-1.7859672,1.0003039,-3.4562714,1.5433983,0.3383922,-1.8067815,1.5216775,0.20619288,-0.45003843,-0.35971168,-2.823629,-2.113787,0.48187426,-1.1701148,-1.8017316,2.9465249,-0.73370725,-0.13288718,2.2945693,-0.97588706,1.0013628,2.8346822,-0.80821097,-1.0905161,-0.7456946,-0.03284143,-2.1228108,1.6495993,-1.2562983,1.5861703,1.8695445,0.79759216,-0.4428325,-2.1251364,-0.5336228,0.026950207,-0.14913589,-0.2310167,0.6722152,1.0557669,1.8635821,2.165711,-1.6708841,-1.9547894,1.698403,2.7954946,-0.13365145,-0.1559338,-2.0584092,-2.325334,-2.9178553,1.0222557,1.7265967,2.007151,1.650785,0.63327414,-1.9661832,-1.9322474,-1.5904274,2.466051,0.4714324,0.12064482,1.4665644,-0.66158044,2.7214072,1.595145,-3.117781,-2.3197525,-0.19776456,-1.6574444,1.7090545,2.464808,-1.1771657,-1.9033982,1.4914297,-1.3534919,-0.60398346,-0.058002755
257,0.089152016,0.08400335,-0.033535957,-0.22696,0.09309088,0.06367557,-0.20652825,-0.05649203,-0.115253806,0.21148738,0.28038496,-0.0916338,-0.27986133,-0.13435549,0.17373592,0.016949106,0.032488197,0.07231294,-0.095774114,-0.16602606,0.07396825,-0.07639104,0.23349054,0.05683712,-0.19417137,0.112931535,-0.009343684,0.09224979,0.0065361373,-0.19242787,-0.02487421,-0.23286796,-0.03800714,-0.07590538,0.012918495,0.19925083,-0.1634891,-0.10025531,-0.27077526,0.097543746,-0.1441384,-0.09459108,-0.2523446,0.14885664,0.04133563,-0.2911427,0.14481957,-0.11069995,0.07660147,0.17893283,-0.009258628,-0.3619951,-0.17456889,-0.28622824,0.13334414,0.15850496,0.22217727,0.091441564,-0.15169501,-0.011060774,-0.00072950125,0.1242733,-0.104329646,0.16546229,0.006032983,0.17456967,0.18936169,0.054327834,0.15426026,-0.16690046,0.18671408,0.04918971,0.18234652,0.2504212,0.1431466,0.056698337,0.009626059,0.2697329,0.32998967,-0.114969015,0.21561325,0.19209808,-0.1748209,-0.057604253,0.25603452,-0.078553855,-0.051475644,0.016291069,0.23577306,0.06601088,-0.011484146,-0.057331026,0.12981828,-0.12620956,0.22276405,-0.024902701,-0.2987014,-0.08188385,-0.049900174,-0.17180556,-0.22502303,-0.09190488,0.19416139,0.0830298,0.1309675,0.014497209,0.142679,0.19096698,-0.026143491,0.0183487,-0.12847412,0.24136141,-0.19627124,0.2507863,-0.23383832,-0.002485454,-0.05091673,0.026669612,0.18681204,-0.0942986,-0.04242444,0.14414185,-0.062603414,-0.01204741,-0.13180882,-0.09347117,-0.063943565,-0.25348157,-0.038628176,-0.5368375,-0.7084236,0.104648516,0.20592837,0.41668084,-0.8979003,0.1698391,-0.013533555,-0.23821266,0.2597366,0.21617433,-0.18308853,-0.4519129,0.53753644,-0.49390882,0.3091458,0.92886096,0.20602389,0.06773845,-0.038271118,-0.6880759,-0.37435853,-0.23390691,0.6294862,0.6630457,0.525324,0.47449684,-0.025547083,-0.20950009,-0.3310417,-0.8765921,0.20802954,0.32122183,0.2422061,0.2868337,-0.11984775,0.8171094,0.4020968,-0.06107466,-0.24708217,0.2151807,-0.30133483,-0.85794014,-0.40923372,-0.50797814,0.22778617,-0.040407613,-0.770019,-0.55281985,0.14259584,-0.25365657,-0.35896605,0.29175186,0.39915812,-0.84959346,0.7678774,0.22736149,-0.16151038,-0.03606347,-0.120987475,-0.97755057,-0.25851646,-0.24218582,-0.90722555,0.4748982,0.00962783,-0.5485266,0.26979256,-0.2931084,0.09962621,0.14302859,-0.8664279,-0.25737602,-0.25572428,-0.28265008,-0.35908064,0.79926133,-0.4144786,0.5553312,0.019569382,-0.19134045,0.28710607,-0.32776368,0.020396002,0.33204934,-0.29946986,-0.0702933,-0.13049282,0.013138536,0.44926766,0.57149386,-0.19265483,-0.6995709,0.10216565,0.6210401,0.29544795,-0.30365226,-0.83532715,-0.3803628,-0.96000063,-0.5457508,0.2725258,0.39039686,0.27876827,0.48356944,-0.08869333,-0.8134176,-0.59673035,0.88457954,0.16631065,0.39438578,0.37777904,-0.561345,0.37839767,0.36895394,-1.134095,-0.977384,0.029340213,0.41114318,0.38652807,0.2541382,0.004167732,-0.77933645,0.26240912,-0.5209749,-0.4096403,-0.18916932
258,0.120409995,0.10756108,-0.011004329,-0.27408624,0.1037616,0.17937265,-0.24774522,-0.058460176,-0.1112501,0.23105346,0.32877412,-0.113102615,-0.3038215,-0.14148706,0.16446988,0.02241531,-0.038638175,0.0881081,-0.11833894,-0.17725474,0.098374605,-0.038948238,0.2795719,0.08259816,-0.26358467,0.12368266,-0.029587805,0.09580044,0.031513892,-0.19699544,-0.003656149,-0.22150373,-0.04247892,-0.08238691,0.022692813,0.25294366,-0.17184818,-0.11621004,-0.31021428,0.11366353,-0.15952086,-0.14471555,-0.30633867,0.20275432,0.04752618,-0.31268907,0.18564935,-0.17079598,0.13362834,0.18963362,-0.027412117,-0.42434227,-0.18703812,-0.32254624,0.16153885,0.14955144,0.23660874,0.12510046,-0.19465321,-0.00128901,-0.035362124,0.15016067,-0.13483417,0.17310362,0.012716221,0.2400968,0.21305473,0.065817475,0.19322932,-0.15089196,0.22424418,0.09374911,0.23273717,0.2712958,0.1644583,0.092690706,0.036406904,0.29970095,0.34630427,-0.16043693,0.2245024,0.20529483,-0.1982795,-0.07323152,0.30241278,-0.097931325,-0.048595786,-0.014791071,0.25198343,0.059575006,-0.033458054,-0.013358355,0.14352486,-0.16060084,0.2683249,-0.029905617,-0.3433377,-0.10175985,-0.069055974,-0.16091561,-0.26117122,-0.11129439,0.27830327,0.079734966,0.15527233,0.025716607,0.16409457,0.21329412,-0.028952003,0.034196395,-0.21340352,0.2822196,-0.21177697,0.30551165,-0.25498718,-0.05554074,-0.02672571,0.08448325,0.1589798,-0.08669233,-0.04054773,0.17922658,-0.062150836,-0.01676184,-0.14112377,-0.0937348,-0.07998723,-0.3305617,-0.10437068,-0.6200618,-0.45879585,-0.22035958,0.13998497,0.47811756,-0.7847729,0.09882563,-0.13258319,0.11371476,0.24078365,0.24919483,-0.092941985,-0.39115325,0.34238666,-0.326721,0.3326536,0.6526631,0.34074086,0.020033134,0.12495142,-0.53149897,-0.2152227,-0.40361995,0.46865544,0.44931236,0.40744534,0.19776598,-0.13639529,-0.14373437,0.042385936,-0.42534947,0.1590811,0.334868,0.1500148,0.31245932,-0.16356535,0.7928434,0.44247937,0.33440349,-0.23634163,-0.02004135,-0.36473843,-0.7726189,-0.11587578,-0.4874443,0.34383628,-0.1579983,-0.5899726,-0.41850868,0.10129944,-0.06236127,-0.43172774,0.5409424,0.20316087,-0.531334,0.29895684,0.26901573,-0.027541902,-0.25346372,-0.00066256523,-0.86320555,-0.4693754,-0.27411887,-0.50346184,0.3332104,0.12011123,-0.60759956,0.41527578,-0.119725026,0.054076754,0.035677932,-0.1150505,-0.60768354,-0.21379885,-0.28358117,-0.11950777,0.23029405,-0.24005511,0.33851832,0.31101996,-0.103754304,0.13875157,-0.47811502,0.056251813,0.28780964,-0.28132632,-0.21088852,-0.062695585,-0.2615249,0.5633359,0.32573587,-0.05092377,-0.432043,0.11740662,0.46760598,0.31819928,0.0189475,-0.8208179,-0.50452834,-0.820063,-0.45232612,0.1381679,0.4615559,-0.13162489,0.64641243,-0.42632154,-0.4289414,-0.81208616,0.3751944,-0.00047606416,0.38899082,0.11432588,-0.65822595,0.2218171,0.3450363,-1.1493611,-0.856216,0.014400538,0.09079619,0.50527126,0.4283922,0.4725771,-0.38546228,0.098869264,-0.49239823,-0.20243283,-0.18394068
259,0.61927146,0.4812116,0.41737694,-0.71359193,0.47389933,0.64196205,-0.56986356,0.12987533,-0.56881946,0.54088545,1.3364788,-0.60183597,-0.64266247,-0.4417057,0.07937922,0.19901702,-0.40726334,-0.023095846,-0.5829083,-0.32709545,0.4852926,-0.23260885,1.23126,0.6190237,-0.7609232,0.73823935,0.2582837,0.6901924,0.5892414,-0.60576075,-0.19038403,-0.14986229,-0.33570862,-0.47701085,0.12211845,1.0204349,-0.32438982,-0.56258285,-0.58254004,0.31085548,-0.47054273,-0.61490667,-0.72095835,0.64175504,0.23752765,-0.64476395,0.63162875,-0.5604985,0.35846075,0.9475206,-0.16088313,-0.8406147,-0.7551653,-0.7319679,0.092417754,-0.15393198,0.7484611,0.5235465,-0.5490314,-0.19935554,-0.15932053,0.60415083,-0.32718414,0.34508696,-0.037555397,-0.057680547,0.99433285,0.3290509,0.8856486,-0.32321578,0.89509606,0.49189636,0.9878389,0.9028536,-0.2765935,0.735695,-0.1226697,0.7710287,0.42622986,-0.50413644,0.69053024,0.65981185,-0.39790058,-0.41206157,1.2472968,-0.35424417,-0.23074102,-0.32839358,0.6842943,0.24203902,-0.24838674,-0.17633307,0.457288,-0.5376067,0.73126686,-0.43732238,-0.84452266,0.3159124,-0.25922805,-0.4695173,-0.65676266,-0.4640715,0.7663712,0.61781704,0.6208865,-0.16033041,0.5462212,0.42234498,-0.10400945,0.19104876,-0.5651806,1.1557863,-0.62030023,1.4468554,-0.38530797,0.021345787,0.31221178,-0.0652647,0.9929589,-0.46314794,-0.32350546,0.2952489,-0.3043639,-0.16982174,-0.58163446,-0.17817897,-0.47533143,-0.76436615,0.09017906,-0.3449815,-0.90711564,-0.2830787,0.12866502,0.87222123,-1.442297,0.7858692,-0.3612809,-0.4507151,0.6813347,-0.14815858,-0.7393829,-0.75626755,0.7574155,-0.35058135,0.16818152,1.2388381,0.48963818,-0.36864376,0.055402398,-1.1815484,-0.61956257,-0.6584469,0.5411278,0.9766558,0.7936482,0.031104624,-0.03292626,-0.46884626,-0.3599938,-1.0586066,0.11769222,0.16781063,0.59832174,0.07220113,-0.4099508,1.133613,0.3615477,0.268647,-0.45019758,0.8098353,-0.48206717,-0.75584555,-0.41821888,-0.6054038,0.2266223,-0.24061976,-1.1210529,-0.69421124,0.4336604,-0.026332125,-0.73829585,0.3435648,0.7023379,-0.9376764,0.588792,0.5413325,-0.28450072,-0.4219016,0.22861816,-1.2538515,-0.53479874,-0.266184,-1.5055994,0.37659374,-0.08637271,-0.73276436,-0.0498105,-0.70233876,-0.24780118,0.6388289,-0.58457583,-0.7579526,-0.4895625,-0.53757685,-0.8692626,0.80018467,-0.42448986,0.5301052,-0.09441667,-0.14867423,-0.0014449395,-0.17049058,0.09491079,0.6808395,-0.4560782,0.07142305,-0.13815263,-0.07891755,0.609858,0.51609176,-0.07533729,-1.3465301,0.065983124,0.7631818,0.59802693,-0.42895383,-1.0401119,-0.31320426,-1.1828204,-0.50344694,0.5715143,0.11153147,0.29491904,0.5603765,-0.14581187,-0.96684086,-0.87626857,1.3490967,-0.024295017,0.1427156,0.4627128,-0.46275073,0.4113416,0.4709201,-1.5458996,-1.4808948,-0.17371216,0.23064892,0.5375035,0.72048736,0.45237732,-1.4290719,0.06581263,-0.9222957,-0.2950503,-0.39683658
260,0.61927146,0.4812116,0.41737694,-0.71359193,0.47389933,0.64196205,-0.56986356,0.12987533,-0.56881946,0.54088545,1.3364788,-0.60183597,-0.64266247,-0.4417057,0.07937922,0.19901702,-0.40726334,-0.023095846,-0.5829083,-0.32709545,0.4852926,-0.23260885,1.23126,0.6190237,-0.7609232,0.73823935,0.2582837,0.6901924,0.5892414,-0.60576075,-0.19038403,-0.14986229,-0.33570862,-0.47701085,0.12211845,1.0204349,-0.32438982,-0.56258285,-0.58254004,0.31085548,-0.47054273,-0.61490667,-0.72095835,0.64175504,0.23752765,-0.64476395,0.63162875,-0.5604985,0.35846075,0.9475206,-0.16088313,-0.8406147,-0.7551653,-0.7319679,0.092417754,-0.15393198,0.7484611,0.5235465,-0.5490314,-0.19935554,-0.15932053,0.60415083,-0.32718414,0.34508696,-0.037555397,-0.057680547,0.99433285,0.3290509,0.8856486,-0.32321578,0.89509606,0.49189636,0.9878389,0.9028536,-0.2765935,0.735695,-0.1226697,0.7710287,0.42622986,-0.50413644,0.69053024,0.65981185,-0.39790058,-0.41206157,1.2472968,-0.35424417,-0.23074102,-0.32839358,0.6842943,0.24203902,-0.24838674,-0.17633307,0.457288,-0.5376067,0.73126686,-0.43732238,-0.84452266,0.3159124,-0.25922805,-0.4695173,-0.65676266,-0.4640715,0.7663712,0.61781704,0.6208865,-0.16033041,0.5462212,0.42234498,-0.10400945,0.19104876,-0.5651806,1.1557863,-0.62030023,1.4468554,-0.38530797,0.021345787,0.31221178,-0.0652647,0.9929589,-0.46314794,-0.32350546,0.2952489,-0.3043639,-0.16982174,-0.58163446,-0.17817897,-0.47533143,-0.76436615,0.09017906,-0.3449815,-0.90711564,-0.2830787,0.12866502,0.87222123,-1.442297,0.7858692,-0.3612809,-0.4507151,0.6813347,-0.14815858,-0.7393829,-0.75626755,0.7574155,-0.35058135,0.16818152,1.2388381,0.48963818,-0.36864376,0.055402398,-1.1815484,-0.61956257,-0.6584469,0.5411278,0.9766558,0.7936482,0.031104624,-0.03292626,-0.46884626,-0.3599938,-1.0586066,0.11769222,0.16781063,0.59832174,0.07220113,-0.4099508,1.133613,0.3615477,0.268647,-0.45019758,0.8098353,-0.48206717,-0.75584555,-0.41821888,-0.6054038,0.2266223,-0.24061976,-1.1210529,-0.69421124,0.4336604,-0.026332125,-0.73829585,0.3435648,0.7023379,-0.9376764,0.588792,0.5413325,-0.28450072,-0.4219016,0.22861816,-1.2538515,-0.53479874,-0.266184,-1.5055994,0.37659374,-0.08637271,-0.73276436,-0.0498105,-0.70233876,-0.24780118,0.6388289,-0.58457583,-0.7579526,-0.4895625,-0.53757685,-0.8692626,0.80018467,-0.42448986,0.5301052,-0.09441667,-0.14867423,-0.0014449395,-0.17049058,0.09491079,0.6808395,-0.4560782,0.07142305,-0.13815263,-0.07891755,0.609858,0.51609176,-0.07533729,-1.3465301,0.065983124,0.7631818,0.59802693,-0.42895383,-1.0401119,-0.31320426,-1.1828204,-0.50344694,0.5715143,0.11153147,0.29491904,0.5603765,-0.14581187,-0.96684086,-0.87626857,1.3490967,-0.024295017,0.1427156,0.4627128,-0.46275073,0.4113416,0.4709201,-1.5458996,-1.4808948,-0.17371216,0.23064892,0.5375035,0.72048736,0.45237732,-1.4290719,0.06581263,-0.9222957,-0.2950503,-0.39683658
261,0.5609603,0.5274155,0.38258126,-0.7207744,0.4918319,0.7113836,-0.6117579,0.061568554,-0.5758581,0.5260712,1.3004396,-0.5858582,-0.6542493,-0.44629312,0.104910925,0.21246934,-0.43172568,0.02406058,-0.5531142,-0.3456065,0.4937515,-0.24747783,1.2734071,0.5810036,-0.76017684,0.7703558,0.25476363,0.6631378,0.57602435,-0.59600943,-0.14377844,-0.16151434,-0.3498478,-0.48233986,0.18567486,0.98853713,-0.28908247,-0.58453107,-0.5780146,0.291456,-0.48397028,-0.61161023,-0.7215793,0.638585,0.28577355,-0.655619,0.6883662,-0.55928665,0.37078673,0.91372,-0.14652646,-0.84379286,-0.7374574,-0.7267854,0.10279451,-0.17320943,0.7283707,0.5406529,-0.5742649,-0.22370595,-0.17867923,0.64177203,-0.347349,0.34812525,-0.066218555,0.07075298,1.0127763,0.33262962,0.923267,-0.34698927,0.98037094,0.552989,0.986924,0.9387345,-0.23138219,0.7313024,-0.10780966,0.80862516,0.4658585,-0.48321176,0.69926363,0.69607955,-0.44979656,-0.40798455,1.2970139,-0.37840962,-0.22407305,-0.3256545,0.69649357,0.26584765,-0.25402975,-0.17939705,0.40870923,-0.552035,0.78018963,-0.43677908,-0.84387887,0.26569328,-0.25506175,-0.46696538,-0.6659186,-0.44715023,0.81889766,0.6015699,0.5980626,-0.12574875,0.57045007,0.4468416,-0.08229607,0.21275684,-0.57698137,1.1590824,-0.6062393,1.4392141,-0.4067775,-0.058536112,0.3434768,-0.025841415,0.9051845,-0.45967525,-0.29248607,0.3236456,-0.2895667,-0.1287871,-0.5626557,-0.21763039,-0.4463604,-0.7667931,0.5673532,-0.3600795,-1.4591113,-0.28437373,0.30860403,0.13070415,-1.5104402,0.63070554,-0.73174196,-0.14487559,0.38441595,0.08496274,-0.3078644,-0.6657101,1.1626362,0.05732827,0.5468197,1.7001693,0.8845081,-0.69711065,-0.38097432,-0.5388631,-0.4766548,-0.16462518,0.22457229,1.1122217,0.52559316,0.29986218,0.20947048,0.6324946,0.024085917,-1.4204667,0.0292476,-0.062296174,0.79376423,-0.5031668,-0.5017668,1.3200468,0.5829986,0.02421654,-0.59551674,0.35833412,0.04093393,-1.1499602,-0.39407396,-0.09482792,0.9499301,0.012535557,-0.61642265,-0.55047446,0.19038811,0.23787503,-0.4090452,0.025408871,0.57741076,-1.0107243,1.0193889,-0.037862793,-0.11959727,-0.495152,0.0032722056,-1.4062746,-0.34744218,0.050515592,-0.76187176,0.36201876,0.4444457,-1.0207303,0.38367993,-0.4710678,-0.13674206,1.0448778,-0.5979005,-0.81069493,-0.4292497,-0.7000957,-0.42876104,0.07639782,-0.44584426,-0.2826403,-0.6100755,0.21445066,-0.10140863,0.31437105,0.14796598,0.62749225,-0.46648625,-0.069907434,-0.1447685,-0.16874975,0.43749097,0.02448935,-0.15356532,-1.0077524,0.7796447,0.35473487,0.567192,0.042749852,-0.97711843,0.11771945,-1.0468602,-1.2469988,0.6441173,0.1911054,1.095715,1.3554714,0.18510589,-0.5093551,-0.74042064,0.9785706,0.7009253,0.93701535,0.459467,-0.5623944,0.23831803,0.0047048256,-1.4687346,-1.3935486,0.219347,0.42050788,0.36331546,0.22301833,-0.39412925,-0.71617705,0.23418003,-0.7273881,-1.3821267,-0.31148672
262,0.61650646,0.4806597,0.417341,-0.7063008,0.47054946,0.6453473,-0.5708317,0.13832533,-0.56726253,0.5325032,1.328569,-0.60661036,-0.63703835,-0.4408787,0.076769285,0.19683672,-0.3940379,-0.027229846,-0.5801821,-0.31429964,0.4750576,-0.23235875,1.2276607,0.61835796,-0.75969636,0.731883,0.2579736,0.6965394,0.60801566,-0.6043613,-0.19426942,-0.14012146,-0.33771992,-0.47730798,0.11777389,1.0116618,-0.31492317,-0.559203,-0.57194716,0.3130437,-0.47339272,-0.62133336,-0.715628,0.6377169,0.23198469,-0.6376344,0.6140507,-0.55115455,0.3569442,0.9425117,-0.15524411,-0.8347814,-0.75721633,-0.7255424,0.0869067,-0.1548394,0.73299325,0.5337701,-0.54275537,-0.19186926,-0.15132594,0.59209,-0.32141185,0.3269415,-0.04142809,-0.07263005,0.98366517,0.31302008,0.87491125,-0.33327603,0.877839,0.48819086,0.97895074,0.8959083,-0.29009724,0.7322233,-0.11511278,0.7581371,0.40248632,-0.50080204,0.67151487,0.6534171,-0.3953058,-0.40970933,1.2274973,-0.3533014,-0.22791046,-0.32662863,0.66905,0.23717391,-0.25005078,-0.17150491,0.4481821,-0.5324795,0.7195681,-0.4357316,-0.8441605,0.3360683,-0.25935167,-0.47009975,-0.6504396,-0.45823133,0.75200355,0.60215163,0.6105672,-0.1642952,0.53824353,0.4190675,-0.091032326,0.1895594,-0.56019914,1.152468,-0.6134008,1.42849,-0.3780728,0.028536161,0.29874212,-0.06547207,0.99652356,-0.46316975,-0.32867855,0.28416002,-0.30503082,-0.16630065,-0.57585204,-0.16932476,-0.47823036,-0.75786245,-0.1489157,-0.17543268,-0.79196614,-0.28514788,0.33001432,0.7760754,-1.1141446,0.8815676,-0.279451,-0.24460952,0.6274271,-0.018517803,-0.6781192,-0.7013387,0.63068616,-0.62217265,0.07564529,1.5844368,0.42989627,-0.38653755,0.11057997,-0.7996903,-0.27964044,-0.5997381,0.7781313,0.6748046,0.88258636,0.14993216,-0.14889319,-0.39202616,0.014140656,-1.1120749,0.16448508,0.37481487,0.36083254,0.13071784,-0.36499205,1.1368994,0.45292112,0.32285598,-0.5094988,0.5472397,-0.6225733,-0.748517,-0.6077628,-0.5153201,0.120248616,-0.089285195,-1.0786706,-0.8208717,0.33540383,-0.16177352,-0.20107375,0.4152692,0.44710532,-0.88551116,0.38639814,0.6390378,-0.3168865,-0.41023865,-0.13168228,-0.77726024,-0.5566934,-0.1744766,-1.2343833,0.12543276,0.06436887,-0.6092491,0.3910058,-0.5053186,-0.06160096,0.45066229,-0.9144823,-0.5735118,-0.5817704,-0.32780373,-0.4657546,0.5410171,-0.31886685,0.51807046,-0.056833778,0.08930087,0.0786081,-0.51843673,0.06990672,0.22258177,-0.3202065,-0.104711145,-0.48340386,0.07095061,0.316643,0.4244936,-0.16672055,-1.045732,0.004194783,0.70999724,0.5555231,-0.4740611,-0.92763805,-0.35444704,-1.159516,-0.5437351,0.4312373,0.09134633,0.20538738,1.0035311,-0.11303118,-1.0635974,-0.5013981,0.98484266,0.25767165,0.20741346,0.2983325,-0.54121757,0.32517877,0.59083426,-1.695069,-1.261735,-0.15048717,0.043425612,0.61528057,0.592107,0.37258452,-1.2584019,-0.09415169,-0.9102268,-0.3281152,-0.36637804
263,0.097416654,0.058696616,0.045141075,-0.2500887,0.11296816,-0.00020360947,-0.14883095,-0.028172016,-0.12807888,0.13286635,0.2911821,-0.09579867,-0.23244232,-0.12598854,0.1680852,0.050172396,-0.025469065,0.070723206,-0.03875208,-0.15628594,0.060191825,-0.118168056,0.27661723,0.060774453,-0.1615696,0.10277081,0.028531425,0.11101775,0.06792588,-0.1860885,-0.035179615,-0.19229817,-0.08039123,-0.07277018,0.014081643,0.21502411,-0.11428267,-0.16892576,-0.16882068,0.022053473,-0.13496983,-0.08921504,-0.17208803,0.095189594,0.05753728,-0.251702,0.100967124,-0.10017264,0.06842644,0.15516731,0.010818437,-0.30971873,-0.17914611,-0.22180027,0.11576981,0.061653897,0.21389633,0.07954804,-0.16383123,-0.034948766,0.005799003,0.09479793,-0.07604706,0.11826974,-7.7962875e-05,0.09122363,0.111800954,0.014520576,0.15400968,-0.09673804,0.1978065,0.028952604,0.15720642,0.24333864,0.05161724,0.11836706,-0.046952426,0.21276723,0.21073383,-0.1213842,0.18436116,0.18351237,-0.13798016,-0.046511054,0.23060068,-0.07943946,-0.08019984,-0.04651308,0.19735986,0.08901081,-0.03655541,0.015215233,0.10798626,-0.13267392,0.22073378,-0.038734138,-0.295173,-0.056869328,-0.057402313,-0.15480083,-0.17146653,-0.109035194,0.17786917,0.0851005,0.10160688,0.02015348,0.115394086,0.1465503,-0.030267358,-0.0044014454,-0.107467115,0.24851355,-0.15142882,0.19116996,-0.23114914,0.004892445,-0.0071675777,-0.0058121085,0.18302682,-0.11192542,-0.0125517845,0.05706884,-0.02867192,-0.067883015,-0.14287138,-0.0951913,-0.023534834,-0.22025561,0.04670676,-0.13833804,-0.4532059,-0.24560788,-0.024642233,0.47964054,-0.6276063,0.06132162,-0.268322,-0.41810796,0.57707644,0.11686193,-0.07730336,-0.6990685,0.49710497,-0.3474894,0.24285603,0.8498243,0.18479638,0.01796526,-0.06952428,-0.534745,-0.53827184,-0.29764444,0.2946224,0.4918602,0.54763556,0.3891423,0.10306409,-0.12838587,-0.27447686,-0.7581992,-0.046015702,-0.04578654,0.23668315,0.23794943,-0.20751673,0.7640134,0.3936278,-0.25759423,-0.1382688,0.050914813,-0.35759556,-0.5733081,-0.011733579,-0.5461746,0.17963302,-0.21650675,-0.91178113,-0.26168054,-0.022665925,0.14894451,-0.48407114,0.35760233,0.389555,-0.720915,0.551376,0.064022586,0.01804468,-0.28700897,-0.3303361,-0.6160916,-0.3944792,-0.1980513,-0.48617163,0.5604381,-0.1635685,-0.34717795,0.1414588,-0.38060534,-0.11260805,0.71508664,-0.47439346,-0.29821172,-0.5201818,-0.12658149,-0.6818943,0.5040277,-0.09619164,0.33462134,0.106746145,0.0037126774,0.17577976,-0.32092565,-0.111314885,0.4299042,-0.2423043,-0.287265,-0.20561868,0.13672246,0.43360642,0.40380022,-0.33251557,-0.6238349,0.17002353,0.7269076,0.3310181,0.089097686,-0.5113848,-0.30972055,-0.9012872,-0.2452121,0.40629998,0.3346915,0.45001742,0.65161806,-0.22580184,-0.5120941,-0.5063683,0.63133556,0.332661,0.15298693,0.37093848,-0.44642484,0.40586287,0.42715484,-1.1977289,-0.6621065,-0.07620663,0.25149566,0.36611,0.44689146,-0.10910166,-0.5403085,0.13766447,-0.43471554,-0.3392214,-0.26202866
264,0.097416654,0.058696616,0.045141075,-0.2500887,0.11296816,-0.00020360947,-0.14883095,-0.028172016,-0.12807888,0.13286635,0.2911821,-0.09579867,-0.23244232,-0.12598854,0.1680852,0.050172396,-0.025469065,0.070723206,-0.03875208,-0.15628594,0.060191825,-0.118168056,0.27661723,0.060774453,-0.1615696,0.10277081,0.028531425,0.11101775,0.06792588,-0.1860885,-0.035179615,-0.19229817,-0.08039123,-0.07277018,0.014081643,0.21502411,-0.11428267,-0.16892576,-0.16882068,0.022053473,-0.13496983,-0.08921504,-0.17208803,0.095189594,0.05753728,-0.251702,0.100967124,-0.10017264,0.06842644,0.15516731,0.010818437,-0.30971873,-0.17914611,-0.22180027,0.11576981,0.061653897,0.21389633,0.07954804,-0.16383123,-0.034948766,0.005799003,0.09479793,-0.07604706,0.11826974,-7.7962875e-05,0.09122363,0.111800954,0.014520576,0.15400968,-0.09673804,0.1978065,0.028952604,0.15720642,0.24333864,0.05161724,0.11836706,-0.046952426,0.21276723,0.21073383,-0.1213842,0.18436116,0.18351237,-0.13798016,-0.046511054,0.23060068,-0.07943946,-0.08019984,-0.04651308,0.19735986,0.08901081,-0.03655541,0.015215233,0.10798626,-0.13267392,0.22073378,-0.038734138,-0.295173,-0.056869328,-0.057402313,-0.15480083,-0.17146653,-0.109035194,0.17786917,0.0851005,0.10160688,0.02015348,0.115394086,0.1465503,-0.030267358,-0.0044014454,-0.107467115,0.24851355,-0.15142882,0.19116996,-0.23114914,0.004892445,-0.0071675777,-0.0058121085,0.18302682,-0.11192542,-0.0125517845,0.05706884,-0.02867192,-0.067883015,-0.14287138,-0.0951913,-0.023534834,-0.22025561,0.04670676,-0.13833804,-0.4532059,-0.24560788,-0.024642233,0.47964054,-0.6276063,0.06132162,-0.268322,-0.41810796,0.57707644,0.11686193,-0.07730336,-0.6990685,0.49710497,-0.3474894,0.24285603,0.8498243,0.18479638,0.01796526,-0.06952428,-0.534745,-0.53827184,-0.29764444,0.2946224,0.4918602,0.54763556,0.3891423,0.10306409,-0.12838587,-0.27447686,-0.7581992,-0.046015702,-0.04578654,0.23668315,0.23794943,-0.20751673,0.7640134,0.3936278,-0.25759423,-0.1382688,0.050914813,-0.35759556,-0.5733081,-0.011733579,-0.5461746,0.17963302,-0.21650675,-0.91178113,-0.26168054,-0.022665925,0.14894451,-0.48407114,0.35760233,0.389555,-0.720915,0.551376,0.064022586,0.01804468,-0.28700897,-0.3303361,-0.6160916,-0.3944792,-0.1980513,-0.48617163,0.5604381,-0.1635685,-0.34717795,0.1414588,-0.38060534,-0.11260805,0.71508664,-0.47439346,-0.29821172,-0.5201818,-0.12658149,-0.6818943,0.5040277,-0.09619164,0.33462134,0.106746145,0.0037126774,0.17577976,-0.32092565,-0.111314885,0.4299042,-0.2423043,-0.287265,-0.20561868,0.13672246,0.43360642,0.40380022,-0.33251557,-0.6238349,0.17002353,0.7269076,0.3310181,0.089097686,-0.5113848,-0.30972055,-0.9012872,-0.2452121,0.40629998,0.3346915,0.45001742,0.65161806,-0.22580184,-0.5120941,-0.5063683,0.63133556,0.332661,0.15298693,0.37093848,-0.44642484,0.40586287,0.42715484,-1.1977289,-0.6621065,-0.07620663,0.25149566,0.36611,0.44689146,-0.10910166,-0.5403085,0.13766447,-0.43471554,-0.3392214,-0.26202866
265,0.06575249,0.041204307,-0.042978346,-0.14144874,0.04867255,-0.06413925,-0.110207915,-0.06348181,-0.08836645,0.10317408,0.1981974,-0.070020914,-0.19008821,-0.11922902,0.19553992,0.0033293152,0.06844734,0.023881566,-0.0042835474,-0.12440854,0.028267186,-0.1015445,0.16417491,-0.004027307,-0.07553917,0.10834143,0.012313318,0.073041454,0.011503337,-0.14439404,-0.041084528,-0.22097737,-0.048192263,-0.059962988,0.018462133,0.1011663,-0.1014967,-0.08408058,-0.11864281,0.055246606,-0.12312007,-0.0285573,-0.15071607,-0.034594774,0.054186217,-0.21422243,0.062659636,-0.019450784,-0.042218924,0.12805328,0.07066068,-0.19776839,-0.12395537,-0.16357887,0.069976985,0.087126575,0.1397911,0.077243656,-0.07002276,-0.055139244,0.029270263,0.06923494,-0.06384528,0.1493855,0.008651764,0.014623895,0.09433606,0.029480271,0.057930455,-0.15837198,0.12141673,-0.030757368,0.10205877,0.16073677,0.075645685,0.0358541,-0.04296869,0.18118194,0.17807993,-0.028497338,0.17912826,0.13753195,-0.075181425,-0.0075901747,0.17310134,0.008789556,-0.04272896,0.044756457,0.18639342,0.05166844,0.021551793,-0.06823212,0.06355546,-0.07356268,0.09343337,0.004420055,-0.22348607,-0.009916902,-0.025138497,-0.1787746,-0.13763613,-0.071145,0.07980098,0.10135779,0.04314111,0.045985438,0.08651631,0.12582307,-0.035751343,0.010768697,0.0075565893,0.106865205,-0.14553851,0.11759483,-0.15669036,0.11255328,-0.12142658,-0.07124305,0.15708761,-0.08107954,-0.0072981715,0.014537968,0.008103633,-0.018660188,-0.09139854,-0.076312184,-0.010866702,-0.08892417,-0.01570471,-0.37892827,-0.46536037,-0.21142343,0.3602163,0.4638939,-0.6654239,0.5058922,-0.33954218,-0.32610583,0.54176354,-0.025936589,-0.17437813,-0.6133961,0.5043199,-0.13633451,0.26819763,0.9510483,0.46138084,-0.11758834,-0.1697462,-0.46684372,-0.44289327,-0.4085649,0.35390738,0.62110984,0.44175217,0.24133112,0.051534384,-0.20572504,-0.2907528,-0.8010982,0.040175397,0.15867986,0.25268236,-0.041635826,-0.3045795,0.61219466,0.5040789,-0.12075248,-0.40393817,0.20092836,-0.42486665,-0.5407712,-0.31617382,-0.35186273,0.27225623,-0.053161785,-0.7313604,-0.24405813,0.20283926,0.069554456,-0.40060136,0.2583049,0.31967193,-0.81943744,0.51064396,0.29494342,-0.18295121,-0.29798096,-0.1277172,-0.83686775,-0.35694256,-0.30977228,-0.81860745,0.5383194,-0.14065251,-0.41114116,0.33150426,-0.30396494,-0.08368407,0.3044912,-0.55786794,-0.49858123,-0.43235734,-0.17285332,-0.60120475,0.59552413,-0.36994627,0.21420357,-0.053426746,0.2218121,0.015987065,-0.19324353,-0.026183657,0.26746306,-0.32386506,-0.29665455,-0.21957926,0.19657946,0.38381672,0.3229914,-0.34498957,-0.6012872,0.2648552,0.6140937,0.24296468,-0.27099535,-0.72218144,-0.39957756,-0.79137063,-0.5475645,0.29951248,0.39463162,0.41179883,0.6769812,-0.11486347,-0.64113003,-0.6167669,0.78073466,0.215633,0.2194556,0.317637,-0.5192562,0.2923972,0.14944494,-1.0443058,-1.015227,0.114061564,0.048283905,0.61789507,0.5570338,0.069178365,-0.7865077,0.15678166,-0.46744347,-0.4117648,-0.3884959
266,0.41400963,0.15882045,0.08824789,-0.51672554,0.1866549,0.4225618,-0.40674514,-0.13285089,-0.20438945,0.43884355,0.67286164,-0.26418805,-0.5142317,-0.22440106,0.31511325,0.01916878,-0.22050542,0.14886084,-0.16200858,-0.36141986,0.07311667,0.0014574942,0.64023316,0.07930825,-0.41377258,0.32390332,-0.101528585,0.0119515965,0.08469392,-0.38156092,0.1289712,-0.3873974,-0.0108652115,-0.19211984,0.113851614,0.47538286,-0.367126,-0.215585,-0.4840747,0.19534887,-0.35528636,-0.19438726,-0.54631126,0.34664086,0.16042836,-0.480233,0.3205022,-0.35763365,0.32475385,0.5385939,-0.04964912,-0.6788571,-0.2689438,-0.54861784,0.25278342,0.3003365,0.5215748,0.23761435,-0.40754056,-0.1648686,-0.056769848,0.29137644,-0.24155766,0.34423453,-0.008695006,0.5461273,0.36631045,0.14571333,0.46493843,-0.2669114,0.49065718,0.21299478,0.49735475,0.51682395,0.42873415,0.22155167,-0.10847151,0.63537234,0.6143215,-0.2905168,0.4436846,0.43204397,-0.34578794,-0.08354324,0.59665936,-0.12964529,-0.12627065,-0.0925889,0.552648,0.16012418,0.073645115,-0.066087246,0.26075396,-0.29222208,0.49808994,-0.03849858,-0.5511147,-0.2229982,-0.19916475,-0.2887637,-0.45104343,-0.17376572,0.57266784,0.18796514,0.3266791,0.033543397,0.3403752,0.4556167,-0.053109467,0.20086974,-0.46789247,0.63563836,-0.40215433,0.61220926,-0.35936707,-0.075324714,-0.014285147,0.09175006,0.22297794,-0.028261125,-0.00025898218,0.19887477,-0.13078749,-0.09858495,-0.28678572,-0.053765297,0.04848946,-0.528023,-0.08658019,-0.58795017,-1.193442,-0.14561486,0.15607895,0.98004633,-1.5516994,0.93253666,-0.36160013,-0.19509935,0.6722896,-0.07593153,-0.41857055,-0.5265008,0.94001323,-0.5271979,0.21205452,1.7940263,0.4907321,-0.38326243,-0.01007577,-1.006043,-0.47843495,-0.41821066,0.8885849,0.88680536,0.92292315,0.44256037,-0.1910779,-0.2797522,0.15435384,-1.307293,0.3206081,0.5094206,0.5076157,0.4069517,-0.52852994,1.3113825,0.38306424,0.40036288,-0.5835633,0.4517386,-0.4321376,-0.65310645,-0.6954143,-0.5734635,0.2723437,-0.068719834,-1.0558158,-1.0107644,0.67896205,0.05262459,-0.13720703,0.28059897,0.74199134,-1.1777514,0.40026388,0.97238785,-0.3131001,-0.5020547,-0.2279895,-0.70826864,-0.79055107,-0.062492058,-1.145067,0.23292494,-0.29873824,-0.60308146,0.48146218,-0.58132017,-0.2165306,0.24609518,-0.7921706,-0.79106355,-0.53778213,-0.30725923,-0.661242,0.3748051,-0.27261898,0.40299293,-0.26590875,0.21719706,0.084791824,-0.51429254,-0.15062107,0.2369525,-0.24135725,-0.46081847,-0.46184835,-0.07656159,0.14714862,0.5750637,-0.31987566,-1.1393317,0.105608694,0.874302,0.4009521,-0.4499152,-1.0112313,-0.18544492,-1.0896338,-0.8442796,0.33887386,0.18624988,0.014641933,0.8768005,-0.2250459,-0.8729074,-0.69511,0.91011816,0.4053391,0.32383573,0.21137775,-0.7365247,0.3050974,0.35140747,-1.6796819,-1.1672709,-0.27578935,0.3789095,0.52203107,0.5580999,0.27534512,-1.5938245,-0.09870206,-1.0811164,-0.44485107,-0.32106492
267,0.41400963,0.15882045,0.08824789,-0.51672554,0.1866549,0.4225618,-0.40674514,-0.13285089,-0.20438945,0.43884355,0.67286164,-0.26418805,-0.5142317,-0.22440106,0.31511325,0.01916878,-0.22050542,0.14886084,-0.16200858,-0.36141986,0.07311667,0.0014574942,0.64023316,0.07930825,-0.41377258,0.32390332,-0.101528585,0.0119515965,0.08469392,-0.38156092,0.1289712,-0.3873974,-0.0108652115,-0.19211984,0.113851614,0.47538286,-0.367126,-0.215585,-0.4840747,0.19534887,-0.35528636,-0.19438726,-0.54631126,0.34664086,0.16042836,-0.480233,0.3205022,-0.35763365,0.32475385,0.5385939,-0.04964912,-0.6788571,-0.2689438,-0.54861784,0.25278342,0.3003365,0.5215748,0.23761435,-0.40754056,-0.1648686,-0.056769848,0.29137644,-0.24155766,0.34423453,-0.008695006,0.5461273,0.36631045,0.14571333,0.46493843,-0.2669114,0.49065718,0.21299478,0.49735475,0.51682395,0.42873415,0.22155167,-0.10847151,0.63537234,0.6143215,-0.2905168,0.4436846,0.43204397,-0.34578794,-0.08354324,0.59665936,-0.12964529,-0.12627065,-0.0925889,0.552648,0.16012418,0.073645115,-0.066087246,0.26075396,-0.29222208,0.49808994,-0.03849858,-0.5511147,-0.2229982,-0.19916475,-0.2887637,-0.45104343,-0.17376572,0.57266784,0.18796514,0.3266791,0.033543397,0.3403752,0.4556167,-0.053109467,0.20086974,-0.46789247,0.63563836,-0.40215433,0.61220926,-0.35936707,-0.075324714,-0.014285147,0.09175006,0.22297794,-0.028261125,-0.00025898218,0.19887477,-0.13078749,-0.09858495,-0.28678572,-0.053765297,0.04848946,-0.528023,-0.08658019,-0.58795017,-1.193442,-0.14561486,0.15607895,0.98004633,-1.5516994,0.93253666,-0.36160013,-0.19509935,0.6722896,-0.07593153,-0.41857055,-0.5265008,0.94001323,-0.5271979,0.21205452,1.7940263,0.4907321,-0.38326243,-0.01007577,-1.006043,-0.47843495,-0.41821066,0.8885849,0.88680536,0.92292315,0.44256037,-0.1910779,-0.2797522,0.15435384,-1.307293,0.3206081,0.5094206,0.5076157,0.4069517,-0.52852994,1.3113825,0.38306424,0.40036288,-0.5835633,0.4517386,-0.4321376,-0.65310645,-0.6954143,-0.5734635,0.2723437,-0.068719834,-1.0558158,-1.0107644,0.67896205,0.05262459,-0.13720703,0.28059897,0.74199134,-1.1777514,0.40026388,0.97238785,-0.3131001,-0.5020547,-0.2279895,-0.70826864,-0.79055107,-0.062492058,-1.145067,0.23292494,-0.29873824,-0.60308146,0.48146218,-0.58132017,-0.2165306,0.24609518,-0.7921706,-0.79106355,-0.53778213,-0.30725923,-0.661242,0.3748051,-0.27261898,0.40299293,-0.26590875,0.21719706,0.084791824,-0.51429254,-0.15062107,0.2369525,-0.24135725,-0.46081847,-0.46184835,-0.07656159,0.14714862,0.5750637,-0.31987566,-1.1393317,0.105608694,0.874302,0.4009521,-0.4499152,-1.0112313,-0.18544492,-1.0896338,-0.8442796,0.33887386,0.18624988,0.014641933,0.8768005,-0.2250459,-0.8729074,-0.69511,0.91011816,0.4053391,0.32383573,0.21137775,-0.7365247,0.3050974,0.35140747,-1.6796819,-1.1672709,-0.27578935,0.3789095,0.52203107,0.5580999,0.27534512,-1.5938245,-0.09870206,-1.0811164,-0.44485107,-0.32106492
268,0.46869564,0.16087909,0.12768933,-0.5466071,0.19025615,0.4292985,-0.41858804,-0.12146747,-0.24580485,0.47692502,0.71725386,-0.30951452,-0.53161347,-0.2530355,0.2905224,0.0071530896,-0.25011075,0.15138929,-0.20875138,-0.37350518,0.10032247,0.006846218,0.68986005,0.12976077,-0.4377156,0.36501634,-0.073527396,0.03933823,0.13387857,-0.39211142,0.11639342,-0.36023265,-0.03157848,-0.22946101,0.11765757,0.5016992,-0.37156004,-0.2535389,-0.49674016,0.20817818,-0.35995722,-0.23337996,-0.56677186,0.35363287,0.14979923,-0.49500734,0.34059796,-0.38037425,0.3281786,0.56409085,-0.07527512,-0.70264333,-0.31707925,-0.5649899,0.23765998,0.2639836,0.5452558,0.24360178,-0.4239627,-0.16424406,-0.0620299,0.31533575,-0.23571515,0.34125066,-0.009674966,0.5044322,0.40956074,0.1963563,0.49583906,-0.26718277,0.5013014,0.23843047,0.5600392,0.5532323,0.390513,0.26841772,-0.12951303,0.666348,0.6006274,-0.312491,0.46434754,0.44789857,-0.35058177,-0.123701274,0.6503628,-0.12355846,-0.12293893,-0.12060797,0.5529369,0.16745752,0.034509532,-0.07281238,0.30054083,-0.33434027,0.53352153,-0.0708766,-0.5827959,-0.19151485,-0.21620238,-0.30827904,-0.4724722,-0.2206347,0.6036439,0.24153328,0.37379235,0.00867605,0.362103,0.47242558,-0.073753536,0.20257096,-0.49008632,0.6828461,-0.42447293,0.6711043,-0.3637153,-0.048768103,0.030322418,0.06812054,0.290161,-0.06809014,-0.015082002,0.21379745,-0.14890367,-0.12337291,-0.33382696,-0.03691411,-0.0037555099,-0.55934703,0.12803234,-0.51114005,-1.1279706,-0.22837974,0.47030395,1.0265541,-1.5184808,0.71755254,-0.40168726,-0.5186348,0.6555733,-0.59590256,-1.3168869,-0.55293953,0.54925036,-0.33040503,0.0062208623,1.1615105,0.18117993,-0.015056498,0.012944981,-1.0307297,-0.42446083,-0.24619362,1.0004284,0.7577606,0.8753045,0.0426543,-0.024286821,-0.5012717,0.08563917,-0.8605613,-0.030943304,0.18014863,0.6602047,0.094387226,-0.7264033,1.3831235,0.46851912,0.30229312,-0.7506864,0.5968281,-0.25940496,-1.2121559,-0.5803006,-0.5971765,0.41053486,-0.15507595,-0.73779696,-0.6142035,1.027317,-0.053642437,-0.76708245,0.19810581,0.87180716,-1.051771,0.50216687,0.86627144,-0.48305252,-0.66471744,0.7997555,-1.2977724,-0.68833554,-0.8043752,-1.7088919,0.70855314,0.10256702,-0.6264473,-0.2766332,-0.8001949,-0.43029964,0.0007094741,-0.6718389,-0.50061506,-0.66328806,-1.0720166,-0.7464443,0.7791216,-0.71077776,0.6722044,-0.42164853,-0.2953181,0.02395983,-0.27665323,-0.20212902,0.37392825,-0.7451504,-0.023463055,-0.7390173,-0.008101001,0.6876498,0.61874604,0.27044514,-1.778429,0.08192112,1.0073259,0.40097445,-0.82615024,-0.73565495,-0.27702695,-1.2976671,-0.6348407,0.08237149,0.23203935,0.006813273,0.82345057,-0.30531186,-1.0534284,-0.941733,1.4355803,0.26481423,0.43585816,0.33521447,-0.6555051,0.09491706,0.7505616,-1.5475347,-1.539753,0.022210695,0.46248636,0.94732034,0.8061322,0.35832044,-1.4764147,-0.69683623,-1.1039414,-0.33682847,-0.673922
269,0.74549294,0.49470946,0.42750713,-0.7541748,0.481468,0.7352053,-0.61690646,0.077404425,-0.57933843,0.66389847,1.4549122,-0.62754995,-0.701671,-0.47134113,0.15501043,0.17392884,-0.43714905,0.03250518,-0.5820092,-0.4005875,0.46207887,-0.19420183,1.3706553,0.61429864,-0.77267385,0.8026106,0.21623953,0.63214463,0.59446627,-0.6363771,-0.13206625,-0.24068081,-0.31752527,-0.49690688,0.15466549,1.0882909,-0.4041875,-0.5714607,-0.6393739,0.35873088,-0.5227815,-0.62313443,-0.7646793,0.7038823,0.2635817,-0.68919456,0.6881224,-0.59827167,0.43868548,1.0679786,-0.17184752,-0.87514794,-0.756985,-0.7731962,0.14895722,-0.054964364,0.8599618,0.5674592,-0.59589124,-0.2310301,-0.15651488,0.6587805,-0.3620026,0.42969757,-0.04495728,0.11109416,1.0479939,0.3733077,0.9753003,-0.37290603,0.9666226,0.5300877,1.1048914,1.0133013,-0.1507281,0.7637061,-0.15886271,0.94545037,0.5829198,-0.53007996,0.78230876,0.74614227,-0.4604681,-0.41252327,1.3559163,-0.34691137,-0.23909748,-0.33624274,0.79896164,0.27721763,-0.22290468,-0.19002593,0.5306901,-0.5713798,0.8456751,-0.4218771,-0.8648406,0.23297738,-0.29838264,-0.5085342,-0.6950824,-0.48218727,0.9027405,0.64754385,0.7057221,-0.14417785,0.6292238,0.55423045,-0.113765,0.2588517,-0.6324488,1.2988781,-0.6581311,1.5388261,-0.44272584,0.022722162,0.2882853,-0.045526445,1.0110317,-0.43521732,-0.30350727,0.33308676,-0.3206119,-0.19293112,-0.61037767,-0.15311223,-0.4366452,-0.7942683,0.017838493,-0.6557887,-1.3281238,-0.2664258,0.88151014,1.3556463,-1.8415093,0.5983129,-0.38966373,-0.72800344,0.806357,-0.93777794,-1.4970107,-0.7166359,0.7142495,-0.3130895,0.07824603,1.7156821,0.06532109,0.21764132,-0.1473384,-0.98808944,-0.5810816,-0.064610004,1.390415,0.8899697,1.2550145,0.22525066,0.015354544,-0.45101252,0.09467551,-1.107362,-0.043640614,0.22702894,0.69669473,0.031031787,-0.99143344,1.9780102,0.8931766,0.16327927,-1.0968417,0.22026584,-0.33192676,-1.8003516,-0.89425904,-0.83805263,0.5960461,-0.18194741,-0.9395981,-0.80796397,1.270348,-0.057408333,-1.0715008,0.115083635,0.98504424,-1.5645998,0.7845724,0.9123783,-0.56760705,-0.8641168,0.7650237,-1.7665297,-0.7759668,-1.3920445,-2.0487344,1.3609581,0.045789987,-0.8504561,-0.0881848,-0.88583636,-0.46165282,-0.21006173,-1.1580573,-0.5710292,-0.89731634,-1.3924142,-0.8473266,1.0709906,-0.94441354,0.9382248,-0.5177076,-0.12962073,0.09112948,-0.515136,-0.69353956,0.31848353,-1.0202961,-0.34990078,-1.1707793,0.43200743,1.0087131,0.8366038,0.24213403,-2.242626,0.3086121,1.5151873,0.27878696,-1.0781298,-0.78202736,-0.29165632,-1.9058125,-0.98079747,-0.03957525,0.5873469,0.16794479,1.4653686,-0.62838924,-1.4504579,-1.2473829,1.7150171,0.6539498,0.74075484,0.34087366,-1.0480793,0.11387199,1.143176,-2.1366012,-1.8177942,0.25321546,0.58825827,1.5280839,1.0239325,-0.033166677,-1.6834965,-0.94235986,-1.3263429,-0.73144764,-0.98436177
270,0.74549294,0.49470946,0.42750713,-0.7541748,0.481468,0.7352053,-0.61690646,0.077404425,-0.57933843,0.66389847,1.4549122,-0.62754995,-0.701671,-0.47134113,0.15501043,0.17392884,-0.43714905,0.03250518,-0.5820092,-0.4005875,0.46207887,-0.19420183,1.3706553,0.61429864,-0.77267385,0.8026106,0.21623953,0.63214463,0.59446627,-0.6363771,-0.13206625,-0.24068081,-0.31752527,-0.49690688,0.15466549,1.0882909,-0.4041875,-0.5714607,-0.6393739,0.35873088,-0.5227815,-0.62313443,-0.7646793,0.7038823,0.2635817,-0.68919456,0.6881224,-0.59827167,0.43868548,1.0679786,-0.17184752,-0.87514794,-0.756985,-0.7731962,0.14895722,-0.054964364,0.8599618,0.5674592,-0.59589124,-0.2310301,-0.15651488,0.6587805,-0.3620026,0.42969757,-0.04495728,0.11109416,1.0479939,0.3733077,0.9753003,-0.37290603,0.9666226,0.5300877,1.1048914,1.0133013,-0.1507281,0.7637061,-0.15886271,0.94545037,0.5829198,-0.53007996,0.78230876,0.74614227,-0.4604681,-0.41252327,1.3559163,-0.34691137,-0.23909748,-0.33624274,0.79896164,0.27721763,-0.22290468,-0.19002593,0.5306901,-0.5713798,0.8456751,-0.4218771,-0.8648406,0.23297738,-0.29838264,-0.5085342,-0.6950824,-0.48218727,0.9027405,0.64754385,0.7057221,-0.14417785,0.6292238,0.55423045,-0.113765,0.2588517,-0.6324488,1.2988781,-0.6581311,1.5388261,-0.44272584,0.022722162,0.2882853,-0.045526445,1.0110317,-0.43521732,-0.30350727,0.33308676,-0.3206119,-0.19293112,-0.61037767,-0.15311223,-0.4366452,-0.7942683,0.017838493,-0.6557887,-1.3281238,-0.2664258,0.88151014,1.3556463,-1.8415093,0.5983129,-0.38966373,-0.72800344,0.806357,-0.93777794,-1.4970107,-0.7166359,0.7142495,-0.3130895,0.07824603,1.7156821,0.06532109,0.21764132,-0.1473384,-0.98808944,-0.5810816,-0.064610004,1.390415,0.8899697,1.2550145,0.22525066,0.015354544,-0.45101252,0.09467551,-1.107362,-0.043640614,0.22702894,0.69669473,0.031031787,-0.99143344,1.9780102,0.8931766,0.16327927,-1.0968417,0.22026584,-0.33192676,-1.8003516,-0.89425904,-0.83805263,0.5960461,-0.18194741,-0.9395981,-0.80796397,1.270348,-0.057408333,-1.0715008,0.115083635,0.98504424,-1.5645998,0.7845724,0.9123783,-0.56760705,-0.8641168,0.7650237,-1.7665297,-0.7759668,-1.3920445,-2.0487344,1.3609581,0.045789987,-0.8504561,-0.0881848,-0.88583636,-0.46165282,-0.21006173,-1.1580573,-0.5710292,-0.89731634,-1.3924142,-0.8473266,1.0709906,-0.94441354,0.9382248,-0.5177076,-0.12962073,0.09112948,-0.515136,-0.69353956,0.31848353,-1.0202961,-0.34990078,-1.1707793,0.43200743,1.0087131,0.8366038,0.24213403,-2.242626,0.3086121,1.5151873,0.27878696,-1.0781298,-0.78202736,-0.29165632,-1.9058125,-0.98079747,-0.03957525,0.5873469,0.16794479,1.4653686,-0.62838924,-1.4504579,-1.2473829,1.7150171,0.6539498,0.74075484,0.34087366,-1.0480793,0.11387199,1.143176,-2.1366012,-1.8177942,0.25321546,0.58825827,1.5280839,1.0239325,-0.033166677,-1.6834965,-0.94235986,-1.3263429,-0.73144764,-0.98436177
271,0.74549294,0.49470946,0.42750713,-0.7541748,0.481468,0.7352053,-0.61690646,0.077404425,-0.57933843,0.66389847,1.4549122,-0.62754995,-0.701671,-0.47134113,0.15501043,0.17392884,-0.43714905,0.03250518,-0.5820092,-0.4005875,0.46207887,-0.19420183,1.3706553,0.61429864,-0.77267385,0.8026106,0.21623953,0.63214463,0.59446627,-0.6363771,-0.13206625,-0.24068081,-0.31752527,-0.49690688,0.15466549,1.0882909,-0.4041875,-0.5714607,-0.6393739,0.35873088,-0.5227815,-0.62313443,-0.7646793,0.7038823,0.2635817,-0.68919456,0.6881224,-0.59827167,0.43868548,1.0679786,-0.17184752,-0.87514794,-0.756985,-0.7731962,0.14895722,-0.054964364,0.8599618,0.5674592,-0.59589124,-0.2310301,-0.15651488,0.6587805,-0.3620026,0.42969757,-0.04495728,0.11109416,1.0479939,0.3733077,0.9753003,-0.37290603,0.9666226,0.5300877,1.1048914,1.0133013,-0.1507281,0.7637061,-0.15886271,0.94545037,0.5829198,-0.53007996,0.78230876,0.74614227,-0.4604681,-0.41252327,1.3559163,-0.34691137,-0.23909748,-0.33624274,0.79896164,0.27721763,-0.22290468,-0.19002593,0.5306901,-0.5713798,0.8456751,-0.4218771,-0.8648406,0.23297738,-0.29838264,-0.5085342,-0.6950824,-0.48218727,0.9027405,0.64754385,0.7057221,-0.14417785,0.6292238,0.55423045,-0.113765,0.2588517,-0.6324488,1.2988781,-0.6581311,1.5388261,-0.44272584,0.022722162,0.2882853,-0.045526445,1.0110317,-0.43521732,-0.30350727,0.33308676,-0.3206119,-0.19293112,-0.61037767,-0.15311223,-0.4366452,-0.7942683,0.017838493,-0.6557887,-1.3281238,-0.2664258,0.88151014,1.3556463,-1.8415093,0.5983129,-0.38966373,-0.72800344,0.806357,-0.93777794,-1.4970107,-0.7166359,0.7142495,-0.3130895,0.07824603,1.7156821,0.06532109,0.21764132,-0.1473384,-0.98808944,-0.5810816,-0.064610004,1.390415,0.8899697,1.2550145,0.22525066,0.015354544,-0.45101252,0.09467551,-1.107362,-0.043640614,0.22702894,0.69669473,0.031031787,-0.99143344,1.9780102,0.8931766,0.16327927,-1.0968417,0.22026584,-0.33192676,-1.8003516,-0.89425904,-0.83805263,0.5960461,-0.18194741,-0.9395981,-0.80796397,1.270348,-0.057408333,-1.0715008,0.115083635,0.98504424,-1.5645998,0.7845724,0.9123783,-0.56760705,-0.8641168,0.7650237,-1.7665297,-0.7759668,-1.3920445,-2.0487344,1.3609581,0.045789987,-0.8504561,-0.0881848,-0.88583636,-0.46165282,-0.21006173,-1.1580573,-0.5710292,-0.89731634,-1.3924142,-0.8473266,1.0709906,-0.94441354,0.9382248,-0.5177076,-0.12962073,0.09112948,-0.515136,-0.69353956,0.31848353,-1.0202961,-0.34990078,-1.1707793,0.43200743,1.0087131,0.8366038,0.24213403,-2.242626,0.3086121,1.5151873,0.27878696,-1.0781298,-0.78202736,-0.29165632,-1.9058125,-0.98079747,-0.03957525,0.5873469,0.16794479,1.4653686,-0.62838924,-1.4504579,-1.2473829,1.7150171,0.6539498,0.74075484,0.34087366,-1.0480793,0.11387199,1.143176,-2.1366012,-1.8177942,0.25321546,0.58825827,1.5280839,1.0239325,-0.033166677,-1.6834965,-0.94235986,-1.3263429,-0.73144764,-0.98436177
272,0.74549294,0.49470946,0.42750713,-0.7541748,0.481468,0.7352053,-0.61690646,0.077404425,-0.57933843,0.66389847,1.4549122,-0.62754995,-0.701671,-0.47134113,0.15501043,0.17392884,-0.43714905,0.03250518,-0.5820092,-0.4005875,0.46207887,-0.19420183,1.3706553,0.61429864,-0.77267385,0.8026106,0.21623953,0.63214463,0.59446627,-0.6363771,-0.13206625,-0.24068081,-0.31752527,-0.49690688,0.15466549,1.0882909,-0.4041875,-0.5714607,-0.6393739,0.35873088,-0.5227815,-0.62313443,-0.7646793,0.7038823,0.2635817,-0.68919456,0.6881224,-0.59827167,0.43868548,1.0679786,-0.17184752,-0.87514794,-0.756985,-0.7731962,0.14895722,-0.054964364,0.8599618,0.5674592,-0.59589124,-0.2310301,-0.15651488,0.6587805,-0.3620026,0.42969757,-0.04495728,0.11109416,1.0479939,0.3733077,0.9753003,-0.37290603,0.9666226,0.5300877,1.1048914,1.0133013,-0.1507281,0.7637061,-0.15886271,0.94545037,0.5829198,-0.53007996,0.78230876,0.74614227,-0.4604681,-0.41252327,1.3559163,-0.34691137,-0.23909748,-0.33624274,0.79896164,0.27721763,-0.22290468,-0.19002593,0.5306901,-0.5713798,0.8456751,-0.4218771,-0.8648406,0.23297738,-0.29838264,-0.5085342,-0.6950824,-0.48218727,0.9027405,0.64754385,0.7057221,-0.14417785,0.6292238,0.55423045,-0.113765,0.2588517,-0.6324488,1.2988781,-0.6581311,1.5388261,-0.44272584,0.022722162,0.2882853,-0.045526445,1.0110317,-0.43521732,-0.30350727,0.33308676,-0.3206119,-0.19293112,-0.61037767,-0.15311223,-0.4366452,-0.7942683,0.017838493,-0.6557887,-1.3281238,-0.2664258,0.88151014,1.3556463,-1.8415093,0.5983129,-0.38966373,-0.72800344,0.806357,-0.93777794,-1.4970107,-0.7166359,0.7142495,-0.3130895,0.07824603,1.7156821,0.06532109,0.21764132,-0.1473384,-0.98808944,-0.5810816,-0.064610004,1.390415,0.8899697,1.2550145,0.22525066,0.015354544,-0.45101252,0.09467551,-1.107362,-0.043640614,0.22702894,0.69669473,0.031031787,-0.99143344,1.9780102,0.8931766,0.16327927,-1.0968417,0.22026584,-0.33192676,-1.8003516,-0.89425904,-0.83805263,0.5960461,-0.18194741,-0.9395981,-0.80796397,1.270348,-0.057408333,-1.0715008,0.115083635,0.98504424,-1.5645998,0.7845724,0.9123783,-0.56760705,-0.8641168,0.7650237,-1.7665297,-0.7759668,-1.3920445,-2.0487344,1.3609581,0.045789987,-0.8504561,-0.0881848,-0.88583636,-0.46165282,-0.21006173,-1.1580573,-0.5710292,-0.89731634,-1.3924142,-0.8473266,1.0709906,-0.94441354,0.9382248,-0.5177076,-0.12962073,0.09112948,-0.515136,-0.69353956,0.31848353,-1.0202961,-0.34990078,-1.1707793,0.43200743,1.0087131,0.8366038,0.24213403,-2.242626,0.3086121,1.5151873,0.27878696,-1.0781298,-0.78202736,-0.29165632,-1.9058125,-0.98079747,-0.03957525,0.5873469,0.16794479,1.4653686,-0.62838924,-1.4504579,-1.2473829,1.7150171,0.6539498,0.74075484,0.34087366,-1.0480793,0.11387199,1.143176,-2.1366012,-1.8177942,0.25321546,0.58825827,1.5280839,1.0239325,-0.033166677,-1.6834965,-0.94235986,-1.3263429,-0.73144764,-0.98436177
273,0.74549294,0.49470946,0.42750713,-0.7541748,0.481468,0.7352053,-0.61690646,0.077404425,-0.57933843,0.66389847,1.4549122,-0.62754995,-0.701671,-0.47134113,0.15501043,0.17392884,-0.43714905,0.03250518,-0.5820092,-0.4005875,0.46207887,-0.19420183,1.3706553,0.61429864,-0.77267385,0.8026106,0.21623953,0.63214463,0.59446627,-0.6363771,-0.13206625,-0.24068081,-0.31752527,-0.49690688,0.15466549,1.0882909,-0.4041875,-0.5714607,-0.6393739,0.35873088,-0.5227815,-0.62313443,-0.7646793,0.7038823,0.2635817,-0.68919456,0.6881224,-0.59827167,0.43868548,1.0679786,-0.17184752,-0.87514794,-0.756985,-0.7731962,0.14895722,-0.054964364,0.8599618,0.5674592,-0.59589124,-0.2310301,-0.15651488,0.6587805,-0.3620026,0.42969757,-0.04495728,0.11109416,1.0479939,0.3733077,0.9753003,-0.37290603,0.9666226,0.5300877,1.1048914,1.0133013,-0.1507281,0.7637061,-0.15886271,0.94545037,0.5829198,-0.53007996,0.78230876,0.74614227,-0.4604681,-0.41252327,1.3559163,-0.34691137,-0.23909748,-0.33624274,0.79896164,0.27721763,-0.22290468,-0.19002593,0.5306901,-0.5713798,0.8456751,-0.4218771,-0.8648406,0.23297738,-0.29838264,-0.5085342,-0.6950824,-0.48218727,0.9027405,0.64754385,0.7057221,-0.14417785,0.6292238,0.55423045,-0.113765,0.2588517,-0.6324488,1.2988781,-0.6581311,1.5388261,-0.44272584,0.022722162,0.2882853,-0.045526445,1.0110317,-0.43521732,-0.30350727,0.33308676,-0.3206119,-0.19293112,-0.61037767,-0.15311223,-0.4366452,-0.7942683,0.017838493,-0.6557887,-1.3281238,-0.2664258,0.88151014,1.3556463,-1.8415093,0.5983129,-0.38966373,-0.72800344,0.806357,-0.93777794,-1.4970107,-0.7166359,0.7142495,-0.3130895,0.07824603,1.7156821,0.06532109,0.21764132,-0.1473384,-0.98808944,-0.5810816,-0.064610004,1.390415,0.8899697,1.2550145,0.22525066,0.015354544,-0.45101252,0.09467551,-1.107362,-0.043640614,0.22702894,0.69669473,0.031031787,-0.99143344,1.9780102,0.8931766,0.16327927,-1.0968417,0.22026584,-0.33192676,-1.8003516,-0.89425904,-0.83805263,0.5960461,-0.18194741,-0.9395981,-0.80796397,1.270348,-0.057408333,-1.0715008,0.115083635,0.98504424,-1.5645998,0.7845724,0.9123783,-0.56760705,-0.8641168,0.7650237,-1.7665297,-0.7759668,-1.3920445,-2.0487344,1.3609581,0.045789987,-0.8504561,-0.0881848,-0.88583636,-0.46165282,-0.21006173,-1.1580573,-0.5710292,-0.89731634,-1.3924142,-0.8473266,1.0709906,-0.94441354,0.9382248,-0.5177076,-0.12962073,0.09112948,-0.515136,-0.69353956,0.31848353,-1.0202961,-0.34990078,-1.1707793,0.43200743,1.0087131,0.8366038,0.24213403,-2.242626,0.3086121,1.5151873,0.27878696,-1.0781298,-0.78202736,-0.29165632,-1.9058125,-0.98079747,-0.03957525,0.5873469,0.16794479,1.4653686,-0.62838924,-1.4504579,-1.2473829,1.7150171,0.6539498,0.74075484,0.34087366,-1.0480793,0.11387199,1.143176,-2.1366012,-1.8177942,0.25321546,0.58825827,1.5280839,1.0239325,-0.033166677,-1.6834965,-0.94235986,-1.3263429,-0.73144764,-0.98436177
274,0.74549294,0.49470946,0.42750713,-0.7541748,0.481468,0.7352053,-0.61690646,0.077404425,-0.57933843,0.66389847,1.4549122,-0.62754995,-0.701671,-0.47134113,0.15501043,0.17392884,-0.43714905,0.03250518,-0.5820092,-0.4005875,0.46207887,-0.19420183,1.3706553,0.61429864,-0.77267385,0.8026106,0.21623953,0.63214463,0.59446627,-0.6363771,-0.13206625,-0.24068081,-0.31752527,-0.49690688,0.15466549,1.0882909,-0.4041875,-0.5714607,-0.6393739,0.35873088,-0.5227815,-0.62313443,-0.7646793,0.7038823,0.2635817,-0.68919456,0.6881224,-0.59827167,0.43868548,1.0679786,-0.17184752,-0.87514794,-0.756985,-0.7731962,0.14895722,-0.054964364,0.8599618,0.5674592,-0.59589124,-0.2310301,-0.15651488,0.6587805,-0.3620026,0.42969757,-0.04495728,0.11109416,1.0479939,0.3733077,0.9753003,-0.37290603,0.9666226,0.5300877,1.1048914,1.0133013,-0.1507281,0.7637061,-0.15886271,0.94545037,0.5829198,-0.53007996,0.78230876,0.74614227,-0.4604681,-0.41252327,1.3559163,-0.34691137,-0.23909748,-0.33624274,0.79896164,0.27721763,-0.22290468,-0.19002593,0.5306901,-0.5713798,0.8456751,-0.4218771,-0.8648406,0.23297738,-0.29838264,-0.5085342,-0.6950824,-0.48218727,0.9027405,0.64754385,0.7057221,-0.14417785,0.6292238,0.55423045,-0.113765,0.2588517,-0.6324488,1.2988781,-0.6581311,1.5388261,-0.44272584,0.022722162,0.2882853,-0.045526445,1.0110317,-0.43521732,-0.30350727,0.33308676,-0.3206119,-0.19293112,-0.61037767,-0.15311223,-0.4366452,-0.7942683,0.017838493,-0.6557887,-1.3281238,-0.2664258,0.88151014,1.3556463,-1.8415093,0.5983129,-0.38966373,-0.72800344,0.806357,-0.93777794,-1.4970107,-0.7166359,0.7142495,-0.3130895,0.07824603,1.7156821,0.06532109,0.21764132,-0.1473384,-0.98808944,-0.5810816,-0.064610004,1.390415,0.8899697,1.2550145,0.22525066,0.015354544,-0.45101252,0.09467551,-1.107362,-0.043640614,0.22702894,0.69669473,0.031031787,-0.99143344,1.9780102,0.8931766,0.16327927,-1.0968417,0.22026584,-0.33192676,-1.8003516,-0.89425904,-0.83805263,0.5960461,-0.18194741,-0.9395981,-0.80796397,1.270348,-0.057408333,-1.0715008,0.115083635,0.98504424,-1.5645998,0.7845724,0.9123783,-0.56760705,-0.8641168,0.7650237,-1.7665297,-0.7759668,-1.3920445,-2.0487344,1.3609581,0.045789987,-0.8504561,-0.0881848,-0.88583636,-0.46165282,-0.21006173,-1.1580573,-0.5710292,-0.89731634,-1.3924142,-0.8473266,1.0709906,-0.94441354,0.9382248,-0.5177076,-0.12962073,0.09112948,-0.515136,-0.69353956,0.31848353,-1.0202961,-0.34990078,-1.1707793,0.43200743,1.0087131,0.8366038,0.24213403,-2.242626,0.3086121,1.5151873,0.27878696,-1.0781298,-0.78202736,-0.29165632,-1.9058125,-0.98079747,-0.03957525,0.5873469,0.16794479,1.4653686,-0.62838924,-1.4504579,-1.2473829,1.7150171,0.6539498,0.74075484,0.34087366,-1.0480793,0.11387199,1.143176,-2.1366012,-1.8177942,0.25321546,0.58825827,1.5280839,1.0239325,-0.033166677,-1.6834965,-0.94235986,-1.3263429,-0.73144764,-0.98436177
275,0.74549294,0.49470946,0.42750713,-0.7541748,0.481468,0.7352053,-0.61690646,0.077404425,-0.57933843,0.66389847,1.4549122,-0.62754995,-0.701671,-0.47134113,0.15501043,0.17392884,-0.43714905,0.03250518,-0.5820092,-0.4005875,0.46207887,-0.19420183,1.3706553,0.61429864,-0.77267385,0.8026106,0.21623953,0.63214463,0.59446627,-0.6363771,-0.13206625,-0.24068081,-0.31752527,-0.49690688,0.15466549,1.0882909,-0.4041875,-0.5714607,-0.6393739,0.35873088,-0.5227815,-0.62313443,-0.7646793,0.7038823,0.2635817,-0.68919456,0.6881224,-0.59827167,0.43868548,1.0679786,-0.17184752,-0.87514794,-0.756985,-0.7731962,0.14895722,-0.054964364,0.8599618,0.5674592,-0.59589124,-0.2310301,-0.15651488,0.6587805,-0.3620026,0.42969757,-0.04495728,0.11109416,1.0479939,0.3733077,0.9753003,-0.37290603,0.9666226,0.5300877,1.1048914,1.0133013,-0.1507281,0.7637061,-0.15886271,0.94545037,0.5829198,-0.53007996,0.78230876,0.74614227,-0.4604681,-0.41252327,1.3559163,-0.34691137,-0.23909748,-0.33624274,0.79896164,0.27721763,-0.22290468,-0.19002593,0.5306901,-0.5713798,0.8456751,-0.4218771,-0.8648406,0.23297738,-0.29838264,-0.5085342,-0.6950824,-0.48218727,0.9027405,0.64754385,0.7057221,-0.14417785,0.6292238,0.55423045,-0.113765,0.2588517,-0.6324488,1.2988781,-0.6581311,1.5388261,-0.44272584,0.022722162,0.2882853,-0.045526445,1.0110317,-0.43521732,-0.30350727,0.33308676,-0.3206119,-0.19293112,-0.61037767,-0.15311223,-0.4366452,-0.7942683,0.017838493,-0.6557887,-1.3281238,-0.2664258,0.88151014,1.3556463,-1.8415093,0.5983129,-0.38966373,-0.72800344,0.806357,-0.93777794,-1.4970107,-0.7166359,0.7142495,-0.3130895,0.07824603,1.7156821,0.06532109,0.21764132,-0.1473384,-0.98808944,-0.5810816,-0.064610004,1.390415,0.8899697,1.2550145,0.22525066,0.015354544,-0.45101252,0.09467551,-1.107362,-0.043640614,0.22702894,0.69669473,0.031031787,-0.99143344,1.9780102,0.8931766,0.16327927,-1.0968417,0.22026584,-0.33192676,-1.8003516,-0.89425904,-0.83805263,0.5960461,-0.18194741,-0.9395981,-0.80796397,1.270348,-0.057408333,-1.0715008,0.115083635,0.98504424,-1.5645998,0.7845724,0.9123783,-0.56760705,-0.8641168,0.7650237,-1.7665297,-0.7759668,-1.3920445,-2.0487344,1.3609581,0.045789987,-0.8504561,-0.0881848,-0.88583636,-0.46165282,-0.21006173,-1.1580573,-0.5710292,-0.89731634,-1.3924142,-0.8473266,1.0709906,-0.94441354,0.9382248,-0.5177076,-0.12962073,0.09112948,-0.515136,-0.69353956,0.31848353,-1.0202961,-0.34990078,-1.1707793,0.43200743,1.0087131,0.8366038,0.24213403,-2.242626,0.3086121,1.5151873,0.27878696,-1.0781298,-0.78202736,-0.29165632,-1.9058125,-0.98079747,-0.03957525,0.5873469,0.16794479,1.4653686,-0.62838924,-1.4504579,-1.2473829,1.7150171,0.6539498,0.74075484,0.34087366,-1.0480793,0.11387199,1.143176,-2.1366012,-1.8177942,0.25321546,0.58825827,1.5280839,1.0239325,-0.033166677,-1.6834965,-0.94235986,-1.3263429,-0.73144764,-0.98436177
276,0.74549294,0.49470946,0.42750713,-0.7541748,0.481468,0.7352053,-0.61690646,0.077404425,-0.57933843,0.66389847,1.4549122,-0.62754995,-0.701671,-0.47134113,0.15501043,0.17392884,-0.43714905,0.03250518,-0.5820092,-0.4005875,0.46207887,-0.19420183,1.3706553,0.61429864,-0.77267385,0.8026106,0.21623953,0.63214463,0.59446627,-0.6363771,-0.13206625,-0.24068081,-0.31752527,-0.49690688,0.15466549,1.0882909,-0.4041875,-0.5714607,-0.6393739,0.35873088,-0.5227815,-0.62313443,-0.7646793,0.7038823,0.2635817,-0.68919456,0.6881224,-0.59827167,0.43868548,1.0679786,-0.17184752,-0.87514794,-0.756985,-0.7731962,0.14895722,-0.054964364,0.8599618,0.5674592,-0.59589124,-0.2310301,-0.15651488,0.6587805,-0.3620026,0.42969757,-0.04495728,0.11109416,1.0479939,0.3733077,0.9753003,-0.37290603,0.9666226,0.5300877,1.1048914,1.0133013,-0.1507281,0.7637061,-0.15886271,0.94545037,0.5829198,-0.53007996,0.78230876,0.74614227,-0.4604681,-0.41252327,1.3559163,-0.34691137,-0.23909748,-0.33624274,0.79896164,0.27721763,-0.22290468,-0.19002593,0.5306901,-0.5713798,0.8456751,-0.4218771,-0.8648406,0.23297738,-0.29838264,-0.5085342,-0.6950824,-0.48218727,0.9027405,0.64754385,0.7057221,-0.14417785,0.6292238,0.55423045,-0.113765,0.2588517,-0.6324488,1.2988781,-0.6581311,1.5388261,-0.44272584,0.022722162,0.2882853,-0.045526445,1.0110317,-0.43521732,-0.30350727,0.33308676,-0.3206119,-0.19293112,-0.61037767,-0.15311223,-0.4366452,-0.7942683,0.017838493,-0.6557887,-1.3281238,-0.2664258,0.88151014,1.3556463,-1.8415093,0.5983129,-0.38966373,-0.72800344,0.806357,-0.93777794,-1.4970107,-0.7166359,0.7142495,-0.3130895,0.07824603,1.7156821,0.06532109,0.21764132,-0.1473384,-0.98808944,-0.5810816,-0.064610004,1.390415,0.8899697,1.2550145,0.22525066,0.015354544,-0.45101252,0.09467551,-1.107362,-0.043640614,0.22702894,0.69669473,0.031031787,-0.99143344,1.9780102,0.8931766,0.16327927,-1.0968417,0.22026584,-0.33192676,-1.8003516,-0.89425904,-0.83805263,0.5960461,-0.18194741,-0.9395981,-0.80796397,1.270348,-0.057408333,-1.0715008,0.115083635,0.98504424,-1.5645998,0.7845724,0.9123783,-0.56760705,-0.8641168,0.7650237,-1.7665297,-0.7759668,-1.3920445,-2.0487344,1.3609581,0.045789987,-0.8504561,-0.0881848,-0.88583636,-0.46165282,-0.21006173,-1.1580573,-0.5710292,-0.89731634,-1.3924142,-0.8473266,1.0709906,-0.94441354,0.9382248,-0.5177076,-0.12962073,0.09112948,-0.515136,-0.69353956,0.31848353,-1.0202961,-0.34990078,-1.1707793,0.43200743,1.0087131,0.8366038,0.24213403,-2.242626,0.3086121,1.5151873,0.27878696,-1.0781298,-0.78202736,-0.29165632,-1.9058125,-0.98079747,-0.03957525,0.5873469,0.16794479,1.4653686,-0.62838924,-1.4504579,-1.2473829,1.7150171,0.6539498,0.74075484,0.34087366,-1.0480793,0.11387199,1.143176,-2.1366012,-1.8177942,0.25321546,0.58825827,1.5280839,1.0239325,-0.033166677,-1.6834965,-0.94235986,-1.3263429,-0.73144764,-0.98436177
277,0.74549294,0.49470946,0.42750713,-0.7541748,0.481468,0.7352053,-0.61690646,0.077404425,-0.57933843,0.66389847,1.4549122,-0.62754995,-0.701671,-0.47134113,0.15501043,0.17392884,-0.43714905,0.03250518,-0.5820092,-0.4005875,0.46207887,-0.19420183,1.3706553,0.61429864,-0.77267385,0.8026106,0.21623953,0.63214463,0.59446627,-0.6363771,-0.13206625,-0.24068081,-0.31752527,-0.49690688,0.15466549,1.0882909,-0.4041875,-0.5714607,-0.6393739,0.35873088,-0.5227815,-0.62313443,-0.7646793,0.7038823,0.2635817,-0.68919456,0.6881224,-0.59827167,0.43868548,1.0679786,-0.17184752,-0.87514794,-0.756985,-0.7731962,0.14895722,-0.054964364,0.8599618,0.5674592,-0.59589124,-0.2310301,-0.15651488,0.6587805,-0.3620026,0.42969757,-0.04495728,0.11109416,1.0479939,0.3733077,0.9753003,-0.37290603,0.9666226,0.5300877,1.1048914,1.0133013,-0.1507281,0.7637061,-0.15886271,0.94545037,0.5829198,-0.53007996,0.78230876,0.74614227,-0.4604681,-0.41252327,1.3559163,-0.34691137,-0.23909748,-0.33624274,0.79896164,0.27721763,-0.22290468,-0.19002593,0.5306901,-0.5713798,0.8456751,-0.4218771,-0.8648406,0.23297738,-0.29838264,-0.5085342,-0.6950824,-0.48218727,0.9027405,0.64754385,0.7057221,-0.14417785,0.6292238,0.55423045,-0.113765,0.2588517,-0.6324488,1.2988781,-0.6581311,1.5388261,-0.44272584,0.022722162,0.2882853,-0.045526445,1.0110317,-0.43521732,-0.30350727,0.33308676,-0.3206119,-0.19293112,-0.61037767,-0.15311223,-0.4366452,-0.7942683,0.017838493,-0.6557887,-1.3281238,-0.2664258,0.88151014,1.3556463,-1.8415093,0.5983129,-0.38966373,-0.72800344,0.806357,-0.93777794,-1.4970107,-0.7166359,0.7142495,-0.3130895,0.07824603,1.7156821,0.06532109,0.21764132,-0.1473384,-0.98808944,-0.5810816,-0.064610004,1.390415,0.8899697,1.2550145,0.22525066,0.015354544,-0.45101252,0.09467551,-1.107362,-0.043640614,0.22702894,0.69669473,0.031031787,-0.99143344,1.9780102,0.8931766,0.16327927,-1.0968417,0.22026584,-0.33192676,-1.8003516,-0.89425904,-0.83805263,0.5960461,-0.18194741,-0.9395981,-0.80796397,1.270348,-0.057408333,-1.0715008,0.115083635,0.98504424,-1.5645998,0.7845724,0.9123783,-0.56760705,-0.8641168,0.7650237,-1.7665297,-0.7759668,-1.3920445,-2.0487344,1.3609581,0.045789987,-0.8504561,-0.0881848,-0.88583636,-0.46165282,-0.21006173,-1.1580573,-0.5710292,-0.89731634,-1.3924142,-0.8473266,1.0709906,-0.94441354,0.9382248,-0.5177076,-0.12962073,0.09112948,-0.515136,-0.69353956,0.31848353,-1.0202961,-0.34990078,-1.1707793,0.43200743,1.0087131,0.8366038,0.24213403,-2.242626,0.3086121,1.5151873,0.27878696,-1.0781298,-0.78202736,-0.29165632,-1.9058125,-0.98079747,-0.03957525,0.5873469,0.16794479,1.4653686,-0.62838924,-1.4504579,-1.2473829,1.7150171,0.6539498,0.74075484,0.34087366,-1.0480793,0.11387199,1.143176,-2.1366012,-1.8177942,0.25321546,0.58825827,1.5280839,1.0239325,-0.033166677,-1.6834965,-0.94235986,-1.3263429,-0.73144764,-0.98436177
278,0.74549294,0.49470946,0.42750713,-0.7541748,0.481468,0.7352053,-0.61690646,0.077404425,-0.57933843,0.66389847,1.4549122,-0.62754995,-0.701671,-0.47134113,0.15501043,0.17392884,-0.43714905,0.03250518,-0.5820092,-0.4005875,0.46207887,-0.19420183,1.3706553,0.61429864,-0.77267385,0.8026106,0.21623953,0.63214463,0.59446627,-0.6363771,-0.13206625,-0.24068081,-0.31752527,-0.49690688,0.15466549,1.0882909,-0.4041875,-0.5714607,-0.6393739,0.35873088,-0.5227815,-0.62313443,-0.7646793,0.7038823,0.2635817,-0.68919456,0.6881224,-0.59827167,0.43868548,1.0679786,-0.17184752,-0.87514794,-0.756985,-0.7731962,0.14895722,-0.054964364,0.8599618,0.5674592,-0.59589124,-0.2310301,-0.15651488,0.6587805,-0.3620026,0.42969757,-0.04495728,0.11109416,1.0479939,0.3733077,0.9753003,-0.37290603,0.9666226,0.5300877,1.1048914,1.0133013,-0.1507281,0.7637061,-0.15886271,0.94545037,0.5829198,-0.53007996,0.78230876,0.74614227,-0.4604681,-0.41252327,1.3559163,-0.34691137,-0.23909748,-0.33624274,0.79896164,0.27721763,-0.22290468,-0.19002593,0.5306901,-0.5713798,0.8456751,-0.4218771,-0.8648406,0.23297738,-0.29838264,-0.5085342,-0.6950824,-0.48218727,0.9027405,0.64754385,0.7057221,-0.14417785,0.6292238,0.55423045,-0.113765,0.2588517,-0.6324488,1.2988781,-0.6581311,1.5388261,-0.44272584,0.022722162,0.2882853,-0.045526445,1.0110317,-0.43521732,-0.30350727,0.33308676,-0.3206119,-0.19293112,-0.61037767,-0.15311223,-0.4366452,-0.7942683,0.017838493,-0.6557887,-1.3281238,-0.2664258,0.88151014,1.3556463,-1.8415093,0.5983129,-0.38966373,-0.72800344,0.806357,-0.93777794,-1.4970107,-0.7166359,0.7142495,-0.3130895,0.07824603,1.7156821,0.06532109,0.21764132,-0.1473384,-0.98808944,-0.5810816,-0.064610004,1.390415,0.8899697,1.2550145,0.22525066,0.015354544,-0.45101252,0.09467551,-1.107362,-0.043640614,0.22702894,0.69669473,0.031031787,-0.99143344,1.9780102,0.8931766,0.16327927,-1.0968417,0.22026584,-0.33192676,-1.8003516,-0.89425904,-0.83805263,0.5960461,-0.18194741,-0.9395981,-0.80796397,1.270348,-0.057408333,-1.0715008,0.115083635,0.98504424,-1.5645998,0.7845724,0.9123783,-0.56760705,-0.8641168,0.7650237,-1.7665297,-0.7759668,-1.3920445,-2.0487344,1.3609581,0.045789987,-0.8504561,-0.0881848,-0.88583636,-0.46165282,-0.21006173,-1.1580573,-0.5710292,-0.89731634,-1.3924142,-0.8473266,1.0709906,-0.94441354,0.9382248,-0.5177076,-0.12962073,0.09112948,-0.515136,-0.69353956,0.31848353,-1.0202961,-0.34990078,-1.1707793,0.43200743,1.0087131,0.8366038,0.24213403,-2.242626,0.3086121,1.5151873,0.27878696,-1.0781298,-0.78202736,-0.29165632,-1.9058125,-0.98079747,-0.03957525,0.5873469,0.16794479,1.4653686,-0.62838924,-1.4504579,-1.2473829,1.7150171,0.6539498,0.74075484,0.34087366,-1.0480793,0.11387199,1.143176,-2.1366012,-1.8177942,0.25321546,0.58825827,1.5280839,1.0239325,-0.033166677,-1.6834965,-0.94235986,-1.3263429,-0.73144764,-0.98436177
279,0.74549294,0.49470946,0.42750713,-0.7541748,0.481468,0.7352053,-0.61690646,0.077404425,-0.57933843,0.66389847,1.4549122,-0.62754995,-0.701671,-0.47134113,0.15501043,0.17392884,-0.43714905,0.03250518,-0.5820092,-0.4005875,0.46207887,-0.19420183,1.3706553,0.61429864,-0.77267385,0.8026106,0.21623953,0.63214463,0.59446627,-0.6363771,-0.13206625,-0.24068081,-0.31752527,-0.49690688,0.15466549,1.0882909,-0.4041875,-0.5714607,-0.6393739,0.35873088,-0.5227815,-0.62313443,-0.7646793,0.7038823,0.2635817,-0.68919456,0.6881224,-0.59827167,0.43868548,1.0679786,-0.17184752,-0.87514794,-0.756985,-0.7731962,0.14895722,-0.054964364,0.8599618,0.5674592,-0.59589124,-0.2310301,-0.15651488,0.6587805,-0.3620026,0.42969757,-0.04495728,0.11109416,1.0479939,0.3733077,0.9753003,-0.37290603,0.9666226,0.5300877,1.1048914,1.0133013,-0.1507281,0.7637061,-0.15886271,0.94545037,0.5829198,-0.53007996,0.78230876,0.74614227,-0.4604681,-0.41252327,1.3559163,-0.34691137,-0.23909748,-0.33624274,0.79896164,0.27721763,-0.22290468,-0.19002593,0.5306901,-0.5713798,0.8456751,-0.4218771,-0.8648406,0.23297738,-0.29838264,-0.5085342,-0.6950824,-0.48218727,0.9027405,0.64754385,0.7057221,-0.14417785,0.6292238,0.55423045,-0.113765,0.2588517,-0.6324488,1.2988781,-0.6581311,1.5388261,-0.44272584,0.022722162,0.2882853,-0.045526445,1.0110317,-0.43521732,-0.30350727,0.33308676,-0.3206119,-0.19293112,-0.61037767,-0.15311223,-0.4366452,-0.7942683,0.017838493,-0.6557887,-1.3281238,-0.2664258,0.88151014,1.3556463,-1.8415093,0.5983129,-0.38966373,-0.72800344,0.806357,-0.93777794,-1.4970107,-0.7166359,0.7142495,-0.3130895,0.07824603,1.7156821,0.06532109,0.21764132,-0.1473384,-0.98808944,-0.5810816,-0.064610004,1.390415,0.8899697,1.2550145,0.22525066,0.015354544,-0.45101252,0.09467551,-1.107362,-0.043640614,0.22702894,0.69669473,0.031031787,-0.99143344,1.9780102,0.8931766,0.16327927,-1.0968417,0.22026584,-0.33192676,-1.8003516,-0.89425904,-0.83805263,0.5960461,-0.18194741,-0.9395981,-0.80796397,1.270348,-0.057408333,-1.0715008,0.115083635,0.98504424,-1.5645998,0.7845724,0.9123783,-0.56760705,-0.8641168,0.7650237,-1.7665297,-0.7759668,-1.3920445,-2.0487344,1.3609581,0.045789987,-0.8504561,-0.0881848,-0.88583636,-0.46165282,-0.21006173,-1.1580573,-0.5710292,-0.89731634,-1.3924142,-0.8473266,1.0709906,-0.94441354,0.9382248,-0.5177076,-0.12962073,0.09112948,-0.515136,-0.69353956,0.31848353,-1.0202961,-0.34990078,-1.1707793,0.43200743,1.0087131,0.8366038,0.24213403,-2.242626,0.3086121,1.5151873,0.27878696,-1.0781298,-0.78202736,-0.29165632,-1.9058125,-0.98079747,-0.03957525,0.5873469,0.16794479,1.4653686,-0.62838924,-1.4504579,-1.2473829,1.7150171,0.6539498,0.74075484,0.34087366,-1.0480793,0.11387199,1.143176,-2.1366012,-1.8177942,0.25321546,0.58825827,1.5280839,1.0239325,-0.033166677,-1.6834965,-0.94235986,-1.3263429,-0.73144764,-0.98436177
280,0.74549294,0.49470946,0.42750713,-0.7541748,0.481468,0.7352053,-0.61690646,0.077404425,-0.57933843,0.66389847,1.4549122,-0.62754995,-0.701671,-0.47134113,0.15501043,0.17392884,-0.43714905,0.03250518,-0.5820092,-0.4005875,0.46207887,-0.19420183,1.3706553,0.61429864,-0.77267385,0.8026106,0.21623953,0.63214463,0.59446627,-0.6363771,-0.13206625,-0.24068081,-0.31752527,-0.49690688,0.15466549,1.0882909,-0.4041875,-0.5714607,-0.6393739,0.35873088,-0.5227815,-0.62313443,-0.7646793,0.7038823,0.2635817,-0.68919456,0.6881224,-0.59827167,0.43868548,1.0679786,-0.17184752,-0.87514794,-0.756985,-0.7731962,0.14895722,-0.054964364,0.8599618,0.5674592,-0.59589124,-0.2310301,-0.15651488,0.6587805,-0.3620026,0.42969757,-0.04495728,0.11109416,1.0479939,0.3733077,0.9753003,-0.37290603,0.9666226,0.5300877,1.1048914,1.0133013,-0.1507281,0.7637061,-0.15886271,0.94545037,0.5829198,-0.53007996,0.78230876,0.74614227,-0.4604681,-0.41252327,1.3559163,-0.34691137,-0.23909748,-0.33624274,0.79896164,0.27721763,-0.22290468,-0.19002593,0.5306901,-0.5713798,0.8456751,-0.4218771,-0.8648406,0.23297738,-0.29838264,-0.5085342,-0.6950824,-0.48218727,0.9027405,0.64754385,0.7057221,-0.14417785,0.6292238,0.55423045,-0.113765,0.2588517,-0.6324488,1.2988781,-0.6581311,1.5388261,-0.44272584,0.022722162,0.2882853,-0.045526445,1.0110317,-0.43521732,-0.30350727,0.33308676,-0.3206119,-0.19293112,-0.61037767,-0.15311223,-0.4366452,-0.7942683,0.017838493,-0.6557887,-1.3281238,-0.2664258,0.88151014,1.3556463,-1.8415093,0.5983129,-0.38966373,-0.72800344,0.806357,-0.93777794,-1.4970107,-0.7166359,0.7142495,-0.3130895,0.07824603,1.7156821,0.06532109,0.21764132,-0.1473384,-0.98808944,-0.5810816,-0.064610004,1.390415,0.8899697,1.2550145,0.22525066,0.015354544,-0.45101252,0.09467551,-1.107362,-0.043640614,0.22702894,0.69669473,0.031031787,-0.99143344,1.9780102,0.8931766,0.16327927,-1.0968417,0.22026584,-0.33192676,-1.8003516,-0.89425904,-0.83805263,0.5960461,-0.18194741,-0.9395981,-0.80796397,1.270348,-0.057408333,-1.0715008,0.115083635,0.98504424,-1.5645998,0.7845724,0.9123783,-0.56760705,-0.8641168,0.7650237,-1.7665297,-0.7759668,-1.3920445,-2.0487344,1.3609581,0.045789987,-0.8504561,-0.0881848,-0.88583636,-0.46165282,-0.21006173,-1.1580573,-0.5710292,-0.89731634,-1.3924142,-0.8473266,1.0709906,-0.94441354,0.9382248,-0.5177076,-0.12962073,0.09112948,-0.515136,-0.69353956,0.31848353,-1.0202961,-0.34990078,-1.1707793,0.43200743,1.0087131,0.8366038,0.24213403,-2.242626,0.3086121,1.5151873,0.27878696,-1.0781298,-0.78202736,-0.29165632,-1.9058125,-0.98079747,-0.03957525,0.5873469,0.16794479,1.4653686,-0.62838924,-1.4504579,-1.2473829,1.7150171,0.6539498,0.74075484,0.34087366,-1.0480793,0.11387199,1.143176,-2.1366012,-1.8177942,0.25321546,0.58825827,1.5280839,1.0239325,-0.033166677,-1.6834965,-0.94235986,-1.3263429,-0.73144764,-0.98436177
281,0.74549294,0.49470946,0.42750713,-0.7541748,0.481468,0.7352053,-0.61690646,0.077404425,-0.57933843,0.66389847,1.4549122,-0.62754995,-0.701671,-0.47134113,0.15501043,0.17392884,-0.43714905,0.03250518,-0.5820092,-0.4005875,0.46207887,-0.19420183,1.3706553,0.61429864,-0.77267385,0.8026106,0.21623953,0.63214463,0.59446627,-0.6363771,-0.13206625,-0.24068081,-0.31752527,-0.49690688,0.15466549,1.0882909,-0.4041875,-0.5714607,-0.6393739,0.35873088,-0.5227815,-0.62313443,-0.7646793,0.7038823,0.2635817,-0.68919456,0.6881224,-0.59827167,0.43868548,1.0679786,-0.17184752,-0.87514794,-0.756985,-0.7731962,0.14895722,-0.054964364,0.8599618,0.5674592,-0.59589124,-0.2310301,-0.15651488,0.6587805,-0.3620026,0.42969757,-0.04495728,0.11109416,1.0479939,0.3733077,0.9753003,-0.37290603,0.9666226,0.5300877,1.1048914,1.0133013,-0.1507281,0.7637061,-0.15886271,0.94545037,0.5829198,-0.53007996,0.78230876,0.74614227,-0.4604681,-0.41252327,1.3559163,-0.34691137,-0.23909748,-0.33624274,0.79896164,0.27721763,-0.22290468,-0.19002593,0.5306901,-0.5713798,0.8456751,-0.4218771,-0.8648406,0.23297738,-0.29838264,-0.5085342,-0.6950824,-0.48218727,0.9027405,0.64754385,0.7057221,-0.14417785,0.6292238,0.55423045,-0.113765,0.2588517,-0.6324488,1.2988781,-0.6581311,1.5388261,-0.44272584,0.022722162,0.2882853,-0.045526445,1.0110317,-0.43521732,-0.30350727,0.33308676,-0.3206119,-0.19293112,-0.61037767,-0.15311223,-0.4366452,-0.7942683,0.017838493,-0.6557887,-1.3281238,-0.2664258,0.88151014,1.3556463,-1.8415093,0.5983129,-0.38966373,-0.72800344,0.806357,-0.93777794,-1.4970107,-0.7166359,0.7142495,-0.3130895,0.07824603,1.7156821,0.06532109,0.21764132,-0.1473384,-0.98808944,-0.5810816,-0.064610004,1.390415,0.8899697,1.2550145,0.22525066,0.015354544,-0.45101252,0.09467551,-1.107362,-0.043640614,0.22702894,0.69669473,0.031031787,-0.99143344,1.9780102,0.8931766,0.16327927,-1.0968417,0.22026584,-0.33192676,-1.8003516,-0.89425904,-0.83805263,0.5960461,-0.18194741,-0.9395981,-0.80796397,1.270348,-0.057408333,-1.0715008,0.115083635,0.98504424,-1.5645998,0.7845724,0.9123783,-0.56760705,-0.8641168,0.7650237,-1.7665297,-0.7759668,-1.3920445,-2.0487344,1.3609581,0.045789987,-0.8504561,-0.0881848,-0.88583636,-0.46165282,-0.21006173,-1.1580573,-0.5710292,-0.89731634,-1.3924142,-0.8473266,1.0709906,-0.94441354,0.9382248,-0.5177076,-0.12962073,0.09112948,-0.515136,-0.69353956,0.31848353,-1.0202961,-0.34990078,-1.1707793,0.43200743,1.0087131,0.8366038,0.24213403,-2.242626,0.3086121,1.5151873,0.27878696,-1.0781298,-0.78202736,-0.29165632,-1.9058125,-0.98079747,-0.03957525,0.5873469,0.16794479,1.4653686,-0.62838924,-1.4504579,-1.2473829,1.7150171,0.6539498,0.74075484,0.34087366,-1.0480793,0.11387199,1.143176,-2.1366012,-1.8177942,0.25321546,0.58825827,1.5280839,1.0239325,-0.033166677,-1.6834965,-0.94235986,-1.3263429,-0.73144764,-0.98436177
282,0.74549294,0.49470946,0.42750713,-0.7541748,0.481468,0.7352053,-0.61690646,0.077404425,-0.57933843,0.66389847,1.4549122,-0.62754995,-0.701671,-0.47134113,0.15501043,0.17392884,-0.43714905,0.03250518,-0.5820092,-0.4005875,0.46207887,-0.19420183,1.3706553,0.61429864,-0.77267385,0.8026106,0.21623953,0.63214463,0.59446627,-0.6363771,-0.13206625,-0.24068081,-0.31752527,-0.49690688,0.15466549,1.0882909,-0.4041875,-0.5714607,-0.6393739,0.35873088,-0.5227815,-0.62313443,-0.7646793,0.7038823,0.2635817,-0.68919456,0.6881224,-0.59827167,0.43868548,1.0679786,-0.17184752,-0.87514794,-0.756985,-0.7731962,0.14895722,-0.054964364,0.8599618,0.5674592,-0.59589124,-0.2310301,-0.15651488,0.6587805,-0.3620026,0.42969757,-0.04495728,0.11109416,1.0479939,0.3733077,0.9753003,-0.37290603,0.9666226,0.5300877,1.1048914,1.0133013,-0.1507281,0.7637061,-0.15886271,0.94545037,0.5829198,-0.53007996,0.78230876,0.74614227,-0.4604681,-0.41252327,1.3559163,-0.34691137,-0.23909748,-0.33624274,0.79896164,0.27721763,-0.22290468,-0.19002593,0.5306901,-0.5713798,0.8456751,-0.4218771,-0.8648406,0.23297738,-0.29838264,-0.5085342,-0.6950824,-0.48218727,0.9027405,0.64754385,0.7057221,-0.14417785,0.6292238,0.55423045,-0.113765,0.2588517,-0.6324488,1.2988781,-0.6581311,1.5388261,-0.44272584,0.022722162,0.2882853,-0.045526445,1.0110317,-0.43521732,-0.30350727,0.33308676,-0.3206119,-0.19293112,-0.61037767,-0.15311223,-0.4366452,-0.7942683,0.017838493,-0.6557887,-1.3281238,-0.2664258,0.88151014,1.3556463,-1.8415093,0.5983129,-0.38966373,-0.72800344,0.806357,-0.93777794,-1.4970107,-0.7166359,0.7142495,-0.3130895,0.07824603,1.7156821,0.06532109,0.21764132,-0.1473384,-0.98808944,-0.5810816,-0.064610004,1.390415,0.8899697,1.2550145,0.22525066,0.015354544,-0.45101252,0.09467551,-1.107362,-0.043640614,0.22702894,0.69669473,0.031031787,-0.99143344,1.9780102,0.8931766,0.16327927,-1.0968417,0.22026584,-0.33192676,-1.8003516,-0.89425904,-0.83805263,0.5960461,-0.18194741,-0.9395981,-0.80796397,1.270348,-0.057408333,-1.0715008,0.115083635,0.98504424,-1.5645998,0.7845724,0.9123783,-0.56760705,-0.8641168,0.7650237,-1.7665297,-0.7759668,-1.3920445,-2.0487344,1.3609581,0.045789987,-0.8504561,-0.0881848,-0.88583636,-0.46165282,-0.21006173,-1.1580573,-0.5710292,-0.89731634,-1.3924142,-0.8473266,1.0709906,-0.94441354,0.9382248,-0.5177076,-0.12962073,0.09112948,-0.515136,-0.69353956,0.31848353,-1.0202961,-0.34990078,-1.1707793,0.43200743,1.0087131,0.8366038,0.24213403,-2.242626,0.3086121,1.5151873,0.27878696,-1.0781298,-0.78202736,-0.29165632,-1.9058125,-0.98079747,-0.03957525,0.5873469,0.16794479,1.4653686,-0.62838924,-1.4504579,-1.2473829,1.7150171,0.6539498,0.74075484,0.34087366,-1.0480793,0.11387199,1.143176,-2.1366012,-1.8177942,0.25321546,0.58825827,1.5280839,1.0239325,-0.033166677,-1.6834965,-0.94235986,-1.3263429,-0.73144764,-0.98436177
283,0.74549294,0.49470946,0.42750713,-0.7541748,0.481468,0.7352053,-0.61690646,0.077404425,-0.57933843,0.66389847,1.4549122,-0.62754995,-0.701671,-0.47134113,0.15501043,0.17392884,-0.43714905,0.03250518,-0.5820092,-0.4005875,0.46207887,-0.19420183,1.3706553,0.61429864,-0.77267385,0.8026106,0.21623953,0.63214463,0.59446627,-0.6363771,-0.13206625,-0.24068081,-0.31752527,-0.49690688,0.15466549,1.0882909,-0.4041875,-0.5714607,-0.6393739,0.35873088,-0.5227815,-0.62313443,-0.7646793,0.7038823,0.2635817,-0.68919456,0.6881224,-0.59827167,0.43868548,1.0679786,-0.17184752,-0.87514794,-0.756985,-0.7731962,0.14895722,-0.054964364,0.8599618,0.5674592,-0.59589124,-0.2310301,-0.15651488,0.6587805,-0.3620026,0.42969757,-0.04495728,0.11109416,1.0479939,0.3733077,0.9753003,-0.37290603,0.9666226,0.5300877,1.1048914,1.0133013,-0.1507281,0.7637061,-0.15886271,0.94545037,0.5829198,-0.53007996,0.78230876,0.74614227,-0.4604681,-0.41252327,1.3559163,-0.34691137,-0.23909748,-0.33624274,0.79896164,0.27721763,-0.22290468,-0.19002593,0.5306901,-0.5713798,0.8456751,-0.4218771,-0.8648406,0.23297738,-0.29838264,-0.5085342,-0.6950824,-0.48218727,0.9027405,0.64754385,0.7057221,-0.14417785,0.6292238,0.55423045,-0.113765,0.2588517,-0.6324488,1.2988781,-0.6581311,1.5388261,-0.44272584,0.022722162,0.2882853,-0.045526445,1.0110317,-0.43521732,-0.30350727,0.33308676,-0.3206119,-0.19293112,-0.61037767,-0.15311223,-0.4366452,-0.7942683,0.017838493,-0.6557887,-1.3281238,-0.2664258,0.88151014,1.3556463,-1.8415093,0.5983129,-0.38966373,-0.72800344,0.806357,-0.93777794,-1.4970107,-0.7166359,0.7142495,-0.3130895,0.07824603,1.7156821,0.06532109,0.21764132,-0.1473384,-0.98808944,-0.5810816,-0.064610004,1.390415,0.8899697,1.2550145,0.22525066,0.015354544,-0.45101252,0.09467551,-1.107362,-0.043640614,0.22702894,0.69669473,0.031031787,-0.99143344,1.9780102,0.8931766,0.16327927,-1.0968417,0.22026584,-0.33192676,-1.8003516,-0.89425904,-0.83805263,0.5960461,-0.18194741,-0.9395981,-0.80796397,1.270348,-0.057408333,-1.0715008,0.115083635,0.98504424,-1.5645998,0.7845724,0.9123783,-0.56760705,-0.8641168,0.7650237,-1.7665297,-0.7759668,-1.3920445,-2.0487344,1.3609581,0.045789987,-0.8504561,-0.0881848,-0.88583636,-0.46165282,-0.21006173,-1.1580573,-0.5710292,-0.89731634,-1.3924142,-0.8473266,1.0709906,-0.94441354,0.9382248,-0.5177076,-0.12962073,0.09112948,-0.515136,-0.69353956,0.31848353,-1.0202961,-0.34990078,-1.1707793,0.43200743,1.0087131,0.8366038,0.24213403,-2.242626,0.3086121,1.5151873,0.27878696,-1.0781298,-0.78202736,-0.29165632,-1.9058125,-0.98079747,-0.03957525,0.5873469,0.16794479,1.4653686,-0.62838924,-1.4504579,-1.2473829,1.7150171,0.6539498,0.74075484,0.34087366,-1.0480793,0.11387199,1.143176,-2.1366012,-1.8177942,0.25321546,0.58825827,1.5280839,1.0239325,-0.033166677,-1.6834965,-0.94235986,-1.3263429,-0.73144764,-0.98436177
284,0.74549294,0.49470946,0.42750713,-0.7541748,0.481468,0.7352053,-0.61690646,0.077404425,-0.57933843,0.66389847,1.4549122,-0.62754995,-0.701671,-0.47134113,0.15501043,0.17392884,-0.43714905,0.03250518,-0.5820092,-0.4005875,0.46207887,-0.19420183,1.3706553,0.61429864,-0.77267385,0.8026106,0.21623953,0.63214463,0.59446627,-0.6363771,-0.13206625,-0.24068081,-0.31752527,-0.49690688,0.15466549,1.0882909,-0.4041875,-0.5714607,-0.6393739,0.35873088,-0.5227815,-0.62313443,-0.7646793,0.7038823,0.2635817,-0.68919456,0.6881224,-0.59827167,0.43868548,1.0679786,-0.17184752,-0.87514794,-0.756985,-0.7731962,0.14895722,-0.054964364,0.8599618,0.5674592,-0.59589124,-0.2310301,-0.15651488,0.6587805,-0.3620026,0.42969757,-0.04495728,0.11109416,1.0479939,0.3733077,0.9753003,-0.37290603,0.9666226,0.5300877,1.1048914,1.0133013,-0.1507281,0.7637061,-0.15886271,0.94545037,0.5829198,-0.53007996,0.78230876,0.74614227,-0.4604681,-0.41252327,1.3559163,-0.34691137,-0.23909748,-0.33624274,0.79896164,0.27721763,-0.22290468,-0.19002593,0.5306901,-0.5713798,0.8456751,-0.4218771,-0.8648406,0.23297738,-0.29838264,-0.5085342,-0.6950824,-0.48218727,0.9027405,0.64754385,0.7057221,-0.14417785,0.6292238,0.55423045,-0.113765,0.2588517,-0.6324488,1.2988781,-0.6581311,1.5388261,-0.44272584,0.022722162,0.2882853,-0.045526445,1.0110317,-0.43521732,-0.30350727,0.33308676,-0.3206119,-0.19293112,-0.61037767,-0.15311223,-0.4366452,-0.7942683,0.017838493,-0.6557887,-1.3281238,-0.2664258,0.88151014,1.3556463,-1.8415093,0.5983129,-0.38966373,-0.72800344,0.806357,-0.93777794,-1.4970107,-0.7166359,0.7142495,-0.3130895,0.07824603,1.7156821,0.06532109,0.21764132,-0.1473384,-0.98808944,-0.5810816,-0.064610004,1.390415,0.8899697,1.2550145,0.22525066,0.015354544,-0.45101252,0.09467551,-1.107362,-0.043640614,0.22702894,0.69669473,0.031031787,-0.99143344,1.9780102,0.8931766,0.16327927,-1.0968417,0.22026584,-0.33192676,-1.8003516,-0.89425904,-0.83805263,0.5960461,-0.18194741,-0.9395981,-0.80796397,1.270348,-0.057408333,-1.0715008,0.115083635,0.98504424,-1.5645998,0.7845724,0.9123783,-0.56760705,-0.8641168,0.7650237,-1.7665297,-0.7759668,-1.3920445,-2.0487344,1.3609581,0.045789987,-0.8504561,-0.0881848,-0.88583636,-0.46165282,-0.21006173,-1.1580573,-0.5710292,-0.89731634,-1.3924142,-0.8473266,1.0709906,-0.94441354,0.9382248,-0.5177076,-0.12962073,0.09112948,-0.515136,-0.69353956,0.31848353,-1.0202961,-0.34990078,-1.1707793,0.43200743,1.0087131,0.8366038,0.24213403,-2.242626,0.3086121,1.5151873,0.27878696,-1.0781298,-0.78202736,-0.29165632,-1.9058125,-0.98079747,-0.03957525,0.5873469,0.16794479,1.4653686,-0.62838924,-1.4504579,-1.2473829,1.7150171,0.6539498,0.74075484,0.34087366,-1.0480793,0.11387199,1.143176,-2.1366012,-1.8177942,0.25321546,0.58825827,1.5280839,1.0239325,-0.033166677,-1.6834965,-0.94235986,-1.3263429,-0.73144764,-0.98436177
285,0.74549294,0.49470946,0.42750713,-0.7541748,0.481468,0.7352053,-0.61690646,0.077404425,-0.57933843,0.66389847,1.4549122,-0.62754995,-0.701671,-0.47134113,0.15501043,0.17392884,-0.43714905,0.03250518,-0.5820092,-0.4005875,0.46207887,-0.19420183,1.3706553,0.61429864,-0.77267385,0.8026106,0.21623953,0.63214463,0.59446627,-0.6363771,-0.13206625,-0.24068081,-0.31752527,-0.49690688,0.15466549,1.0882909,-0.4041875,-0.5714607,-0.6393739,0.35873088,-0.5227815,-0.62313443,-0.7646793,0.7038823,0.2635817,-0.68919456,0.6881224,-0.59827167,0.43868548,1.0679786,-0.17184752,-0.87514794,-0.756985,-0.7731962,0.14895722,-0.054964364,0.8599618,0.5674592,-0.59589124,-0.2310301,-0.15651488,0.6587805,-0.3620026,0.42969757,-0.04495728,0.11109416,1.0479939,0.3733077,0.9753003,-0.37290603,0.9666226,0.5300877,1.1048914,1.0133013,-0.1507281,0.7637061,-0.15886271,0.94545037,0.5829198,-0.53007996,0.78230876,0.74614227,-0.4604681,-0.41252327,1.3559163,-0.34691137,-0.23909748,-0.33624274,0.79896164,0.27721763,-0.22290468,-0.19002593,0.5306901,-0.5713798,0.8456751,-0.4218771,-0.8648406,0.23297738,-0.29838264,-0.5085342,-0.6950824,-0.48218727,0.9027405,0.64754385,0.7057221,-0.14417785,0.6292238,0.55423045,-0.113765,0.2588517,-0.6324488,1.2988781,-0.6581311,1.5388261,-0.44272584,0.022722162,0.2882853,-0.045526445,1.0110317,-0.43521732,-0.30350727,0.33308676,-0.3206119,-0.19293112,-0.61037767,-0.15311223,-0.4366452,-0.7942683,0.017838493,-0.6557887,-1.3281238,-0.2664258,0.88151014,1.3556463,-1.8415093,0.5983129,-0.38966373,-0.72800344,0.806357,-0.93777794,-1.4970107,-0.7166359,0.7142495,-0.3130895,0.07824603,1.7156821,0.06532109,0.21764132,-0.1473384,-0.98808944,-0.5810816,-0.064610004,1.390415,0.8899697,1.2550145,0.22525066,0.015354544,-0.45101252,0.09467551,-1.107362,-0.043640614,0.22702894,0.69669473,0.031031787,-0.99143344,1.9780102,0.8931766,0.16327927,-1.0968417,0.22026584,-0.33192676,-1.8003516,-0.89425904,-0.83805263,0.5960461,-0.18194741,-0.9395981,-0.80796397,1.270348,-0.057408333,-1.0715008,0.115083635,0.98504424,-1.5645998,0.7845724,0.9123783,-0.56760705,-0.8641168,0.7650237,-1.7665297,-0.7759668,-1.3920445,-2.0487344,1.3609581,0.045789987,-0.8504561,-0.0881848,-0.88583636,-0.46165282,-0.21006173,-1.1580573,-0.5710292,-0.89731634,-1.3924142,-0.8473266,1.0709906,-0.94441354,0.9382248,-0.5177076,-0.12962073,0.09112948,-0.515136,-0.69353956,0.31848353,-1.0202961,-0.34990078,-1.1707793,0.43200743,1.0087131,0.8366038,0.24213403,-2.242626,0.3086121,1.5151873,0.27878696,-1.0781298,-0.78202736,-0.29165632,-1.9058125,-0.98079747,-0.03957525,0.5873469,0.16794479,1.4653686,-0.62838924,-1.4504579,-1.2473829,1.7150171,0.6539498,0.74075484,0.34087366,-1.0480793,0.11387199,1.143176,-2.1366012,-1.8177942,0.25321546,0.58825827,1.5280839,1.0239325,-0.033166677,-1.6834965,-0.94235986,-1.3263429,-0.73144764,-0.98436177
286,0.74549294,0.49470946,0.42750713,-0.7541748,0.481468,0.7352053,-0.61690646,0.077404425,-0.57933843,0.66389847,1.4549122,-0.62754995,-0.701671,-0.47134113,0.15501043,0.17392884,-0.43714905,0.03250518,-0.5820092,-0.4005875,0.46207887,-0.19420183,1.3706553,0.61429864,-0.77267385,0.8026106,0.21623953,0.63214463,0.59446627,-0.6363771,-0.13206625,-0.24068081,-0.31752527,-0.49690688,0.15466549,1.0882909,-0.4041875,-0.5714607,-0.6393739,0.35873088,-0.5227815,-0.62313443,-0.7646793,0.7038823,0.2635817,-0.68919456,0.6881224,-0.59827167,0.43868548,1.0679786,-0.17184752,-0.87514794,-0.756985,-0.7731962,0.14895722,-0.054964364,0.8599618,0.5674592,-0.59589124,-0.2310301,-0.15651488,0.6587805,-0.3620026,0.42969757,-0.04495728,0.11109416,1.0479939,0.3733077,0.9753003,-0.37290603,0.9666226,0.5300877,1.1048914,1.0133013,-0.1507281,0.7637061,-0.15886271,0.94545037,0.5829198,-0.53007996,0.78230876,0.74614227,-0.4604681,-0.41252327,1.3559163,-0.34691137,-0.23909748,-0.33624274,0.79896164,0.27721763,-0.22290468,-0.19002593,0.5306901,-0.5713798,0.8456751,-0.4218771,-0.8648406,0.23297738,-0.29838264,-0.5085342,-0.6950824,-0.48218727,0.9027405,0.64754385,0.7057221,-0.14417785,0.6292238,0.55423045,-0.113765,0.2588517,-0.6324488,1.2988781,-0.6581311,1.5388261,-0.44272584,0.022722162,0.2882853,-0.045526445,1.0110317,-0.43521732,-0.30350727,0.33308676,-0.3206119,-0.19293112,-0.61037767,-0.15311223,-0.4366452,-0.7942683,0.017838493,-0.6557887,-1.3281238,-0.2664258,0.88151014,1.3556463,-1.8415093,0.5983129,-0.38966373,-0.72800344,0.806357,-0.93777794,-1.4970107,-0.7166359,0.7142495,-0.3130895,0.07824603,1.7156821,0.06532109,0.21764132,-0.1473384,-0.98808944,-0.5810816,-0.064610004,1.390415,0.8899697,1.2550145,0.22525066,0.015354544,-0.45101252,0.09467551,-1.107362,-0.043640614,0.22702894,0.69669473,0.031031787,-0.99143344,1.9780102,0.8931766,0.16327927,-1.0968417,0.22026584,-0.33192676,-1.8003516,-0.89425904,-0.83805263,0.5960461,-0.18194741,-0.9395981,-0.80796397,1.270348,-0.057408333,-1.0715008,0.115083635,0.98504424,-1.5645998,0.7845724,0.9123783,-0.56760705,-0.8641168,0.7650237,-1.7665297,-0.7759668,-1.3920445,-2.0487344,1.3609581,0.045789987,-0.8504561,-0.0881848,-0.88583636,-0.46165282,-0.21006173,-1.1580573,-0.5710292,-0.89731634,-1.3924142,-0.8473266,1.0709906,-0.94441354,0.9382248,-0.5177076,-0.12962073,0.09112948,-0.515136,-0.69353956,0.31848353,-1.0202961,-0.34990078,-1.1707793,0.43200743,1.0087131,0.8366038,0.24213403,-2.242626,0.3086121,1.5151873,0.27878696,-1.0781298,-0.78202736,-0.29165632,-1.9058125,-0.98079747,-0.03957525,0.5873469,0.16794479,1.4653686,-0.62838924,-1.4504579,-1.2473829,1.7150171,0.6539498,0.74075484,0.34087366,-1.0480793,0.11387199,1.143176,-2.1366012,-1.8177942,0.25321546,0.58825827,1.5280839,1.0239325,-0.033166677,-1.6834965,-0.94235986,-1.3263429,-0.73144764,-0.98436177
287,0.74549294,0.49470946,0.42750713,-0.7541748,0.481468,0.7352053,-0.61690646,0.077404425,-0.57933843,0.66389847,1.4549122,-0.62754995,-0.701671,-0.47134113,0.15501043,0.17392884,-0.43714905,0.03250518,-0.5820092,-0.4005875,0.46207887,-0.19420183,1.3706553,0.61429864,-0.77267385,0.8026106,0.21623953,0.63214463,0.59446627,-0.6363771,-0.13206625,-0.24068081,-0.31752527,-0.49690688,0.15466549,1.0882909,-0.4041875,-0.5714607,-0.6393739,0.35873088,-0.5227815,-0.62313443,-0.7646793,0.7038823,0.2635817,-0.68919456,0.6881224,-0.59827167,0.43868548,1.0679786,-0.17184752,-0.87514794,-0.756985,-0.7731962,0.14895722,-0.054964364,0.8599618,0.5674592,-0.59589124,-0.2310301,-0.15651488,0.6587805,-0.3620026,0.42969757,-0.04495728,0.11109416,1.0479939,0.3733077,0.9753003,-0.37290603,0.9666226,0.5300877,1.1048914,1.0133013,-0.1507281,0.7637061,-0.15886271,0.94545037,0.5829198,-0.53007996,0.78230876,0.74614227,-0.4604681,-0.41252327,1.3559163,-0.34691137,-0.23909748,-0.33624274,0.79896164,0.27721763,-0.22290468,-0.19002593,0.5306901,-0.5713798,0.8456751,-0.4218771,-0.8648406,0.23297738,-0.29838264,-0.5085342,-0.6950824,-0.48218727,0.9027405,0.64754385,0.7057221,-0.14417785,0.6292238,0.55423045,-0.113765,0.2588517,-0.6324488,1.2988781,-0.6581311,1.5388261,-0.44272584,0.022722162,0.2882853,-0.045526445,1.0110317,-0.43521732,-0.30350727,0.33308676,-0.3206119,-0.19293112,-0.61037767,-0.15311223,-0.4366452,-0.7942683,0.017838493,-0.6557887,-1.3281238,-0.2664258,0.88151014,1.3556463,-1.8415093,0.5983129,-0.38966373,-0.72800344,0.806357,-0.93777794,-1.4970107,-0.7166359,0.7142495,-0.3130895,0.07824603,1.7156821,0.06532109,0.21764132,-0.1473384,-0.98808944,-0.5810816,-0.064610004,1.390415,0.8899697,1.2550145,0.22525066,0.015354544,-0.45101252,0.09467551,-1.107362,-0.043640614,0.22702894,0.69669473,0.031031787,-0.99143344,1.9780102,0.8931766,0.16327927,-1.0968417,0.22026584,-0.33192676,-1.8003516,-0.89425904,-0.83805263,0.5960461,-0.18194741,-0.9395981,-0.80796397,1.270348,-0.057408333,-1.0715008,0.115083635,0.98504424,-1.5645998,0.7845724,0.9123783,-0.56760705,-0.8641168,0.7650237,-1.7665297,-0.7759668,-1.3920445,-2.0487344,1.3609581,0.045789987,-0.8504561,-0.0881848,-0.88583636,-0.46165282,-0.21006173,-1.1580573,-0.5710292,-0.89731634,-1.3924142,-0.8473266,1.0709906,-0.94441354,0.9382248,-0.5177076,-0.12962073,0.09112948,-0.515136,-0.69353956,0.31848353,-1.0202961,-0.34990078,-1.1707793,0.43200743,1.0087131,0.8366038,0.24213403,-2.242626,0.3086121,1.5151873,0.27878696,-1.0781298,-0.78202736,-0.29165632,-1.9058125,-0.98079747,-0.03957525,0.5873469,0.16794479,1.4653686,-0.62838924,-1.4504579,-1.2473829,1.7150171,0.6539498,0.74075484,0.34087366,-1.0480793,0.11387199,1.143176,-2.1366012,-1.8177942,0.25321546,0.58825827,1.5280839,1.0239325,-0.033166677,-1.6834965,-0.94235986,-1.3263429,-0.73144764,-0.98436177
288,0.74549294,0.49470946,0.42750713,-0.7541748,0.481468,0.7352053,-0.61690646,0.077404425,-0.57933843,0.66389847,1.4549122,-0.62754995,-0.701671,-0.47134113,0.15501043,0.17392884,-0.43714905,0.03250518,-0.5820092,-0.4005875,0.46207887,-0.19420183,1.3706553,0.61429864,-0.77267385,0.8026106,0.21623953,0.63214463,0.59446627,-0.6363771,-0.13206625,-0.24068081,-0.31752527,-0.49690688,0.15466549,1.0882909,-0.4041875,-0.5714607,-0.6393739,0.35873088,-0.5227815,-0.62313443,-0.7646793,0.7038823,0.2635817,-0.68919456,0.6881224,-0.59827167,0.43868548,1.0679786,-0.17184752,-0.87514794,-0.756985,-0.7731962,0.14895722,-0.054964364,0.8599618,0.5674592,-0.59589124,-0.2310301,-0.15651488,0.6587805,-0.3620026,0.42969757,-0.04495728,0.11109416,1.0479939,0.3733077,0.9753003,-0.37290603,0.9666226,0.5300877,1.1048914,1.0133013,-0.1507281,0.7637061,-0.15886271,0.94545037,0.5829198,-0.53007996,0.78230876,0.74614227,-0.4604681,-0.41252327,1.3559163,-0.34691137,-0.23909748,-0.33624274,0.79896164,0.27721763,-0.22290468,-0.19002593,0.5306901,-0.5713798,0.8456751,-0.4218771,-0.8648406,0.23297738,-0.29838264,-0.5085342,-0.6950824,-0.48218727,0.9027405,0.64754385,0.7057221,-0.14417785,0.6292238,0.55423045,-0.113765,0.2588517,-0.6324488,1.2988781,-0.6581311,1.5388261,-0.44272584,0.022722162,0.2882853,-0.045526445,1.0110317,-0.43521732,-0.30350727,0.33308676,-0.3206119,-0.19293112,-0.61037767,-0.15311223,-0.4366452,-0.7942683,0.017838493,-0.6557887,-1.3281238,-0.2664258,0.88151014,1.3556463,-1.8415093,0.5983129,-0.38966373,-0.72800344,0.806357,-0.93777794,-1.4970107,-0.7166359,0.7142495,-0.3130895,0.07824603,1.7156821,0.06532109,0.21764132,-0.1473384,-0.98808944,-0.5810816,-0.064610004,1.390415,0.8899697,1.2550145,0.22525066,0.015354544,-0.45101252,0.09467551,-1.107362,-0.043640614,0.22702894,0.69669473,0.031031787,-0.99143344,1.9780102,0.8931766,0.16327927,-1.0968417,0.22026584,-0.33192676,-1.8003516,-0.89425904,-0.83805263,0.5960461,-0.18194741,-0.9395981,-0.80796397,1.270348,-0.057408333,-1.0715008,0.115083635,0.98504424,-1.5645998,0.7845724,0.9123783,-0.56760705,-0.8641168,0.7650237,-1.7665297,-0.7759668,-1.3920445,-2.0487344,1.3609581,0.045789987,-0.8504561,-0.0881848,-0.88583636,-0.46165282,-0.21006173,-1.1580573,-0.5710292,-0.89731634,-1.3924142,-0.8473266,1.0709906,-0.94441354,0.9382248,-0.5177076,-0.12962073,0.09112948,-0.515136,-0.69353956,0.31848353,-1.0202961,-0.34990078,-1.1707793,0.43200743,1.0087131,0.8366038,0.24213403,-2.242626,0.3086121,1.5151873,0.27878696,-1.0781298,-0.78202736,-0.29165632,-1.9058125,-0.98079747,-0.03957525,0.5873469,0.16794479,1.4653686,-0.62838924,-1.4504579,-1.2473829,1.7150171,0.6539498,0.74075484,0.34087366,-1.0480793,0.11387199,1.143176,-2.1366012,-1.8177942,0.25321546,0.58825827,1.5280839,1.0239325,-0.033166677,-1.6834965,-0.94235986,-1.3263429,-0.73144764,-0.98436177
289,0.74549294,0.49470946,0.42750713,-0.7541748,0.481468,0.7352053,-0.61690646,0.077404425,-0.57933843,0.66389847,1.4549122,-0.62754995,-0.701671,-0.47134113,0.15501043,0.17392884,-0.43714905,0.03250518,-0.5820092,-0.4005875,0.46207887,-0.19420183,1.3706553,0.61429864,-0.77267385,0.8026106,0.21623953,0.63214463,0.59446627,-0.6363771,-0.13206625,-0.24068081,-0.31752527,-0.49690688,0.15466549,1.0882909,-0.4041875,-0.5714607,-0.6393739,0.35873088,-0.5227815,-0.62313443,-0.7646793,0.7038823,0.2635817,-0.68919456,0.6881224,-0.59827167,0.43868548,1.0679786,-0.17184752,-0.87514794,-0.756985,-0.7731962,0.14895722,-0.054964364,0.8599618,0.5674592,-0.59589124,-0.2310301,-0.15651488,0.6587805,-0.3620026,0.42969757,-0.04495728,0.11109416,1.0479939,0.3733077,0.9753003,-0.37290603,0.9666226,0.5300877,1.1048914,1.0133013,-0.1507281,0.7637061,-0.15886271,0.94545037,0.5829198,-0.53007996,0.78230876,0.74614227,-0.4604681,-0.41252327,1.3559163,-0.34691137,-0.23909748,-0.33624274,0.79896164,0.27721763,-0.22290468,-0.19002593,0.5306901,-0.5713798,0.8456751,-0.4218771,-0.8648406,0.23297738,-0.29838264,-0.5085342,-0.6950824,-0.48218727,0.9027405,0.64754385,0.7057221,-0.14417785,0.6292238,0.55423045,-0.113765,0.2588517,-0.6324488,1.2988781,-0.6581311,1.5388261,-0.44272584,0.022722162,0.2882853,-0.045526445,1.0110317,-0.43521732,-0.30350727,0.33308676,-0.3206119,-0.19293112,-0.61037767,-0.15311223,-0.4366452,-0.7942683,0.017838493,-0.6557887,-1.3281238,-0.2664258,0.88151014,1.3556463,-1.8415093,0.5983129,-0.38966373,-0.72800344,0.806357,-0.93777794,-1.4970107,-0.7166359,0.7142495,-0.3130895,0.07824603,1.7156821,0.06532109,0.21764132,-0.1473384,-0.98808944,-0.5810816,-0.064610004,1.390415,0.8899697,1.2550145,0.22525066,0.015354544,-0.45101252,0.09467551,-1.107362,-0.043640614,0.22702894,0.69669473,0.031031787,-0.99143344,1.9780102,0.8931766,0.16327927,-1.0968417,0.22026584,-0.33192676,-1.8003516,-0.89425904,-0.83805263,0.5960461,-0.18194741,-0.9395981,-0.80796397,1.270348,-0.057408333,-1.0715008,0.115083635,0.98504424,-1.5645998,0.7845724,0.9123783,-0.56760705,-0.8641168,0.7650237,-1.7665297,-0.7759668,-1.3920445,-2.0487344,1.3609581,0.045789987,-0.8504561,-0.0881848,-0.88583636,-0.46165282,-0.21006173,-1.1580573,-0.5710292,-0.89731634,-1.3924142,-0.8473266,1.0709906,-0.94441354,0.9382248,-0.5177076,-0.12962073,0.09112948,-0.515136,-0.69353956,0.31848353,-1.0202961,-0.34990078,-1.1707793,0.43200743,1.0087131,0.8366038,0.24213403,-2.242626,0.3086121,1.5151873,0.27878696,-1.0781298,-0.78202736,-0.29165632,-1.9058125,-0.98079747,-0.03957525,0.5873469,0.16794479,1.4653686,-0.62838924,-1.4504579,-1.2473829,1.7150171,0.6539498,0.74075484,0.34087366,-1.0480793,0.11387199,1.143176,-2.1366012,-1.8177942,0.25321546,0.58825827,1.5280839,1.0239325,-0.033166677,-1.6834965,-0.94235986,-1.3263429,-0.73144764,-0.98436177
290,0.74549294,0.49470946,0.42750713,-0.7541748,0.481468,0.7352053,-0.61690646,0.077404425,-0.57933843,0.66389847,1.4549122,-0.62754995,-0.701671,-0.47134113,0.15501043,0.17392884,-0.43714905,0.03250518,-0.5820092,-0.4005875,0.46207887,-0.19420183,1.3706553,0.61429864,-0.77267385,0.8026106,0.21623953,0.63214463,0.59446627,-0.6363771,-0.13206625,-0.24068081,-0.31752527,-0.49690688,0.15466549,1.0882909,-0.4041875,-0.5714607,-0.6393739,0.35873088,-0.5227815,-0.62313443,-0.7646793,0.7038823,0.2635817,-0.68919456,0.6881224,-0.59827167,0.43868548,1.0679786,-0.17184752,-0.87514794,-0.756985,-0.7731962,0.14895722,-0.054964364,0.8599618,0.5674592,-0.59589124,-0.2310301,-0.15651488,0.6587805,-0.3620026,0.42969757,-0.04495728,0.11109416,1.0479939,0.3733077,0.9753003,-0.37290603,0.9666226,0.5300877,1.1048914,1.0133013,-0.1507281,0.7637061,-0.15886271,0.94545037,0.5829198,-0.53007996,0.78230876,0.74614227,-0.4604681,-0.41252327,1.3559163,-0.34691137,-0.23909748,-0.33624274,0.79896164,0.27721763,-0.22290468,-0.19002593,0.5306901,-0.5713798,0.8456751,-0.4218771,-0.8648406,0.23297738,-0.29838264,-0.5085342,-0.6950824,-0.48218727,0.9027405,0.64754385,0.7057221,-0.14417785,0.6292238,0.55423045,-0.113765,0.2588517,-0.6324488,1.2988781,-0.6581311,1.5388261,-0.44272584,0.022722162,0.2882853,-0.045526445,1.0110317,-0.43521732,-0.30350727,0.33308676,-0.3206119,-0.19293112,-0.61037767,-0.15311223,-0.4366452,-0.7942683,0.017838493,-0.6557887,-1.3281238,-0.2664258,0.88151014,1.3556463,-1.8415093,0.5983129,-0.38966373,-0.72800344,0.806357,-0.93777794,-1.4970107,-0.7166359,0.7142495,-0.3130895,0.07824603,1.7156821,0.06532109,0.21764132,-0.1473384,-0.98808944,-0.5810816,-0.064610004,1.390415,0.8899697,1.2550145,0.22525066,0.015354544,-0.45101252,0.09467551,-1.107362,-0.043640614,0.22702894,0.69669473,0.031031787,-0.99143344,1.9780102,0.8931766,0.16327927,-1.0968417,0.22026584,-0.33192676,-1.8003516,-0.89425904,-0.83805263,0.5960461,-0.18194741,-0.9395981,-0.80796397,1.270348,-0.057408333,-1.0715008,0.115083635,0.98504424,-1.5645998,0.7845724,0.9123783,-0.56760705,-0.8641168,0.7650237,-1.7665297,-0.7759668,-1.3920445,-2.0487344,1.3609581,0.045789987,-0.8504561,-0.0881848,-0.88583636,-0.46165282,-0.21006173,-1.1580573,-0.5710292,-0.89731634,-1.3924142,-0.8473266,1.0709906,-0.94441354,0.9382248,-0.5177076,-0.12962073,0.09112948,-0.515136,-0.69353956,0.31848353,-1.0202961,-0.34990078,-1.1707793,0.43200743,1.0087131,0.8366038,0.24213403,-2.242626,0.3086121,1.5151873,0.27878696,-1.0781298,-0.78202736,-0.29165632,-1.9058125,-0.98079747,-0.03957525,0.5873469,0.16794479,1.4653686,-0.62838924,-1.4504579,-1.2473829,1.7150171,0.6539498,0.74075484,0.34087366,-1.0480793,0.11387199,1.143176,-2.1366012,-1.8177942,0.25321546,0.58825827,1.5280839,1.0239325,-0.033166677,-1.6834965,-0.94235986,-1.3263429,-0.73144764,-0.98436177
291,0.74549294,0.49470946,0.42750713,-0.7541748,0.481468,0.7352053,-0.61690646,0.077404425,-0.57933843,0.66389847,1.4549122,-0.62754995,-0.701671,-0.47134113,0.15501043,0.17392884,-0.43714905,0.03250518,-0.5820092,-0.4005875,0.46207887,-0.19420183,1.3706553,0.61429864,-0.77267385,0.8026106,0.21623953,0.63214463,0.59446627,-0.6363771,-0.13206625,-0.24068081,-0.31752527,-0.49690688,0.15466549,1.0882909,-0.4041875,-0.5714607,-0.6393739,0.35873088,-0.5227815,-0.62313443,-0.7646793,0.7038823,0.2635817,-0.68919456,0.6881224,-0.59827167,0.43868548,1.0679786,-0.17184752,-0.87514794,-0.756985,-0.7731962,0.14895722,-0.054964364,0.8599618,0.5674592,-0.59589124,-0.2310301,-0.15651488,0.6587805,-0.3620026,0.42969757,-0.04495728,0.11109416,1.0479939,0.3733077,0.9753003,-0.37290603,0.9666226,0.5300877,1.1048914,1.0133013,-0.1507281,0.7637061,-0.15886271,0.94545037,0.5829198,-0.53007996,0.78230876,0.74614227,-0.4604681,-0.41252327,1.3559163,-0.34691137,-0.23909748,-0.33624274,0.79896164,0.27721763,-0.22290468,-0.19002593,0.5306901,-0.5713798,0.8456751,-0.4218771,-0.8648406,0.23297738,-0.29838264,-0.5085342,-0.6950824,-0.48218727,0.9027405,0.64754385,0.7057221,-0.14417785,0.6292238,0.55423045,-0.113765,0.2588517,-0.6324488,1.2988781,-0.6581311,1.5388261,-0.44272584,0.022722162,0.2882853,-0.045526445,1.0110317,-0.43521732,-0.30350727,0.33308676,-0.3206119,-0.19293112,-0.61037767,-0.15311223,-0.4366452,-0.7942683,0.017838493,-0.6557887,-1.3281238,-0.2664258,0.88151014,1.3556463,-1.8415093,0.5983129,-0.38966373,-0.72800344,0.806357,-0.93777794,-1.4970107,-0.7166359,0.7142495,-0.3130895,0.07824603,1.7156821,0.06532109,0.21764132,-0.1473384,-0.98808944,-0.5810816,-0.064610004,1.390415,0.8899697,1.2550145,0.22525066,0.015354544,-0.45101252,0.09467551,-1.107362,-0.043640614,0.22702894,0.69669473,0.031031787,-0.99143344,1.9780102,0.8931766,0.16327927,-1.0968417,0.22026584,-0.33192676,-1.8003516,-0.89425904,-0.83805263,0.5960461,-0.18194741,-0.9395981,-0.80796397,1.270348,-0.057408333,-1.0715008,0.115083635,0.98504424,-1.5645998,0.7845724,0.9123783,-0.56760705,-0.8641168,0.7650237,-1.7665297,-0.7759668,-1.3920445,-2.0487344,1.3609581,0.045789987,-0.8504561,-0.0881848,-0.88583636,-0.46165282,-0.21006173,-1.1580573,-0.5710292,-0.89731634,-1.3924142,-0.8473266,1.0709906,-0.94441354,0.9382248,-0.5177076,-0.12962073,0.09112948,-0.515136,-0.69353956,0.31848353,-1.0202961,-0.34990078,-1.1707793,0.43200743,1.0087131,0.8366038,0.24213403,-2.242626,0.3086121,1.5151873,0.27878696,-1.0781298,-0.78202736,-0.29165632,-1.9058125,-0.98079747,-0.03957525,0.5873469,0.16794479,1.4653686,-0.62838924,-1.4504579,-1.2473829,1.7150171,0.6539498,0.74075484,0.34087366,-1.0480793,0.11387199,1.143176,-2.1366012,-1.8177942,0.25321546,0.58825827,1.5280839,1.0239325,-0.033166677,-1.6834965,-0.94235986,-1.3263429,-0.73144764,-0.98436177
292,0.17499222,0.09618782,0.03214247,-0.38627988,0.17038839,0.2834872,-0.29344946,-0.05715537,-0.11941433,0.26664835,0.47181278,-0.16844654,-0.3720926,-0.15287787,0.28742385,0.037079588,-0.088293195,0.11349145,-0.098938644,-0.26319373,0.052474316,-0.040017903,0.39116108,0.023320913,-0.33731824,0.22097348,-0.09071642,0.057801817,0.11493335,-0.29400355,0.0075265914,-0.36890358,0.019247849,-0.13099027,0.09378305,0.3261021,-0.1999054,-0.14255172,-0.32921386,0.14965558,-0.2465288,-0.085609436,-0.4012559,0.2406125,0.08616294,-0.34472448,0.18168296,-0.21435994,0.1944257,0.27437606,-0.023425698,-0.53114736,-0.19231927,-0.39514142,0.25916353,0.20562746,0.36731368,0.1380832,-0.31677383,-0.060704052,-0.0185709,0.18868476,-0.17671812,0.23378576,-0.024071932,0.43344095,0.19448978,0.032546766,0.32484508,-0.19963622,0.37114826,0.14090678,0.31285968,0.3250885,0.30527946,0.12996489,-0.022341847,0.3746943,0.4248845,-0.24298167,0.27658424,0.34182987,-0.24906564,-0.043340504,0.4272965,-0.13166851,-0.16415286,-0.03748107,0.40168062,0.08064415,0.07619016,-0.0678817,0.1395405,-0.2162813,0.34148327,-0.022996843,-0.39333844,-0.18524927,-0.18369746,-0.20108491,-0.32989836,-0.12325382,0.36280715,0.123132326,0.16757911,0.010924332,0.2225831,0.30816728,-0.038634777,0.038394388,-0.33694667,0.3602414,-0.2797287,0.45197666,-0.31789523,-0.117565274,-0.057848096,0.08806829,0.07642824,-0.07977927,0.0036424692,0.1685869,-0.082294464,-0.061380863,-0.14456129,-0.12020999,-0.0010946393,-0.39944565,-0.5836072,-0.55408907,-0.43838885,0.13781871,-0.58570886,0.04851327,0.16621523,-0.0029653385,-0.42971042,-0.43509433,-0.91202474,-0.6500621,0.13142207,0.40209636,-0.6587803,0.7591294,0.0207659,0.11132215,-0.8394335,0.6844706,-0.25683644,-0.13943031,-0.68795955,-0.29701787,0.07273061,-0.20369716,0.17773098,0.038871944,-0.04273188,0.60553277,0.0015641712,-0.2578181,-0.06034854,-0.3073814,0.61727923,-0.4474298,0.5679436,0.15544948,-0.22818753,0.6604463,-0.015790246,-0.3285374,-0.14715254,-0.12631682,-0.71387273,0.5084239,0.5937326,-0.12085801,-0.19574645,-0.31582424,-0.24058276,-0.4806949,-0.009341769,-0.7500335,-0.6713216,0.4124832,-0.5814346,-0.12326725,-0.011900023,0.14822581,0.09455349,0.2095342,0.4245674,0.7986348,-0.27641895,0.35776696,-0.5399014,-0.41810092,-0.43863323,0.5724664,-0.5238582,0.29656616,-0.31865075,-0.23329958,0.36307248,-0.46273458,-0.53107125,0.05470103,-0.08420275,-0.6080415,0.5618135,1.0145744,0.26313236,0.20157902,0.70672333,0.32500377,1.0898545,0.4048177,-1.0225713,-0.9217292,0.277197,0.31576225,-0.47853532,-0.47549686,-0.13371725,0.05205266,-0.49694404,-0.03702936,0.13001455,-0.3256132,-0.4924525,0.15883474,-0.52440333,-0.83813804,-0.71617895,-0.18981716,-0.31829023,-0.39856586,-0.15726557,0.19348134,0.24796094,0.20343055,-0.60275275,-0.38352907,-0.544127,-0.21346621,0.20228092,0.3171554,-0.35074595,-0.8617048,0.4407286,0.08973013,-0.36089107,-0.21230894,-0.044147447,0.12085779,-0.3369265,-0.06610131
293,0.61927396,0.48122147,0.41738507,-0.7135947,0.4739072,0.6419664,-0.5698668,0.12988473,-0.5688267,0.54088503,1.3364944,-0.6018425,-0.64266443,-0.44171035,0.07937106,0.199023,-0.40726602,-0.023102283,-0.5829161,-0.32709217,0.48530382,-0.23261535,1.2312742,0.6190387,-0.76092887,0.73824984,0.25829542,0.6902132,0.5892563,-0.60576534,-0.19039309,-0.14985257,-0.33571643,-0.47701687,0.12211834,1.0204479,-0.32438618,-0.56258947,-0.58254075,0.31085837,-0.470545,-0.6149148,-0.7209609,0.641762,0.23752952,-0.6447668,0.63163584,-0.56050175,0.35845953,0.9475299,-0.16088516,-0.8406167,-0.7551729,-0.7319709,0.09241168,-0.15394437,0.74846417,0.5235546,-0.5490334,-0.19935554,-0.1593225,0.6041581,-0.32718593,0.34508547,-0.037556827,-0.057700396,0.99434954,0.32905394,0.88565844,-0.3232171,0.89510524,0.49190286,0.98784983,0.90286225,-0.27661175,0.73570865,-0.122668624,0.7710291,0.42622098,-0.5041404,0.69053495,0.65981644,-0.39790088,-0.41206867,1.2473124,-0.35424978,-0.23074377,-0.32839882,0.6842953,0.24204029,-0.24839443,-0.17633665,0.45729175,-0.53761125,0.7312701,-0.43733108,-0.84452695,0.31593132,-0.2592283,-0.46952122,-0.65676606,-0.46407735,0.7663728,0.61782795,0.6208924,-0.16033506,0.5462254,0.4223416,-0.10400945,0.19104752,-0.565181,1.1557976,-0.62030417,1.4468764,-0.3853075,0.021349268,0.31221923,-0.06526965,0.9929805,-0.46315712,-0.32351375,0.29525003,-0.30436772,-0.16982234,-0.5816398,-0.1781826,-0.47534198,-0.7643695,-0.07718897,-0.6081068,-0.061233517,0.33793524,-0.64207226,-0.14789386,-0.005805485,0.26514998,-0.26542273,-0.509055,-0.28683698,-0.37769184,0.20750941,0.35893914,-0.47141942,0.5035601,-0.037370935,-0.0356105,-0.71774405,0.49639964,-0.36146674,0.15925753,-0.5281891,-0.28048292,-0.08414607,-0.07886157,0.101083174,0.01992847,-0.018338317,0.1800568,0.3444843,-0.29159197,0.056124326,-0.49681878,0.55295753,-0.53070205,0.33304635,0.25584203,-0.44544995,0.34151527,-0.163851,-0.18889137,-0.17051797,-0.33576953,-0.27029023,0.47909242,0.45015097,-0.25779808,-0.10510371,-0.45710278,0.4134199,-0.17966762,0.49363646,-0.64689684,-0.5308582,0.110873565,-0.325227,0.3136999,-0.3678935,-0.11989623,0.41570106,0.13849796,0.32817778,0.43613756,0.08748515,0.26080963,-0.62743986,-0.23735352,-0.3206969,0.40204942,-0.34930897,0.15480448,-0.26413617,-0.21294884,0.034220375,-0.10697268,-0.32342467,-0.07090356,-0.10384013,-0.18390629,0.34189317,0.5579166,0.21359292,0.13586292,0.22049889,0.2628573,0.82560104,0.32401562,-0.6109918,-0.5365451,0.24048576,-0.26383165,-0.24651748,-0.47150776,-0.134233,-0.034647614,-0.32524687,-0.18248498,0.12520993,-0.55864316,-0.27987188,0.3859862,-0.19227201,-0.45856702,-0.68877816,-0.32177794,-0.26385066,-0.21950337,-0.36548337,0.096630745,0.17136699,0.16634549,-0.6202628,-0.37277338,-0.494653,-0.28540742,-0.096761,0.47194043,-0.23966403,-0.5962612,0.46431988,0.27405092,-0.42112347,-0.38189742,0.29856113,0.13378686,-0.33619758,-0.3008602
294,0.07738601,0.037042357,-0.10591942,-0.11221707,0.07967387,-0.20341802,-0.1105454,-0.078609526,-0.121759534,0.13336986,0.23788205,-0.07162446,-0.2741053,-0.19052076,0.31258047,-0.022060037,0.2273905,0.009761545,0.011716361,-0.17757964,0.01531863,-0.1678425,0.2088032,-0.021332145,-0.038680613,0.15974176,0.06722388,0.104666755,0.019642396,-0.2085877,-0.10178876,-0.35362452,-0.04843557,-0.07979065,-0.020380974,0.1146048,-0.13090801,-0.057281673,-0.1324246,0.07961765,-0.17595625,0.045078963,-0.16215795,-0.09662652,0.07053574,-0.28997105,0.03148048,0.064613864,-0.12528521,0.16477187,0.11852572,-0.21052581,-0.15934402,-0.19378585,0.09592215,0.1670879,0.18762906,0.09165272,-0.029650271,-0.057192445,0.0951246,0.043737967,-0.0840345,0.23440576,0.017632362,-0.045865953,0.14463228,-0.0017123818,0.05238587,-0.22916639,0.13913085,-0.11045587,0.1010494,0.23769875,0.12940337,0.030494703,-0.053561687,0.26729903,0.27070117,0.009902056,0.2895046,0.20789601,-0.078659,0.0052865883,0.19609328,0.041805513,-0.0735566,0.11450981,0.25275123,0.07173729,0.04782267,-0.106066644,0.088850416,-0.08167362,0.08380476,0.034038305,-0.27967912,0.015707739,0.0240824,-0.27450597,-0.15594095,-0.09245682,0.02601109,0.12096235,0.05180463,0.08222808,0.110970855,0.18779723,-0.02489096,-0.011811554,0.12619036,0.123967625,-0.19264996,0.09000472,-0.22350502,0.21245942,-0.22238696,-0.13592082,0.29057348,-0.10306674,-0.012529492,0.024792934,0.054070257,-0.00075381994,-0.13495731,-0.10982239,-0.00090020895,-0.0032625794,-0.41637918,-0.6555265,-0.27923495,0.3750084,-0.57408446,-0.02109953,0.3944158,0.33098677,-0.43031994,-0.68415344,-0.6157158,-0.57891625,0.4111237,0.7226245,-0.6196031,0.80503744,0.16882382,0.05593764,-0.8964353,0.80386496,-0.121618204,-0.081600845,-0.69857395,-0.22550023,0.26233187,-0.051154144,0.40043533,0.12655331,0.065804526,0.60372436,0.21044311,-0.018603347,0.014938913,-0.4559088,0.5627883,-0.30806604,0.3951544,0.42875057,-0.40514117,0.47151226,0.05323274,-0.6649634,-0.13413961,-0.37124267,-0.61784446,0.7851418,0.563445,-0.0997445,-0.14268377,-0.4693077,-0.04209654,-0.45651966,0.1226247,-0.66299915,-0.7451738,0.35707423,-0.6362138,-0.038660727,-0.3539451,0.02763851,0.31183112,0.13768177,0.64650095,0.81037617,-0.2496249,0.09622017,-0.65812474,-0.40667352,-0.18825762,0.84685034,-0.42877248,0.31783038,0.042629123,-0.24409975,0.37231606,-0.21135312,-0.42461255,-0.136444,0.15525532,-0.70112044,0.3751397,1.0113766,0.15299174,0.35726345,0.6087921,0.2685318,1.2624081,0.36347973,-1.0313913,-0.90795094,0.19383192,0.1358034,-0.7094549,-0.6196284,-0.15826878,0.1703287,-0.47945884,-0.24057402,0.33076987,-0.35204,-0.6213303,0.37556785,-0.3655041,-0.7212485,-0.88327765,-0.3063455,-0.32236746,-0.4234227,-0.3151095,0.13135009,0.14611691,0.36603728,-0.8200875,-0.5080993,-0.57696575,-0.22856382,0.15673964,0.5749213,-0.57432675,-0.9398014,0.75612026,-0.0006560311,-0.38002092,-0.22631294,0.18278247,0.3210067,-0.54446536,-0.19117337
295,0.07806601,0.038285702,-0.10096347,-0.12009239,0.07841107,-0.19617468,-0.112148285,-0.07360983,-0.12111175,0.13275996,0.24412048,-0.08036327,-0.27361846,-0.18871707,0.31150782,-0.021725655,0.21983412,0.0116871055,0.011358944,-0.17918473,0.020293288,-0.16750777,0.21693413,-0.021736026,-0.043573976,0.15737353,0.06605284,0.09516966,0.020735638,-0.21162248,-0.10052198,-0.3504871,-0.04912883,-0.0823341,-0.015532851,0.11992544,-0.13283181,-0.055416226,-0.1315403,0.08016426,-0.17852348,0.03960407,-0.16994321,-0.093961895,0.073040724,-0.29093987,0.03490437,0.056196574,-0.123259485,0.17093477,0.11805783,-0.21562189,-0.16281497,-0.19409484,0.09687301,0.16401309,0.18780607,0.10010123,-0.0379768,-0.05860585,0.092149034,0.0442857,-0.08450025,0.2347593,0.017045716,-0.042048395,0.14061019,-0.0020692348,0.05664701,-0.22443616,0.1412558,-0.11014438,0.10143109,0.23865673,0.12896739,0.0320816,-0.054068387,0.26407933,0.2677555,0.0065982295,0.2871406,0.20621088,-0.07932788,0.003176379,0.20285814,0.03904055,-0.07494706,0.1093446,0.25485322,0.07517551,0.045670874,-0.10316998,0.08827422,-0.08256966,0.081623055,0.037779666,-0.2832327,0.020437434,0.018468536,-0.27158117,-0.16066581,-0.09188181,0.02968665,0.1222212,0.052738383,0.08067323,0.108263284,0.18556614,-0.02548176,-0.0033596754,0.11250745,0.12836094,-0.19553113,0.09307347,-0.22121316,0.21167688,-0.2164383,-0.13359863,0.2848603,-0.10281247,-0.015958607,0.028020885,0.053344067,-0.00398314,-0.13760966,-0.10435283,0.001490783,-0.015016317,-0.38492286,-0.8063832,-0.30980328,0.55824727,-0.7523114,-0.08808973,0.30104446,0.18605636,-0.3513187,-0.6479706,-0.8006436,-0.5682163,0.43531838,0.6843439,-0.7924785,0.78815746,0.060599253,-0.1439731,-1.2367525,0.74593186,-0.31807587,0.023144409,-0.7476368,-0.21356627,0.03844399,-0.29396278,0.3775907,-0.013780266,0.02270063,0.63722354,0.43350643,-0.21927436,-0.08344874,-0.55929494,0.8411573,-0.67549706,0.335662,0.30602345,-0.38644496,0.700307,-0.13077962,-0.55347365,-0.061367184,-0.40158087,-0.6680847,0.88636607,0.69639474,-0.2959745,-0.16263816,-0.48973933,0.2110214,-0.49929678,0.40155953,-0.7809754,-0.7424758,0.3022397,-0.6977328,0.16663587,-0.39410216,-0.080341466,0.38532597,0.09942328,0.63204783,1.0518625,-0.15489876,0.30962947,-0.94161177,-0.2624578,-0.26218197,0.861525,-0.7094429,0.3379128,-0.16514908,-0.19036826,0.37053496,-0.44468838,-0.6796654,-0.13342665,-0.016334385,-0.62699485,0.5763487,1.0642649,0.25141785,0.30856642,0.4829053,0.21282415,1.3510834,0.5695604,-1.0238633,-1.0349495,0.44335118,-0.15683621,-0.64777327,-0.693902,-0.3634243,0.092827044,-0.4747783,-0.0553006,0.20865476,-0.5864872,-0.6630422,0.39209458,-0.5256082,-1.0226012,-1.0683756,-0.37530404,-0.42852858,-0.43137503,-0.3952917,0.12344414,0.20321788,0.25913045,-1.0688956,-0.5933695,-0.6848543,-0.38531557,0.08047256,0.47465673,-0.55306077,-0.93759894,0.7693169,0.13346754,-0.5542353,-0.44999453,0.35026887,0.46674627,-0.40354893,-0.12487391
296,0.0807776,0.040207256,-0.10180199,-0.12369692,0.08415542,-0.19438916,-0.11968297,-0.07771587,-0.123627484,0.1423776,0.24756676,-0.07451576,-0.27965176,-0.19069201,0.31008765,-0.021218002,0.21922207,0.012486613,0.0025413428,-0.18075454,0.019528097,-0.16608286,0.21472354,-0.015767515,-0.050278842,0.16035536,0.064808026,0.10622777,0.019174932,-0.21173078,-0.09985018,-0.35117012,-0.049352467,-0.081537664,-0.017584264,0.12339512,-0.13678563,-0.064169526,-0.14432079,0.08330255,-0.17725152,0.036538813,-0.1725133,-0.08230412,0.06755754,-0.29481423,0.040116224,0.05225984,-0.11555952,0.16964862,0.112527035,-0.2259239,-0.16460562,-0.20406854,0.09976868,0.16872248,0.19488594,0.09398702,-0.039527774,-0.055612206,0.092192665,0.04969531,-0.087172925,0.23483564,0.018007277,-0.03308052,0.15055314,0.0018980389,0.061144933,-0.22945851,0.1455372,-0.10191691,0.10852658,0.24368277,0.13004623,0.03393527,-0.052733302,0.27264413,0.27965355,-0.0008882284,0.28958842,0.21243057,-0.08695561,0.00054176967,0.20415838,0.03333661,-0.074516594,0.10868335,0.25728282,0.07263412,0.044892773,-0.10598016,0.09373861,-0.08670992,0.09540237,0.028915167,-0.2857523,0.011247383,0.020093586,-0.27177674,-0.16375858,-0.094527304,0.037163027,0.12223627,0.06018831,0.0779514,0.11479751,0.19091299,-0.025033653,-0.010457933,0.1113459,0.13507581,-0.19736087,0.10476299,-0.22711831,0.20278332,-0.21538031,-0.12953931,0.28986084,-0.104744375,-0.01610291,0.033963054,0.04601556,-0.0013206005,-0.13762486,-0.11144447,-0.0060425997,-0.023082435,-0.5460215,-0.78004545,-0.19344537,0.3949061,-0.7452846,0.15986355,0.4757898,0.31506118,-0.42964232,-0.78676444,-0.72292894,-0.41217026,0.23304972,0.67642766,-0.57970405,0.71132284,0.19256085,-0.06271841,-1.0215083,0.7788857,-0.04993063,0.005600825,-0.8025585,-0.14943266,0.2904098,-0.038218983,0.43175423,0.15810268,-0.1151523,0.46399826,0.33884528,-0.084525056,0.09134588,-0.4348556,0.49113742,-0.4427961,0.4804131,0.41883186,-0.48495284,0.5917666,0.14171588,-0.59485066,-0.2741483,-0.28306437,-0.6412706,0.7989419,0.6415661,0.0140569955,-0.14496534,-0.5316221,-0.06132628,-0.5389967,0.054355938,-0.78073096,-0.612063,0.40356266,-0.52661914,0.004383281,-0.35322374,0.049107403,0.28986722,0.10661863,0.665939,0.7630529,-0.13111775,0.14762536,-0.5866835,-0.2693665,-0.3633577,0.9267687,-0.50628716,0.1653788,0.025564954,-0.22948416,0.34100387,-0.40885222,-0.5558031,0.07265887,0.19782107,-0.66707504,0.47579637,1.1487385,-0.01856178,0.408989,0.56171644,0.2828366,1.2648253,0.40714538,-0.9113525,-0.84748495,0.26525927,0.14039202,-0.6758954,-0.70651346,-0.16336417,0.10506622,-0.6051471,-0.24575664,0.22047357,-0.279556,-0.6163055,0.23540151,-0.45103046,-0.84371406,-0.9150851,-0.38963288,-0.20507587,-0.58172137,-0.23667191,0.31287128,0.1985995,0.34806138,-0.67110294,-0.67775446,-0.67749625,-0.28419146,0.1950752,0.60631365,-0.57075334,-0.94272375,0.74317735,0.059621498,-0.5425511,-0.16603176,0.22071022,0.39934993,-0.49904007,-0.2923611
297,0.09246768,0.044878077,-0.087598145,-0.14628214,0.08538832,-0.17333895,-0.12782055,-0.072775245,-0.12923765,0.14505143,0.2672965,-0.09357005,-0.28433532,-0.19083625,0.30692348,-0.018835008,0.1959295,0.014638569,-0.0042775273,-0.1873849,0.028839197,-0.16450077,0.23747006,-0.010914981,-0.072533906,0.16416398,0.062012285,0.09739408,0.02459956,-0.22165012,-0.09665108,-0.3470354,-0.050807357,-0.0891819,-0.011516571,0.14050838,-0.14381081,-0.06849742,-0.15124792,0.08503306,-0.18585181,0.022853088,-0.19500715,-0.075401664,0.076320186,-0.30115533,0.04894937,0.029222023,-0.10649592,0.18860301,0.108887635,-0.24808902,-0.17610961,-0.21485782,0.10158013,0.16183418,0.20192143,0.109486476,-0.058169603,-0.06397891,0.08159479,0.055884488,-0.09234774,0.2371909,0.017710954,-0.026971936,0.15463796,0.005966544,0.07633866,-0.22336626,0.1591225,-0.09601557,0.119005576,0.2522655,0.13024974,0.045420077,-0.056494713,0.27517343,0.27714643,-0.011920691,0.2931575,0.21541238,-0.08973855,-0.004683256,0.2246609,0.026322892,-0.07804757,0.09608017,0.2682684,0.07993524,0.041145634,-0.099939406,0.096528806,-0.095798194,0.09815036,0.029608158,-0.30130345,0.015687527,0.0075568007,-0.27152961,-0.17908585,-0.0976513,0.051122647,0.12941274,0.06752818,0.07454994,0.11589611,0.19104974,-0.028125823,0.004467857,0.0800301,0.15349929,-0.20792049,0.12159285,-0.22423726,0.19798076,-0.20302594,-0.12627536,0.28695625,-0.10532713,-0.019375086,0.036676742,0.04295858,-0.00948602,-0.14886242,-0.10361165,-0.0057190657,-0.05271244,-0.38044602,-0.7575115,-0.22101827,0.3967181,-0.8509797,0.09405843,0.1680548,0.082001075,-0.3878426,-0.6880988,-0.8188632,-0.49685147,0.35483766,0.61171854,-0.82781976,0.8266092,0.09111297,-0.04784146,-1.0964139,0.59672314,-0.3027631,0.07175492,-0.8076965,-0.25108314,-0.021425188,-0.2626218,0.31553775,0.11990367,-0.0017205849,0.48451284,0.41803494,-0.31970003,-0.11631879,-0.5635643,0.8196772,-0.6470014,0.4628403,0.29255086,-0.40944904,0.6877251,-0.1615795,-0.45488164,-0.030606598,-0.306377,-0.52697563,0.6996662,0.74612814,-0.3177567,-0.19948018,-0.51533145,0.2433704,-0.58468294,0.385968,-0.7727366,-0.67090636,0.2632107,-0.5497216,0.20253392,-0.35889748,-0.03343868,0.28600222,0.08017799,0.5715514,0.84386045,-0.22827862,0.29904756,-0.8634667,-0.28986356,-0.44286606,0.86534655,-0.6158162,0.32186663,-0.2822771,-0.2871606,0.39325535,-0.3419853,-0.5629508,-0.1587716,0.025709666,-0.6280647,0.59998107,1.0102524,0.20499131,0.32018468,0.5615401,0.26007852,1.2069639,0.5339905,-0.865609,-0.9563211,0.40554133,-0.06783108,-0.64844567,-0.5295473,-0.23692192,0.10190543,-0.5919139,-0.05295471,0.114085525,-0.5722115,-0.65058696,0.4448299,-0.48792586,-1.0098735,-1.0096962,-0.3480295,-0.46970928,-0.4500102,-0.3743175,0.08247128,0.2595134,0.11037428,-0.97385204,-0.6898723,-0.75055593,-0.38249257,0.14352988,0.6009809,-0.54957646,-0.8481315,0.77475536,0.15533242,-0.59161323,-0.39162436,0.4399772,0.2448937,-0.30193654,-0.1921028
298,0.08714,0.044558384,-0.08940077,-0.14231187,0.082283236,-0.17647731,-0.12582248,-0.06849164,-0.12672424,0.1407574,0.26617628,-0.09608811,-0.28205526,-0.18938273,0.30963004,-0.018995762,0.20149866,0.014291076,0.0021379532,-0.18732095,0.029770615,-0.16706318,0.23883277,-0.015241325,-0.06737858,0.16058777,0.063096,0.08934208,0.025348535,-0.22320408,-0.098210335,-0.349181,-0.050079048,-0.08893603,-0.009933114,0.1378291,-0.14152783,-0.061799884,-0.14418173,0.08622029,-0.1868456,0.024375476,-0.1937697,-0.07955605,0.07719017,-0.3010081,0.047421977,0.033940174,-0.11170095,0.18781489,0.112195775,-0.24191481,-0.17587501,-0.20859516,0.10267228,0.16258124,0.19795549,0.11430966,-0.05862522,-0.064397335,0.08407058,0.05096811,-0.091341555,0.23851798,0.01594594,-0.028108716,0.14682314,0.0023358928,0.072735935,-0.22286505,0.15601636,-0.102313936,0.11445013,0.25020587,0.13112015,0.042624198,-0.05502218,0.27069134,0.27469885,-0.0089021325,0.28984532,0.21312355,-0.08763176,-0.0033331513,0.22487429,0.027195573,-0.078861415,0.096878625,0.26774117,0.08112568,0.04215107,-0.09972304,0.092175566,-0.0921244,0.09106763,0.035828557,-0.29933298,0.020486258,0.0076640206,-0.27124584,-0.17761916,-0.09533197,0.047693457,0.12834308,0.063483745,0.07698077,0.111503646,0.18868735,-0.027246296,0.009070619,0.083233036,0.14945978,-0.20685023,0.11435373,-0.22379166,0.20308766,-0.20573866,-0.12672687,0.28356713,-0.105670154,-0.021305978,0.036854412,0.04763765,-0.009414911,-0.14701128,-0.100260735,-0.0010661483,-0.048955858,-0.44746134,-0.6799682,-0.28065985,0.36301458,-0.8331894,0.05397488,0.21873082,0.09280149,-0.25516516,-0.6792646,-0.8009954,-0.46700367,0.33059996,0.6928916,-0.7985572,0.7224761,0.13581164,-0.1810335,-1.167864,0.5608739,-0.17621158,0.014367864,-0.8359602,-0.10178344,0.09786026,-0.16590258,0.34693283,0.11306991,-0.008887786,0.6094685,0.43097094,-0.28470173,-0.18693544,-0.65230834,0.82411283,-0.666869,0.43629453,0.38136482,-0.41405526,0.7047022,-0.21005966,-0.57444465,-0.1686137,-0.30779108,-0.71485996,0.7310301,0.6381823,-0.2662511,-0.047865264,-0.62249637,0.30204862,-0.4703254,0.41300815,-0.87620044,-0.7587307,0.41231212,-0.7352824,0.11380766,-0.20578872,-0.16753833,0.36832365,0.10254014,0.60059047,1.0350794,-0.16145888,0.26032785,-0.9099808,-0.09343874,-0.40220994,0.8790279,-0.7591438,0.30442894,-0.103276186,-0.2898021,0.34147066,-0.5320426,-0.7176073,-0.1393694,-0.04115288,-0.63134336,0.45038518,1.0767514,0.24995658,0.25441626,0.4150315,0.2635695,1.2136176,0.5438601,-0.9760173,-0.94257665,0.47793472,-0.18983115,-0.5500515,-0.57624817,-0.2946214,0.17727533,-0.59577745,-0.01822394,0.25853947,-0.49407688,-0.58722943,0.35647133,-0.51252884,-0.91816515,-0.89551103,-0.33541012,-0.3642492,-0.5076769,-0.35290033,0.23001003,0.12868579,0.15119717,-0.9690357,-0.6318536,-0.74851865,-0.39948016,0.07099371,0.5697839,-0.5498957,-0.81800383,0.5972063,0.2208564,-0.44701102,-0.40660617,0.4004131,0.41518945,-0.29605368,-0.21699677
299,0.63291943,0.49318197,0.40152022,-0.7391957,0.5067946,0.73490155,-0.6033665,0.121980175,-0.5610138,0.59789145,1.41815,-0.6087692,-0.67680097,-0.45135754,0.18045413,0.202018,-0.405519,0.024583634,-0.5715217,-0.37903756,0.4629352,-0.2183978,1.2946566,0.5842746,-0.77605385,0.77146614,0.20316064,0.65667945,0.6200696,-0.6313659,-0.17350471,-0.27260864,-0.30655086,-0.48332357,0.15607122,1.0644766,-0.343006,-0.55797696,-0.61077213,0.35203162,-0.503785,-0.60677814,-0.7465018,0.70612395,0.24097817,-0.6672011,0.6490016,-0.5734651,0.4126852,0.96684533,-0.15843701,-0.8633252,-0.7498412,-0.75411403,0.18643996,-0.07820225,0.8221446,0.53935885,-0.59246707,-0.19439512,-0.14713949,0.63512635,-0.35469818,0.39591867,-0.057367265,0.1298456,0.982998,0.30529714,0.961095,-0.35985607,0.96749514,0.52321106,1.0381547,0.9450653,-0.17350352,0.73741406,-0.10601735,0.8475912,0.5466695,-0.5374527,0.7260292,0.7476651,-0.44666487,-0.39967972,1.321487,-0.36956125,-0.2722684,-0.32357633,0.7751846,0.24202697,-0.21266848,-0.19485843,0.47403774,-0.55380267,0.809964,-0.4186306,-0.85332656,0.22011138,-0.3092656,-0.4831165,-0.6785011,-0.466406,0.8556521,0.6179801,0.6299133,-0.15068972,0.6003613,0.51512915,-0.09820062,0.18752868,-0.6112771,1.2066191,-0.635667,1.5231963,-0.44951534,-0.044037104,0.26881108,-0.012217641,0.92982054,-0.45711946,-0.30694818,0.3438185,-0.31117207,-0.17383718,-0.5761895,-0.20707178,-0.44739968,-0.7864082,-0.15262261,-0.0747949,-0.14973025,0.2565351,-0.31041956,-0.10525124,-0.21741813,0.115813814,0.21630652,-0.2833738,-0.23018426,-0.11650418,0.20787781,0.20684807,-0.3007122,0.11594472,0.17836511,-0.25089183,-0.71032226,0.086342484,-0.033591412,0.11363474,-0.09278023,0.13346122,-0.16364914,-0.10226835,0.1721008,-0.047084022,0.057620708,0.0806403,0.23435819,-0.20567833,0.006069472,-0.44148064,0.25255242,-0.4897312,0.13002466,0.052371662,-0.24179092,0.31833217,-0.27874273,-0.20466933,-0.028187878,-0.2448628,-0.14785375,0.31616285,0.26431957,-0.06570151,-0.04425457,-0.13167982,0.41777897,-0.31701723,0.537617,-0.32683855,-0.14154421,-0.07264085,-0.1566922,0.37999862,-0.02176166,-0.18394785,0.26503295,-0.17339884,0.16078591,0.3680439,0.24157989,0.3591584,-0.3577589,0.26828617,0.0063358434,0.054888573,-0.31541678,0.33144456,0.10704072,0.10681917,0.23983783,-0.2219943,-0.2891849,0.1878448,-0.1439262,-0.13382718,-0.052849643,0.2921381,0.018820908,-0.038160466,-0.08000404,-0.061670363,0.4481577,-0.08282077,-0.022945518,-0.088719696,0.29193166,-0.1284427,-0.1300493,-0.058915284,-0.20248461,0.15367728,-0.0040127,-0.12848328,-0.105671234,-0.34567496,0.06346928,0.2588586,0.04402266,-0.4844647,-0.43863273,0.21869595,-0.39384547,-0.00029292703,-0.06937304,-0.123634174,-0.12834871,-0.22941984,-0.44451058,-0.013513606,-0.22402039,-0.36421034,-0.123622626,-0.08141119,-0.20072353,-0.14109246,0.31195566,0.22825457,-0.22146113,-0.520616,0.1788499,0.44176474,-0.12033663,0.08534016
300,0.090048544,0.045237415,-0.08925527,-0.145477,0.083852366,-0.17485881,-0.1285218,-0.06900531,-0.12787145,0.14369217,0.26990956,-0.09815121,-0.28579062,-0.19094652,0.31276602,-0.019252121,0.20214687,0.015043484,0.0015614654,-0.19035256,0.029475775,-0.16678786,0.24287505,-0.0145302415,-0.07029194,0.16252854,0.062562875,0.08891977,0.027347252,-0.22566205,-0.0973078,-0.3522429,-0.048749864,-0.09050453,-0.008909285,0.14100741,-0.14368707,-0.062164903,-0.14797258,0.08844772,-0.1888575,0.024861205,-0.19751215,-0.07764578,0.077641375,-0.303747,0.04735799,0.032561123,-0.1099872,0.19069034,0.11141984,-0.24718487,-0.17674506,-0.21239215,0.10470268,0.16608986,0.20137393,0.11544182,-0.060637295,-0.06471014,0.08472939,0.05216742,-0.0935626,0.24129993,0.015794657,-0.02434969,0.14871109,0.0019705454,0.075896814,-0.22457623,0.15797135,-0.101560295,0.11699622,0.25359052,0.13510074,0.043097787,-0.055329025,0.27521482,0.2788043,-0.010531962,0.29292345,0.21640773,-0.08965284,-0.0036187172,0.22794844,0.02736837,-0.08059192,0.09754247,0.27172506,0.08181267,0.043189056,-0.10047865,0.09493266,-0.09425163,0.09385387,0.03592674,-0.30271852,0.018802848,0.006132502,-0.27303106,-0.18001586,-0.09623635,0.050237916,0.12937823,0.06513409,0.07713778,0.11356588,0.19256073,-0.026926458,0.009406637,0.07889953,0.15318818,-0.20898855,0.117866516,-0.22644174,0.20289244,-0.20684397,-0.12657678,0.2849542,-0.104813874,-0.021587133,0.038439997,0.04696421,-0.01020664,-0.14839256,-0.09963602,0.00016400413,-0.052097082,-0.39860588,-0.7737982,-0.2537883,0.44876346,-0.83347756,-0.021925665,0.09985645,0.09471284,-0.17886485,-0.63665265,-0.8262864,-0.46009102,0.3697405,0.7045404,-0.7487659,0.6871668,0.02591683,-0.18478133,-1.1145374,0.70932025,-0.3389765,-0.103401124,-0.77859926,-0.22654714,0.16349527,-0.3465345,0.36249036,0.04999873,-0.056507897,0.63669884,0.33828783,-0.24588455,-0.12638979,-0.72019553,0.6252588,-0.48955932,0.45428047,0.2685798,-0.3487208,0.5373951,-0.033386342,-0.47875476,-0.005699247,-0.3852757,-0.536574,0.6833298,0.7418894,-0.15838748,-0.11375548,-0.65136296,0.1203989,-0.4837802,0.23943375,-0.68650514,-0.7512682,0.3224537,-0.62359184,0.24541129,-0.27357918,-0.1571858,0.20243518,0.0218222,0.592481,0.9856127,-0.092150144,0.35037693,-0.7289515,-0.11084986,-0.34769803,0.75977385,-0.78231287,0.3513663,-0.25381622,-0.29331928,0.40365335,-0.5413859,-0.68930554,0.08980742,0.11400545,-0.5977957,0.48028582,0.9589082,0.24108396,0.31777033,0.5020328,0.21463217,1.1264772,0.5343006,-0.8800359,-0.84761095,0.41622737,0.013822187,-0.62824446,-0.6302962,-0.36540183,0.19638155,-0.5086634,-0.10396684,0.10910403,-0.45877773,-0.60378015,0.40018559,-0.4613181,-0.99339306,-0.82426894,-0.17342357,-0.45358634,-0.4454116,-0.32603118,0.15271956,0.12444427,0.24919333,-0.7906329,-0.5320073,-0.7300099,-0.47893554,0.059147283,0.36209595,-0.596299,-0.7419953,0.67271245,0.19828163,-0.48344347,-0.55247444,0.46577385,0.4089533,-0.36990714,-0.1102097
301,0.19875759,0.09697601,0.052998945,-0.43265986,0.1901777,0.33610192,-0.35433555,-0.07423842,-0.16106915,0.2987302,0.5369709,-0.179883,-0.39899457,-0.16803527,0.30886793,0.037669048,-0.12918842,0.11551385,-0.12701899,-0.2964337,0.06971409,-0.038920164,0.4464398,0.050419256,-0.38948286,0.22874269,-0.09629923,0.08181308,0.11837153,-0.32127553,0.011962857,-0.36921418,-0.0006721616,-0.14928955,0.11318838,0.36706638,-0.21830994,-0.17892069,-0.36546957,0.17478296,-0.2671107,-0.09905821,-0.44064784,0.31192714,0.08117835,-0.36899287,0.22343862,-0.26786566,0.23652637,0.324427,-0.019842923,-0.5870414,-0.21393347,-0.4267636,0.29520637,0.22451653,0.4113028,0.15506741,-0.35512954,-0.07353556,-0.030328274,0.22145006,-0.19321823,0.23617937,-0.008094072,0.48699325,0.21453597,0.047606695,0.38801485,-0.20789808,0.41585633,0.19363879,0.35708523,0.36246368,0.3187831,0.16654901,-0.010181785,0.4227321,0.45976412,-0.2790323,0.2947031,0.38644385,-0.2792006,-0.041852713,0.49791294,-0.15972227,-0.16814238,-0.04984671,0.4356068,0.07585018,0.06464978,-0.07624197,0.16684729,-0.24123502,0.41378963,-0.055913985,-0.43497336,-0.20289469,-0.19715875,-0.19416243,-0.36057323,-0.15171456,0.42066625,0.14805514,0.20531814,-0.0082502365,0.25160468,0.34215248,-0.046431124,0.043212917,-0.38791007,0.43089616,-0.29910153,0.5184496,-0.3420307,-0.15263736,-0.016892195,0.10785726,0.08463016,-0.09854424,-0.004506111,0.2157127,-0.09420705,-0.069441676,-0.158126,-0.14658219,-0.032597363,-0.4682787,-0.465847,-0.31874266,-0.14464197,0.057043556,-0.52718323,0.27354574,0.22584583,0.16433753,-0.08496002,-0.3892756,-0.5283006,-0.30555722,-0.02245316,0.22983848,-0.10879654,0.6007779,-0.120768115,-0.14434235,-0.37452382,0.23633386,-0.09310669,-0.016477935,-0.5158634,-0.15643822,0.012720505,-0.29381594,0.072244935,-0.025235374,-0.069714636,0.544013,-0.025990965,-0.23415613,-0.10972202,-0.44330603,0.33585948,-0.18060592,0.21036497,0.078813665,-0.3691999,0.28656736,0.012360347,-0.28864565,0.16600865,-0.045607645,-0.46750015,0.39885682,0.15058982,-0.040371105,0.09612676,-0.28824234,-0.26668215,-0.32708696,-0.07212555,-0.50408447,-0.25748432,0.31854126,-0.28571886,-0.18505105,-0.15485707,0.10076473,0.28595382,-0.016807295,0.0907928,0.35772303,0.066618435,0.13914853,-0.59004855,-0.12487428,-0.29085708,0.61405027,-0.07726648,0.21669585,-0.0137530975,-0.21842761,-0.00587618,-0.43383837,-0.12530746,0.11677438,0.08743547,-0.39500323,0.20651077,0.36581308,0.08329423,0.39040306,0.1127367,-0.044571027,0.5577975,0.32333794,-0.5021111,-0.33209005,-0.013860386,-0.0008603111,-0.26508537,-0.081345834,-0.21411371,0.15744461,-0.30584556,0.045996584,0.12167136,-0.36403462,-0.1788824,0.22394499,-0.28632078,-0.6561895,-0.47804582,-0.2411099,-0.1655834,-0.4095227,-0.03495523,0.06591908,0.144491,0.08499269,-0.21889763,-0.4537367,-0.21346992,-0.1174953,0.31135035,0.44659594,-0.22682679,-0.26074722,0.3716366,0.2277355,-0.19231157,0.089275144,0.13122503,0.29271606,-0.07795946,-0.22751209
302,0.6030137,0.49222174,0.41106698,-0.7023575,0.46746656,0.6337851,-0.5661382,0.14864339,-0.5630616,0.52466583,1.30927,-0.6005165,-0.63400286,-0.43399227,0.066216044,0.20266405,-0.39643234,-0.037972808,-0.5769322,-0.30817962,0.47333026,-0.22661334,1.2177469,0.61532134,-0.75589925,0.7236695,0.26557067,0.686642,0.59740674,-0.60429555,-0.1870575,-0.13244253,-0.3367805,-0.47208267,0.11993591,0.9972494,-0.30827796,-0.55453694,-0.5671312,0.30922365,-0.46836805,-0.6175519,-0.71220994,0.6336003,0.22788233,-0.6332432,0.6176545,-0.55110085,0.34823734,0.9303368,-0.15393537,-0.8311724,-0.7535998,-0.7242197,0.07936627,-0.15554261,0.7179172,0.525129,-0.53890264,-0.19593197,-0.14829665,0.59036887,-0.32222295,0.33286744,-0.044148266,-0.077622294,0.9775771,0.31625223,0.8701791,-0.32239437,0.8676299,0.4810072,0.9648775,0.8812083,-0.29520196,0.72875965,-0.11289203,0.7483176,0.4033002,-0.49743623,0.6623974,0.64836925,-0.39230937,-0.40841466,1.2208313,-0.3504547,-0.22568691,-0.32780147,0.66131455,0.23104341,-0.24771625,-0.1803242,0.4465777,-0.5262583,0.70499057,-0.4341656,-0.84128046,0.34035283,-0.24847871,-0.4631139,-0.6468376,-0.45540178,0.74354523,0.6077202,0.60418594,-0.1551342,0.5388474,0.4102868,-0.08551121,0.19694683,-0.5517999,1.1336724,-0.6113136,1.4216514,-0.37313592,0.026725462,0.29568934,-0.064772844,0.9864911,-0.45950574,-0.3324175,0.2765958,-0.29967654,-0.15524435,-0.57390726,-0.17114162,-0.47005618,-0.75499237,-0.4502572,-0.31656897,-0.17107637,0.40295202,-0.491804,-0.090306014,0.038673595,-0.020131335,0.007853212,-0.3949884,-0.16653135,-0.20113017,0.3660278,0.37247828,-0.74015146,0.4112351,-0.0024629757,-0.2408956,-0.8553965,0.43465656,-0.34652802,-0.06908651,-0.3807528,-0.22362152,0.24504507,-0.3033739,0.2535059,0.02100923,-0.10959447,0.2777386,0.16917768,-0.10992003,-0.020682894,-0.6445142,0.72771347,-0.6659206,0.10893954,0.36956683,-0.4266805,0.4092462,-0.16949368,-0.21414888,-0.2923143,-0.099786915,-0.27472788,0.57927465,0.6232408,-0.1475322,-0.11834314,-0.565652,0.36700293,-0.45037997,0.6022595,-0.77462786,-0.43697214,0.12317123,-0.563982,0.20059806,-0.06256831,-0.08478608,0.16270117,0.19712725,0.31649703,0.8337671,0.016376672,0.16273285,-0.52899116,0.11492914,-0.23560925,0.5288753,-0.6627356,0.015081212,-0.18257107,-0.2330309,0.151653,-0.3926093,-0.5225847,-0.015961386,0.10372007,-0.20114046,0.17087315,0.52930063,0.22218533,-0.018065117,0.099867985,0.1046746,0.9045932,0.13033545,-0.5339535,-0.7554125,0.44227573,-0.27085257,-0.2500117,-0.49194342,-0.27121505,0.12754141,-0.48590872,-0.10756057,0.08669437,-0.5307473,-0.27341974,0.26141167,-0.18811671,-0.68382627,-0.4429044,0.15873863,-0.42149666,-0.20488244,0.021689225,0.34846184,0.124748655,0.10333761,-0.6352187,-0.4314223,-0.56749606,-0.17850803,0.004792452,0.19131702,-0.3732947,-0.3025832,0.66218394,0.04972035,-0.31800163,-0.61713004,0.29969594,0.5349641,-0.3373361,-0.12683877
303,0.5609788,0.5274342,0.38260162,-0.72078407,0.4918491,0.71139854,-0.61176574,0.06158618,-0.57587296,0.52608234,1.3004851,-0.5858747,-0.65425766,-0.44630432,0.104900464,0.21247952,-0.43173409,0.024050405,-0.55313313,-0.34560657,0.49377343,-0.24748737,1.2734458,0.5810354,-0.76019,0.7703805,0.25478262,0.66317594,0.57605463,-0.5960225,-0.14379478,-0.16150337,-0.34986132,-0.4823531,0.18567413,0.988573,-0.28908485,-0.5845442,-0.57802236,0.29146603,-0.4839784,-0.61162746,-0.7215891,0.63860637,0.28577712,-0.655628,0.68838406,-0.55929804,0.37079206,0.91375065,-0.14653242,-0.84380054,-0.737475,-0.7267959,0.10278796,-0.17322582,0.72838897,0.5406715,-0.5742728,-0.22370815,-0.17868322,0.64179087,-0.3473546,0.34812915,-0.06621963,0.07072125,1.0128136,0.33264005,0.9232939,-0.3469941,0.98039407,0.55300355,0.9869563,0.93875957,-0.23141229,0.7313335,-0.10781145,0.80863893,0.46585357,-0.483225,0.69928074,0.6960959,-0.4498002,-0.40799946,1.2970539,-0.37841964,-0.22408009,-0.3256666,0.69650584,0.2658522,-0.25404328,-0.17940396,0.40872487,-0.55204606,0.78020567,-0.4367956,-0.8438895,0.2657247,-0.25506675,-0.46697623,-0.66592884,-0.4471649,0.818913,0.60159576,0.5980831,-0.12575936,0.5704649,0.4468451,-0.082298934,0.2127588,-0.57698864,1.1591185,-0.60625196,1.4392664,-0.40678108,-0.058528364,0.3434916,-0.025850117,0.9052326,-0.45969254,-0.29250306,0.3236513,-0.2895772,-0.12879294,-0.5626708,-0.21763486,-0.4463815,-0.7668037,-0.053371865,-0.16338114,-0.17116292,0.32770386,-0.38844815,0.20626652,-0.028951738,0.25763145,0.1501524,-0.15864284,-0.14007364,-0.35839757,0.27576905,0.3214402,-0.027413106,0.039504025,-0.029003888,-0.29442447,-0.29477516,-0.15035832,0.04292168,0.25707805,-0.051665872,0.105460204,-0.22320198,-0.14820644,0.107299484,-0.11368608,0.22230819,-0.08525265,0.35104814,0.06882009,-0.100256085,0.12698117,0.37516326,-0.03294821,0.24145018,0.026882727,-0.07179244,-0.06715938,-0.09354373,-0.17234048,-0.089206114,0.10358047,-0.20456162,0.044347428,0.08239335,0.12109795,0.178525,-0.2464141,0.25287503,-0.00445275,0.007398825,-0.18120156,-0.3254775,0.26496568,-0.03889247,-0.20147304,-0.08441775,-0.094065025,0.19279978,0.21207906,0.28647596,0.048528094,0.13967752,0.083333716,-0.2903516,-0.009928764,0.06472041,0.1323126,-0.28693473,0.07933871,-0.03925233,0.094085194,-0.16170242,-0.031367138,-0.07487437,-0.07662251,0.056533836,-0.14838408,0.26089117,0.4399997,-0.10181018,0.08072268,0.044815317,-0.16842543,0.42890796,0.29808894,-0.39780205,-0.37704262,-0.11092516,-0.16561882,-0.37935388,0.12511393,0.013818381,-0.09293625,0.15157211,0.08734469,-0.088218614,-0.03189462,-0.23260929,0.029184755,0.051579922,-0.10078283,-0.40211436,0.14212187,-0.22234379,-0.13604712,-0.05701356,-0.21808821,-0.22560695,0.2516724,-0.42877015,-0.07434575,-0.27591679,-0.33532685,0.16585952,0.3414303,-0.033130538,-0.19565183,0.026117362,-0.16906224,0.019971637,0.07967689,-0.13063195,0.23676078,-0.11013405,-0.02173143
304,0.10090016,0.051548503,-0.07318181,-0.16331297,0.08975278,-0.14343089,-0.1407389,-0.064134,-0.13402009,0.15000898,0.28505963,-0.11179042,-0.28952086,-0.18922418,0.29785708,-0.015004694,0.17602819,0.016838213,-0.015966952,-0.19042283,0.036201388,-0.15963823,0.25814024,-0.0036349893,-0.098443985,0.16813594,0.05745283,0.090982586,0.037783977,-0.23149508,-0.09074819,-0.33995283,-0.05005783,-0.09901792,-0.0035761595,0.15734181,-0.1468556,-0.07176089,-0.16019219,0.09147249,-0.19229853,0.0029660151,-0.21578306,-0.054490626,0.0815018,-0.30593538,0.06048592,0.007377552,-0.089535475,0.20246582,0.10008261,-0.2707579,-0.18983215,-0.22626066,0.10665186,0.1593567,0.20874193,0.12188221,-0.07884306,-0.06655073,0.07456792,0.061016496,-0.09878999,0.2350222,0.013501406,-0.010638297,0.1603738,0.006974196,0.09475286,-0.21960145,0.16942589,-0.08271444,0.13349989,0.2601594,0.13087285,0.05485804,-0.05403799,0.27843744,0.27602994,-0.027575731,0.2899559,0.21758965,-0.098189056,-0.01116091,0.24292047,0.013940054,-0.082710385,0.082956016,0.27398765,0.0830282,0.0369685,-0.0966838,0.09858424,-0.10490304,0.106122956,0.024974886,-0.31602222,0.018307053,-0.0049755573,-0.26673275,-0.19240189,-0.10114461,0.06858066,0.13170928,0.07581161,0.06833112,0.11649208,0.19264527,-0.027206719,0.016461026,0.042301077,0.17265156,-0.21694362,0.14598924,-0.22459489,0.18515009,-0.18927509,-0.116184354,0.2824898,-0.10675311,-0.026821673,0.04566459,0.034528214,-0.013138652,-0.1547333,-0.0948534,-0.010945797,-0.08303529,-0.5532386,-0.6896711,-0.43613338,0.48970816,-0.7284591,-0.15009177,0.13229725,0.11637829,-0.17852604,-0.5102866,-0.6121685,-0.5189979,0.549298,0.74047804,-0.95570266,0.6470873,0.056414604,-0.17012969,-1.1341257,0.61524105,-0.27960405,-0.032449156,-0.8385505,-0.19847982,0.17886692,-0.24949434,0.41069376,-0.038741395,-0.118481584,0.47527987,0.20869094,-0.055281587,-0.17301698,-0.67244595,0.81996846,-0.6362837,0.20042339,0.34086493,-0.3383618,0.64894444,-0.13295123,-0.43231678,-0.10259126,-0.2617172,-0.69841665,0.83639115,0.73510337,-0.3065912,-0.12883367,-0.62076205,0.30651146,-0.6314222,0.45728454,-0.7916062,-0.77482265,0.2755449,-0.73286456,0.28087118,-0.26271364,-0.18340933,0.28047583,0.05636882,0.6463478,1.1138684,-0.14813484,0.27148813,-0.7867554,-0.08557986,-0.19669925,0.8135286,-0.8849912,0.2637787,-0.13134696,-0.25106043,0.29158822,-0.4389845,-0.6175427,0.107776806,0.22859511,-0.53894114,0.5797005,1.0383866,0.23905724,0.024968795,0.27159855,0.27035528,1.2184422,0.4219845,-1.0173122,-1.0684835,0.52816886,0.017536994,-0.6475848,-0.75121665,-0.3168202,0.19307458,-0.5253485,-0.20175979,0.32950142,-0.4285025,-0.6248078,0.5227473,-0.36418664,-0.8375754,-0.76752627,-0.131778,-0.49570498,-0.46395263,-0.13944192,0.26196757,0.16655824,0.11874696,-0.7859751,-0.59761983,-0.74293953,-0.54235584,0.046253353,0.39755607,-0.44202155,-0.8614539,0.747816,0.16050316,-0.65531665,-0.5281702,0.47509778,0.52617514,-0.4009297,-0.14665978
305,0.10696563,0.056862224,-0.060587227,-0.17456877,0.09204425,-0.104108155,-0.15176159,-0.062110603,-0.13345033,0.15283012,0.2900449,-0.11651027,-0.28656375,-0.18075389,0.27812612,-0.008191705,0.14679188,0.019309655,-0.027068138,-0.18705755,0.038983047,-0.14712918,0.26337084,0.0038379896,-0.122418225,0.16637911,0.04683274,0.08885232,0.043845717,-0.23121345,-0.07812381,-0.32544184,-0.046140432,-0.1007601,0.004002894,0.16846918,-0.14750737,-0.076593995,-0.17184812,0.09357171,-0.19046974,-0.0143377185,-0.22702241,-0.02805531,0.08249198,-0.30299836,0.07075779,-0.012475908,-0.06265849,0.20684084,0.085514724,-0.28681415,-0.18968773,-0.23637235,0.1090664,0.15526082,0.21255979,0.123206824,-0.09499264,-0.06732875,0.061319236,0.06767188,-0.10483742,0.22510144,0.0112353135,0.015078559,0.16719276,0.010057785,0.10942707,-0.21373165,0.17987648,-0.060647607,0.14485335,0.25872058,0.1318515,0.059534565,-0.05033827,0.2758519,0.2730829,-0.042678893,0.28011578,0.21370846,-0.106212616,-0.015794933,0.2508205,-0.0002091527,-0.08258349,0.06996897,0.27249223,0.08095289,0.035149783,-0.09078878,0.09718823,-0.10979676,0.116178796,0.0130192805,-0.31750816,0.0072093285,-0.014644861,-0.25425696,-0.19978172,-0.09916407,0.086622395,0.12503359,0.08184833,0.06063078,0.11704628,0.19063066,-0.024155557,0.02412643,0.006608432,0.18683338,-0.2172221,0.1682575,-0.22130609,0.158318,-0.17085338,-0.099411905,0.26644042,-0.101400495,-0.027751446,0.053164363,0.021945957,-0.015381515,-0.15060443,-0.08763546,-0.0155233145,-0.11024535,-0.44027144,-0.6856062,-0.43078738,0.48230246,-0.74254006,-0.16740835,0.114406735,0.22545624,-0.08354811,-0.38470498,-0.46338946,-0.38290527,0.54656243,0.6858816,-0.97907007,0.60794985,-0.024242803,-0.16555098,-1.062599,0.47876632,-0.19400117,-0.080611706,-0.76652265,-0.24106747,0.16534021,-0.34520262,0.35950497,0.01774934,-0.11352027,0.5171915,0.32772875,-0.040705144,-0.09892653,-0.6648294,0.8655792,-0.6539414,0.18371701,0.250874,-0.31650308,0.6577638,-0.15726659,-0.5503217,-0.21959367,-0.3830549,-0.6439677,0.7609094,0.7104812,-0.2104049,-0.0021201,-0.52577883,0.27403826,-0.6045442,0.48022738,-0.84921175,-0.7179344,0.21510464,-0.5748554,0.3384471,-0.22378103,-0.12742543,0.19817676,-0.007057853,0.629702,1.043231,-0.1813753,0.37152576,-0.8110321,-0.08679275,-0.22531776,0.65745085,-0.8680276,0.20195791,-0.10503768,-0.18873641,0.2654117,-0.414463,-0.5665829,0.14075749,0.257987,-0.2844481,0.4880592,0.85226226,0.18288073,-0.060415547,0.2063382,0.21365473,1.0751089,0.3737283,-0.9081139,-0.9691425,0.47854134,-0.16410123,-0.68028826,-0.7357651,-0.24826467,0.17734812,-0.42298332,-0.2055969,0.23045021,-0.3067161,-0.41271856,0.508263,-0.4287638,-0.7013556,-0.6935673,-0.08713586,-0.34100652,-0.49283653,0.04462619,0.15623999,0.2228692,0.073570766,-0.6784379,-0.6134536,-0.5708457,-0.49669597,0.13576415,0.4930499,-0.45052058,-0.79395837,0.74762666,0.2273018,-0.6297154,-0.5157554,0.4973021,0.5256258,-0.3716448,-0.21103564
306,0.41570067,0.15825668,0.08928507,-0.51665044,0.18619959,0.42143023,-0.4058138,-0.13139945,-0.20470917,0.43946669,0.67374253,-0.26559234,-0.5141804,-0.2247318,0.31410193,0.018750064,-0.2200396,0.14779964,-0.16350353,-0.36104816,0.07312363,0.002000698,0.6402384,0.08073479,-0.41403782,0.32385427,-0.10096997,0.012904862,0.08587928,-0.38194448,0.12786047,-0.3867615,-0.0108059645,-0.19242513,0.11293245,0.4759851,-0.3676263,-0.21519679,-0.4841138,0.19601107,-0.35508722,-0.19520068,-0.54643846,0.34662247,0.15934992,-0.480016,0.31949276,-0.35773993,0.32442546,0.53956103,-0.05014968,-0.6788703,-0.27059412,-0.5488958,0.25204465,0.30048686,0.5218825,0.2376017,-0.40690875,-0.16439599,-0.05622244,0.29081506,-0.24114746,0.34410116,-0.008346498,0.54291916,0.36666918,0.14610995,0.4645166,-0.2666964,0.4889964,0.21206981,0.49811918,0.5165058,0.42672163,0.22206363,-0.10894257,0.6350415,0.6131523,-0.29110885,0.443684,0.4315148,-0.3447278,-0.08423239,0.5964736,-0.12873465,-0.12634367,-0.09290767,0.55217564,0.15965232,0.07321912,-0.06638229,0.26214314,-0.29230344,0.49726477,-0.0390113,-0.55160177,-0.22144097,-0.1993267,-0.28918815,-0.45097488,-0.17477453,0.5717714,0.18892208,0.32759613,0.03252241,0.3401389,0.455396,-0.053476572,0.20066872,-0.4677859,0.63610566,-0.40280855,0.6129348,-0.35892206,-0.073355496,-0.0146715045,0.09047298,0.22555354,-0.028648853,-0.0014813542,0.19827354,-0.13138068,-0.09944862,-0.2878865,-0.052387774,0.04695323,-0.52806014,-0.29919624,-0.14265922,-0.19512577,0.42394194,-0.46147713,0.045281887,-0.06648098,-0.07113199,0.2282895,-0.09379124,-0.09821305,-0.32001558,0.4083806,0.34290823,-0.549132,0.36220613,0.01463424,-0.2613677,-0.87583464,0.32957664,-0.3432729,-0.14332806,-0.24117878,-0.100530066,0.123486154,-0.115092665,0.31472188,0.008165985,-0.023866149,0.10510442,0.22335413,-0.07527008,-0.23929979,-0.4871444,0.56232995,-0.5359253,-0.08586365,0.33761552,-0.37715235,0.44656083,-0.083952226,-0.19012226,-0.25666374,0.011669483,-0.17431113,0.481147,0.60374486,-0.022951245,-0.064775944,-0.51072234,0.35022834,-0.36476576,0.62080234,-0.69910514,-0.34339786,0.22180928,-0.342643,0.20702195,-0.17286815,-0.17062289,0.1452869,0.18714203,0.19897011,0.71570635,0.10692665,0.108283244,-0.58056414,0.2206954,-0.06954704,0.47618073,-0.5697626,0.05426787,-0.249017,0.0054944083,0.2582547,-0.41563374,-0.27470362,0.15257119,0.05538579,-0.13707791,0.23080947,0.46633732,0.19664967,-0.00084597245,-0.061996825,0.091980964,0.69958115,-0.04268372,-0.38804188,-0.6801023,0.5172208,-0.23184781,-0.21349083,-0.33069384,-0.37456998,0.23970993,-0.4191663,-0.24275489,0.09763195,-0.5355042,-0.22740203,0.09794239,-0.021532036,-0.39372927,-0.41930407,0.21595941,-0.24417298,-0.051841676,-0.13233516,0.30674335,0.029500343,-0.1599943,-0.64659107,-0.23095599,-0.32303992,-0.34876445,-0.19079891,0.1130097,-0.43510163,-0.12296273,0.5706026,-0.055537365,-0.36021134,-0.6266343,0.46822658,0.47497204,-0.30931762,-0.06986127
307,0.07852179,0.038518637,-0.10402745,-0.11754608,0.08264584,-0.19902724,-0.1144864,-0.07836908,-0.12182331,0.137856,0.24229456,-0.071825504,-0.2767949,-0.19047391,0.30977282,-0.021077871,0.2230275,0.011370674,0.005562919,-0.1779908,0.017195597,-0.16665143,0.21025848,-0.018560529,-0.043907523,0.16022795,0.06597887,0.10633994,0.01843821,-0.20922214,-0.10136223,-0.35125786,-0.049551904,-0.08083093,-0.018553853,0.11890483,-0.13385594,-0.060972095,-0.13834429,0.08060567,-0.17573202,0.040435616,-0.16612959,-0.087596774,0.06818292,-0.29120868,0.035946548,0.058410738,-0.11957449,0.16716337,0.11482678,-0.21741986,-0.16164011,-0.19945097,0.09749092,0.16721575,0.19181183,0.091653794,-0.03486061,-0.055452347,0.09368467,0.047798388,-0.085059464,0.23405147,0.01821991,-0.038704574,0.14805338,-0.00042539835,0.056614064,-0.22911394,0.142737,-0.104932725,0.104201905,0.24007334,0.12938268,0.031742234,-0.053791165,0.26930076,0.27520466,0.00402636,0.2887215,0.2100219,-0.0839268,0.001715631,0.19890472,0.036261227,-0.07417524,0.111291334,0.25411502,0.071915165,0.046581417,-0.10676348,0.0914728,-0.08333415,0.09022655,0.030279998,-0.28187615,0.012902585,0.02233924,-0.27190655,-0.15929657,-0.09288865,0.031343665,0.119845636,0.056707837,0.07895741,0.113178834,0.1892971,-0.024353623,-0.011542201,0.118250355,0.1290666,-0.19464952,0.098115176,-0.22488528,0.2062098,-0.218041,-0.1322226,0.28932032,-0.103835285,-0.014865994,0.030306375,0.048576295,-0.00094753504,-0.13546717,-0.1111815,-0.0038964748,-0.013367355,-0.44714996,-0.77463776,-0.39240265,0.36534253,-0.7836029,0.02338729,0.41961327,0.20449018,-0.5123216,-0.82930875,-0.7494574,-0.5002595,0.37499854,0.7325513,-0.6473365,0.8305962,0.026680246,0.06618019,-0.9241009,0.80537254,-0.012323078,-0.1178163,-0.8454263,-0.26930022,0.16872022,-0.0056868903,0.35259673,0.09806742,-0.044193927,0.5450868,0.29800206,-0.12320732,0.06151309,-0.42272773,0.61783534,-0.32258192,0.5051429,0.42438945,-0.45909154,0.48297843,0.07002487,-0.6864503,-0.09371282,-0.23290701,-0.6774259,0.8069952,0.654779,-0.119288445,-0.08170969,-0.5846158,-0.10475728,-0.5490175,-0.044844892,-0.82695657,-0.7150433,0.45332152,-0.55107725,0.12776053,-0.3861141,-0.05393357,0.20426607,0.33009446,0.62295747,0.784961,-0.35425457,0.11532525,-0.58049864,-0.3163266,-0.32438758,0.89250267,-0.48194766,0.29309323,0.00055398047,-0.37815008,0.23965424,-0.3290992,-0.5604074,0.05354777,0.17808184,-0.60274035,0.45238924,1.117898,-0.018727645,0.4008723,0.5661927,0.28176603,1.249122,0.5249707,-0.97830725,-0.99640876,0.31841263,0.1271705,-0.60547817,-0.70878214,-0.24334039,0.20377892,-0.51938653,-0.1642847,0.24042864,-0.40804014,-0.6065304,0.3734109,-0.36862546,-0.84037524,-0.93924856,-0.25533575,-0.26320753,-0.53104144,-0.123292044,0.16460706,0.10088169,0.25458375,-0.8569959,-0.602441,-0.5136218,-0.16711877,0.14355795,0.56771487,-0.44326603,-1.0187085,0.75877696,0.11412226,-0.4495212,-0.2823522,0.25588334,0.21028912,-0.39373913,-0.20812309
308,0.0779743,0.059154406,-0.061232388,-0.1691094,0.084295794,-0.05143118,-0.1592403,-0.06341493,-0.10903615,0.17093065,0.24354354,-0.073274314,-0.26215732,-0.1477136,0.21230553,0.00032450398,0.10552366,0.043893754,-0.054849744,-0.15783042,0.04489834,-0.10564625,0.20220315,0.024629634,-0.12503225,0.123716176,0.0199874,0.09599514,0.009042095,-0.18410033,-0.05290711,-0.26580542,-0.040289164,-0.07151681,8.6716376e-05,0.15362987,-0.1421256,-0.08050674,-0.20697957,0.08403595,-0.1448906,-0.036484063,-0.20095891,0.05184426,0.04484342,-0.27209026,0.09322124,-0.039375782,-0.0040779114,0.15926889,0.038084388,-0.28733432,-0.15650386,-0.23749244,0.110723704,0.15300989,0.19741839,0.08045946,-0.09552896,-0.02380544,0.037274197,0.08740921,-0.089325786,0.17807163,0.010791886,0.08372936,0.16306639,0.028996445,0.10587585,-0.18320078,0.15583138,-0.011613369,0.13982731,0.22786966,0.12723064,0.03956712,-0.015829146,0.2506998,0.28733897,-0.06351864,0.22831604,0.18600395,-0.13098586,-0.031859696,0.21238849,-0.03163129,-0.05675304,0.053354964,0.22406226,0.061069883,0.012227034,-0.07558745,0.10752764,-0.100697756,0.1596371,-0.0067377687,-0.271276,-0.04339993,-0.017627418,-0.19895136,-0.1843971,-0.08694297,0.116625905,0.08809989,0.0949852,0.035829257,0.12254749,0.17756468,-0.022125185,0.00047216238,-0.026941955,0.17988199,-0.18246502,0.17704347,-0.21699816,0.07442507,-0.11606711,-0.037710965,0.2141478,-0.09125507,-0.03016311,0.09271574,-0.020893514,-0.005263686,-0.12152797,-0.09662789,-0.040909648,-0.14977056,-0.44238266,-0.5325477,-0.1969673,0.38328978,-0.5200334,0.042655133,0.18676946,0.0906429,-0.39118248,-0.6290185,-0.44082808,-0.4302828,0.027863428,0.51204216,-0.384114,0.56756145,-0.1593261,-0.04637803,-0.808702,0.606069,0.09789442,0.043269835,-0.45002434,-0.23148397,0.24731168,-0.17409599,0.29260862,0.0760839,0.20317757,0.57007796,-0.006082576,-0.013376996,0.1463896,-0.3743167,0.41431838,-0.1873313,0.58670205,0.29932398,-0.32395607,0.4646085,0.15493281,-0.69147444,-0.2753954,-0.2346202,-0.64059395,0.34280977,0.57429415,-0.07264131,-0.2345066,-0.3819646,-0.10076778,-0.43795,-0.19696783,-0.6129582,-0.45891714,0.23243406,-0.43091854,0.17991127,-0.305622,0.13017547,0.013553474,0.23280098,0.2856115,0.58342224,-0.26703858,0.1554397,-0.5513795,-0.07090826,-0.33006117,0.8004363,-0.21363196,0.08996746,0.113295645,-0.24323027,0.13201776,-0.2046065,-0.33741978,0.090286925,0.03709067,-0.5179371,0.2779497,0.69192773,-0.10613088,0.3867724,0.28779495,0.19594601,1.0813177,0.24940999,-0.46523473,-0.5904704,0.13062929,0.26088625,-0.35491472,-0.40075135,-0.2437074,0.10666477,-0.5343859,0.05894219,0.010651827,-0.18755433,-0.30635557,0.05883591,-0.35021782,-0.44119212,-0.6217013,-0.3745034,-0.27482465,-0.5145174,-0.19173649,0.20392676,0.2144041,0.29902226,-0.6350852,-0.44021413,-0.57971114,-0.31836313,0.3421202,0.34956455,-0.14982374,-0.772704,0.47719148,0.19475536,-0.15658127,0.035686146,0.1766653,0.36423638,-0.294029,-0.22636226
309,0.06962677,0.033712443,-0.111992955,-0.10070741,0.07843639,-0.20922273,-0.10276121,-0.08025372,-0.11551839,0.1312788,0.2236714,-0.060376763,-0.26824558,-0.18741316,0.30456117,-0.023279607,0.23262188,0.011751054,0.009462999,-0.16776091,0.010550432,-0.1640175,0.19167747,-0.022413254,-0.026788354,0.15642475,0.06760095,0.109767884,0.014850505,-0.19703513,-0.10206258,-0.34632403,-0.050458968,-0.07606256,-0.020646572,0.10537164,-0.12615341,-0.05466032,-0.1274941,0.07413375,-0.16795272,0.048113164,-0.14610189,-0.09326315,0.06362668,-0.28008574,0.027655957,0.072978415,-0.12527949,0.15430497,0.11641738,-0.19597018,-0.1519975,-0.18783832,0.091482565,0.16611186,0.18321997,0.08052929,-0.020648062,-0.047845244,0.0978769,0.0443488,-0.077670336,0.22606501,0.018887516,-0.04640615,0.14357528,-0.0034490228,0.045379482,-0.22696209,0.13109851,-0.10742891,0.094705105,0.22841649,0.124959126,0.021566104,-0.0517388,0.26015782,0.26630273,0.015252816,0.28329995,0.20116794,-0.078986764,0.0034857152,0.18026873,0.043611195,-0.07064116,0.11947105,0.2396301,0.06653218,0.0478153,-0.108706236,0.08781963,-0.07477212,0.0828593,0.029345173,-0.26697987,0.013501682,0.028239783,-0.26791537,-0.14553517,-0.089815676,0.017836966,0.11212156,0.048246365,0.07879215,0.11063221,0.18456025,-0.022404075,-0.019550443,0.13509691,0.11275177,-0.18477058,0.0838658,-0.22063696,0.20884693,-0.22112197,-0.13422096,0.28632078,-0.10135323,-0.012917042,0.026109992,0.049813166,0.0033197792,-0.12739456,-0.11276543,-0.0041894913,0.0100035295,-0.49171275,-0.63187414,-0.36464027,0.42102724,-0.70202553,0.09495367,0.29595113,0.1122153,-0.501905,-0.7369029,-0.69286567,-0.5079149,0.1345049,0.7029699,-0.6501158,0.7384694,-0.10420832,0.035629027,-0.9501466,0.7455307,-0.0014968999,-0.09345132,-0.70637006,-0.24445273,0.24336469,-0.16047521,0.38183743,0.106180996,0.18892665,0.70079476,0.065114625,-0.11431369,0.08109143,-0.48137015,0.6177579,-0.26110154,0.6338689,0.26246193,-0.33243066,0.49570942,0.047331158,-0.7448699,-0.24761084,-0.22434112,-0.75870067,0.5256106,0.7245965,-0.20412086,-0.19160163,-0.5455438,-0.16547884,-0.5453471,-0.15624614,-0.74144626,-0.5498728,0.3821433,-0.54917353,0.17344505,-0.28203812,0.109811746,0.018309914,0.3305805,0.40846923,0.74001944,-0.37654755,0.18019894,-0.67837864,-0.20436944,-0.31155562,0.9144156,-0.36289534,0.17160475,0.02595219,-0.29929462,0.18782546,-0.294978,-0.5094389,0.10626367,0.022361822,-0.56446034,0.3928587,0.96919805,0.013240367,0.33967954,0.4438969,0.18454257,1.3047931,0.4722066,-0.74658966,-0.88704056,0.30021837,0.23390816,-0.5298523,-0.6243547,-0.24208559,0.19654496,-0.57995015,-0.028770272,0.106160276,-0.2815685,-0.4884883,0.2091887,-0.40758127,-0.7137513,-0.8409062,-0.33619985,-0.34920883,-0.5835969,-0.26000354,0.2465755,0.18449165,0.25463164,-0.8411152,-0.44890624,-0.6851527,-0.35416853,0.31670088,0.42823833,-0.2879379,-0.952093,0.6478559,0.23965082,-0.2662677,-0.08854901,0.20648974,0.269601,-0.3222593,-0.20907223
310,0.07666527,0.06070895,-0.03530115,-0.15201545,0.0862561,0.017748468,-0.14347076,-0.06729674,-0.07158613,0.11698541,0.22973183,-0.056586623,-0.22557867,-0.102647245,0.17468633,0.024371218,0.043308638,0.031293277,-0.028728008,-0.1323843,0.01640692,-0.07561052,0.19188175,-0.0063669086,-0.13205701,0.11300421,-0.0109629035,0.056756355,-0.00037574768,-0.17477643,-0.020362377,-0.23794341,-0.02430898,-0.05977285,0.013013233,0.15040728,-0.12934011,-0.05825585,-0.167535,0.05865334,-0.14606613,-0.024954915,-0.19134057,0.06540524,0.06931617,-0.22265613,0.08371036,-0.060932755,0.038501114,0.1709354,0.039332718,-0.25866896,-0.11337775,-0.21644855,0.10438608,0.1253894,0.17926964,0.08558913,-0.10908651,-0.05450362,0.011597712,0.07905422,-0.091757715,0.15690279,0.007977282,0.118302196,0.12985025,-0.006215751,0.110008635,-0.14897513,0.16752219,0.0060423375,0.111175306,0.18932606,0.14264797,0.03921364,-0.027427256,0.20781085,0.23569363,-0.061596394,0.1871106,0.16783115,-0.12269199,-0.006675482,0.18322772,-0.050037682,-0.0652343,0.02866786,0.21500146,0.055240575,0.04933102,-0.05526495,0.06791544,-0.066405356,0.13148758,0.0024865193,-0.2400567,-0.06541258,-0.026201248,-0.15214205,-0.16315818,-0.047325253,0.11805764,0.045342408,0.066798575,0.04130347,0.10769884,0.15256733,0.0004087193,0.034789078,-0.07068509,0.1652395,-0.16018051,0.15725869,-0.17175728,0.024303522,-0.103627264,-0.010033727,0.12655522,-0.04605335,-0.015287578,0.05206118,-0.011710405,-0.0077412724,-0.07780349,-0.07335085,0.006484963,-0.13716668,-0.4980486,-0.5892503,-0.4517196,0.32257032,-0.67043185,0.12407599,0.31158042,0.0488695,-0.22390033,-0.6427146,-0.6854582,-0.43971583,0.17026898,0.6319755,-0.40898082,0.5027216,0.19519466,-0.07554585,-0.8715169,0.61309636,-0.1793397,-0.16346526,-0.7488244,-0.12718089,0.1904664,-0.1550835,0.16272107,-0.105102286,0.039751183,0.46233103,0.11576329,0.020609662,-0.0054446682,-0.4375482,0.5165797,-0.45936128,0.26158535,0.07504064,-0.22394533,0.46513018,-0.12798579,-0.24865781,-0.04672271,-0.31703565,-0.599572,0.6355663,0.72426015,-0.13807529,-0.22379124,-0.5300863,-0.08449342,-0.49028146,-0.10365843,-0.46943,-0.42620072,0.50671947,-0.5968221,0.14832759,-0.16588971,-0.02372457,0.09824507,0.33621666,0.34066206,0.6831224,-0.33631155,0.04589141,-0.7231281,-0.43036044,-0.3530183,0.5407126,-0.418844,0.0854156,-0.22146124,-0.33014077,0.32614452,-0.49178103,-0.49376634,-0.05896233,0.044720177,-0.545067,0.56183606,0.89944804,0.11621745,0.17425579,0.57247746,0.3277255,1.1026764,0.40802503,-0.73897475,-0.8476238,0.33162862,-0.03905684,-0.5463089,-0.37695995,-0.18137394,0.19205831,-0.3139529,-0.18601437,0.17340648,-0.12610576,-0.38178396,0.18825676,-0.41016352,-0.8920164,-0.64409053,-0.39448553,-0.22109468,-0.38964343,-0.0891735,0.11200087,0.007260613,0.06063544,-0.5137593,-0.29502028,-0.4241758,-0.14305094,0.15635486,0.1978905,-0.4395606,-0.8661132,0.6125364,0.29954702,-0.25426465,-0.21349005,0.13704662,0.13264497,-0.15685612,-0.15113229
311,0.07855554,0.037454613,-0.10413021,-0.10968971,0.07877106,-0.1752814,-0.11406511,-0.08631605,-0.12005973,0.12727903,0.22963741,-0.06423819,-0.26921016,-0.18654126,0.29654568,-0.014447331,0.21041201,0.011780867,0.0045723673,-0.16877079,0.013620258,-0.15661103,0.20133814,-0.01922059,-0.053361237,0.1625033,0.060540568,0.11059906,0.02027547,-0.20114678,-0.09389734,-0.34181643,-0.051754296,-0.08226913,-0.015086234,0.117230505,-0.123488426,-0.050188303,-0.13694292,0.07463145,-0.17002338,0.03568512,-0.15645921,-0.07987422,0.07615468,-0.28099555,0.03706547,0.058167037,-0.107473254,0.16747943,0.113789335,-0.21115762,-0.15164542,-0.1996038,0.100343116,0.16342808,0.18709587,0.08043377,-0.0365116,-0.053752363,0.085483424,0.051451366,-0.084400415,0.22644445,0.020009907,-0.029761255,0.14857654,-0.002754867,0.056149945,-0.2271595,0.14519586,-0.09482223,0.10143554,0.23215333,0.13663542,0.026762893,-0.049180746,0.26287326,0.26202008,0.007144694,0.2841062,0.20288703,-0.08550537,-0.00069737434,0.19227923,0.03394554,-0.07104081,0.11514117,0.24501312,0.066322826,0.04814297,-0.10357982,0.08713059,-0.07918596,0.09012713,0.024359725,-0.27629125,0.0020977652,0.02032526,-0.26523548,-0.15520144,-0.09207219,0.0364593,0.10548075,0.05321362,0.07962527,0.1118106,0.19241798,-0.020693064,-0.009198844,0.106963105,0.1199709,-0.18686718,0.096591346,-0.22221601,0.19241862,-0.21334177,-0.12634778,0.27458233,-0.09695172,-0.00808984,0.028845416,0.04694481,-0.002268374,-0.12552649,-0.1076774,-0.005195737,-0.014096737,-0.5024783,-0.6981397,-0.4122737,0.21558917,-0.626509,0.04897636,0.1911793,0.16311455,-0.5429878,-0.7659765,-0.7557646,-0.5862512,0.3727613,0.6630772,-0.5736106,0.72305983,0.076975256,-0.10091107,-0.8148436,0.6581072,-0.2632494,0.021731824,-0.88074964,-0.3227958,0.05133442,0.02245152,0.0844636,0.010381922,0.11356247,0.8092152,0.3326641,-0.00073738396,0.027629681,-0.49754468,0.58691615,-0.23909155,0.3882268,0.2552891,-0.35058072,0.5397547,-0.1315381,-0.5020802,-0.09625454,-0.21876962,-0.6538172,0.8289703,0.8132591,-0.22807485,-0.15074684,-0.38829124,-0.14828126,-0.48067212,0.067068465,-0.7742477,-0.4851527,0.4607021,-0.54291934,0.15168129,-0.30296257,-0.10841524,0.08455832,0.33141217,0.406448,0.9141997,-0.31517348,0.32583895,-0.7266109,-0.36559394,-0.17485757,0.80682373,-0.5283132,0.1460775,-0.27690274,-0.46430823,0.33780152,-0.3053862,-0.5929459,0.020865709,0.15547943,-0.7370395,0.42240545,0.9333335,0.03537585,0.3076909,0.5753538,0.05973103,1.1394033,0.40062672,-0.993127,-0.9313486,0.3984413,0.0064657927,-0.60096854,-0.6717034,-0.20435053,0.16247037,-0.5799471,-0.16582392,0.33433378,-0.09820584,-0.5542448,0.37314376,-0.32240227,-0.93223506,-1.0208018,-0.45771784,-0.24370565,-0.42236277,-0.12928784,0.19250216,0.07278779,0.3605557,-0.8313381,-0.64017516,-0.48850796,-0.21581322,0.16760923,0.321259,-0.36177343,-0.975039,0.6362387,0.32845062,-0.53432775,-0.05582633,0.16301921,0.16287509,-0.28335854,-0.13254727
312,0.06569795,0.03098885,-0.11665428,-0.08792508,0.06731489,-0.21257699,-0.09413087,-0.08177012,-0.11652708,0.11823229,0.21141885,-0.061315298,-0.2606318,-0.18547392,0.3084707,-0.023928463,0.23980895,0.010023445,0.027668044,-0.16705501,0.006498901,-0.1650204,0.19129822,-0.029767096,-0.017548263,0.15376832,0.06821595,0.10306296,0.018692736,-0.19609517,-0.100707114,-0.35183597,-0.04698819,-0.073547184,-0.024801672,0.09507137,-0.117310464,-0.040697455,-0.113906085,0.07173071,-0.16869986,0.057706993,-0.13700736,-0.11593342,0.0744108,-0.27815062,0.017414613,0.08772891,-0.13717377,0.15064748,0.12361888,-0.17981231,-0.14580798,-0.1734541,0.08895071,0.16726097,0.17091918,0.0809524,-0.010733426,-0.053388596,0.0976193,0.035676554,-0.07533795,0.22646563,0.01668473,-0.061150312,0.13458475,-0.0054954886,0.03560386,-0.22549754,0.12251251,-0.12070811,0.08771591,0.22302237,0.13014439,0.01799501,-0.047474265,0.25491157,0.25521737,0.032002598,0.2851315,0.19435741,-0.067163646,0.012897661,0.17570014,0.058144383,-0.06796646,0.12846693,0.23674247,0.06655016,0.05152858,-0.10523301,0.08024823,-0.07009864,0.06585853,0.04128135,-0.26270664,0.017264105,0.030018903,-0.2756638,-0.13845903,-0.087831736,0.0075222095,0.113813005,0.03325128,0.089102015,0.10560922,0.18239231,-0.02510655,-0.01544708,0.14895418,0.10169151,-0.17874306,0.06248378,-0.21816087,0.22302206,-0.22989231,-0.1411522,0.28598619,-0.098354936,-0.004924834,0.011552052,0.06611423,0.0024387357,-0.12599093,-0.10646075,0.0056502665,0.032410115,-0.28167626,-0.6126451,-0.22813831,0.3211487,-0.5489296,-0.057008296,0.33241445,0.13679942,-0.5021049,-0.6110609,-0.6969694,-0.46579728,0.2285867,0.56585217,-0.73942757,0.62318003,0.039293006,-0.05745923,-0.87602395,0.7200689,-0.12206073,0.003811255,-0.6400864,-0.2979689,0.06453389,-0.20657372,0.19111086,0.096327215,-0.09622775,0.4860895,0.3635397,-0.10858254,0.107617624,-0.2798839,0.66917056,-0.26498574,0.20407566,0.12330518,-0.3210241,0.40517098,0.044165265,-0.3507628,-0.2001392,-0.14409159,-0.41565195,0.67264706,0.5712278,-0.20882371,-0.25066507,-0.35113966,0.1047883,-0.32879627,0.06525126,-0.57626945,-0.7141195,0.33406687,-0.5938298,-0.068734944,-0.35574412,0.15059783,0.23320203,0.025295835,0.41816607,0.8295013,-0.19285588,0.15339899,-0.74045384,-0.4412273,-0.1405191,0.73595536,-0.45285386,0.285201,-0.09369089,-0.088868305,0.37691522,-0.20330435,-0.37861866,-0.23065595,-0.07253436,-0.650607,0.5154229,0.79818195,0.2104907,0.3350533,0.48192072,0.25808427,1.1322105,0.56380767,-0.9180819,-0.94549525,0.2909226,-0.06707079,-0.57399386,-0.66619927,-0.28407794,0.010537218,-0.31540567,-0.18232073,0.36282864,-0.33137333,-0.62029743,0.22234173,-0.42810053,-0.8473759,-0.90216225,-0.33653137,-0.34045345,-0.42142206,-0.32775593,0.19355248,0.16969006,0.3775273,-0.8668057,-0.56638795,-0.5965736,-0.3453268,0.32166463,0.39062393,-0.48235396,-0.72192866,0.62728447,-0.011457857,-0.3714978,-0.16880146,0.2684199,0.29784128,-0.38852465,-0.025531106
313,0.13856965,0.07413963,-0.0062999725,-0.20533168,0.09315233,0.088024825,-0.19339395,-0.07934642,-0.1351918,0.15219618,0.28508234,-0.105143666,-0.26286334,-0.1453759,0.18498975,0.023412853,0.014948771,0.020471234,-0.073273,-0.16886896,0.045963705,-0.08349037,0.25385624,0.041101348,-0.21432,0.15924469,0.0039605414,0.093795985,0.04386834,-0.21087188,-0.02166617,-0.24781072,-0.042439282,-0.103589535,0.026336864,0.20368657,-0.13504344,-0.07876879,-0.21828121,0.092621714,-0.16831434,-0.07790941,-0.25060475,0.08888353,0.08551668,-0.278324,0.11427907,-0.09491223,0.06356408,0.21710563,0.035724454,-0.33668995,-0.16444474,-0.27037215,0.1284,0.12772338,0.21763653,0.09781201,-0.14081961,-0.06338042,-0.00076270103,0.09920041,-0.11725384,0.17699763,0.012607433,0.12760499,0.18571839,0.03474311,0.15695152,-0.18315262,0.21246207,0.032476515,0.17262502,0.25011685,0.14652202,0.07532218,-0.023841798,0.2570837,0.24573845,-0.09895849,0.23286243,0.1978491,-0.13509852,-0.040550947,0.26459605,-0.062363267,-0.0711388,0.028615156,0.2522756,0.061600935,0.025784064,-0.058011174,0.09602334,-0.124856055,0.1691332,-0.034096956,-0.30899286,-0.06497091,-0.046883523,-0.1910407,-0.21527821,-0.09741801,0.17513259,0.08316376,0.11216816,0.029062994,0.11869902,0.19467603,-0.008468747,0.03857189,-0.11922246,0.21304406,-0.19866097,0.23277381,-0.20703256,0.035020567,-0.09048933,-0.03027612,0.17991892,-0.07261902,-0.011496246,0.0837796,-0.02547574,-0.029413462,-0.122005165,-0.06670296,-0.045703888,-0.21205038,-0.33764297,-0.5601401,-0.3223774,0.062448278,-0.44660655,0.122133926,0.26793027,0.41761264,-0.45393372,-0.53954875,-0.39901093,-0.5173352,0.5150556,0.43607658,-0.31050092,0.36702618,0.2144338,-0.1118828,-0.49080676,0.2931011,-0.2899788,0.23516455,-0.5453958,-0.23313162,0.08707996,0.1539155,0.045772236,0.11661809,-0.06037981,0.74960595,0.30548453,-0.07392162,-0.029429689,-0.18984994,0.58621347,-0.10108095,0.03121335,0.24465138,-0.28548646,0.43258953,-0.37283102,-0.39901426,-0.3012989,-0.1634211,-0.2654993,0.71964884,0.5536485,-0.13426249,0.018805996,-0.08247196,0.046653777,-0.26090088,0.13887255,-0.66176456,-0.47118744,0.32844678,-0.43919945,0.19426142,-0.32150277,-0.024522834,0.29305044,0.11000111,0.13625483,0.73050994,-0.17843567,0.38069117,-0.49965712,-0.09012986,-0.12001499,0.53697056,-0.46767578,0.06104116,-0.16787839,-0.34536982,0.27579173,-0.11345257,-0.29812604,-0.2031654,0.20704703,-0.61394525,0.28555286,0.76611173,-0.10254177,0.1852687,0.28763285,0.04779095,0.6574869,0.0982817,-0.6669226,-0.569678,0.28814325,0.113762245,-0.41719896,-0.31561568,-0.36754912,-0.090041965,-0.31962684,-0.038088027,0.39867884,0.034057572,-0.23809558,0.2724169,-0.15550385,-0.7169738,-0.88596946,-0.468599,-0.1326559,-0.36613873,-0.01719873,0.15220173,-0.08549842,0.39261058,-0.64901036,-0.6696259,-0.27963126,-0.1504616,0.24008338,0.27580866,-0.29014108,-0.56262034,0.2660001,0.2541977,-0.47729814,-0.009883441,0.11098775,0.32103226,-0.45793262,-0.30077106
314,0.12348646,0.07230498,-0.03983605,-0.2087251,0.10135145,-0.043029964,-0.17835146,-0.06281453,-0.13723433,0.16642365,0.3180316,-0.1284827,-0.29906428,-0.17462623,0.2642278,0.0011440907,0.09778777,0.025460433,-0.04466492,-0.19330513,0.045749206,-0.13255799,0.29242447,0.0149434935,-0.16412842,0.16987291,0.031247068,0.08308354,0.045706023,-0.24323952,-0.056662083,-0.31520182,-0.043111145,-0.10668981,0.01652178,0.19736475,-0.16204786,-0.08889854,-0.20067275,0.09854716,-0.20197761,-0.042286515,-0.26050323,0.019255891,0.08749885,-0.31013072,0.096646994,-0.058719575,-0.018987477,0.23198311,0.06801097,-0.32940614,-0.19719344,-0.26615787,0.1198785,0.15576547,0.23023875,0.1353948,-0.12966412,-0.0769757,0.04186411,0.08684912,-0.11951429,0.22262071,0.0097485,0.064344734,0.17996544,0.017565863,0.14315578,-0.20692837,0.2073302,-0.027274609,0.16887873,0.27196664,0.1415987,0.07784851,-0.048250496,0.29091185,0.2901914,-0.070705,0.27820915,0.22646776,-0.12901455,-0.021247327,0.2762352,-0.02448374,-0.08586711,0.046651885,0.2864906,0.08597331,0.034688935,-0.08355051,0.10326746,-0.12233168,0.14455241,0.003215468,-0.3371629,-0.013402104,-0.032146394,-0.24151617,-0.22197622,-0.09799725,0.12898941,0.1223903,0.099588886,0.05292959,0.13288325,0.19991878,-0.02221167,0.042306118,-0.054169953,0.22390804,-0.22819,0.21157846,-0.22383249,0.11918829,-0.1450615,-0.07278639,0.24893562,-0.093922436,-0.031260908,0.06569869,0.0034137904,-0.019154191,-0.15540427,-0.08335626,-0.013702393,-0.16493243,-0.55263495,-0.7028738,-0.3870043,0.56723934,-0.78926516,-0.113728635,0.09571269,0.22013554,-0.035308316,-0.4474251,-0.4600757,-0.44364628,0.5936541,0.65274215,-1.0117514,0.6403497,0.0087182075,-0.19562131,-1.2541168,0.5176179,-0.30117857,-0.062594,-0.70839685,-0.30197713,0.17819394,-0.3328687,0.4517385,0.05700034,-0.10477399,0.5946605,0.32212767,-0.06146001,-0.17952615,-0.79575866,0.8901333,-0.7104469,0.1337117,0.28710443,-0.48221043,0.66562337,-0.16855548,-0.52147317,-0.21550652,-0.34707814,-0.64735633,0.85443056,0.79083526,-0.20860218,-0.049709827,-0.6510942,0.38833943,-0.5712041,0.5690139,-0.9641669,-0.7381422,0.28001288,-0.72680444,0.29979137,-0.20881459,-0.11713003,0.32457626,0.03644272,0.5656885,1.1402875,-0.064090654,0.43680722,-0.8573659,-0.040708374,-0.28350836,0.7641195,-0.9276607,0.180179,-0.20908323,-0.2540649,0.3220769,-0.44193992,-0.6648688,0.11120483,0.22138226,-0.34489718,0.42065245,0.9521392,0.26335448,-0.013029747,0.21089798,0.25697362,1.1973325,0.2953226,-0.87768984,-1.0431505,0.55636936,-0.21263495,-0.67935055,-0.7086759,-0.37504587,0.2538263,-0.4386628,-0.20713782,0.27858353,-0.4423469,-0.44452676,0.47628844,-0.4245902,-0.84975827,-0.7548368,-0.021896735,-0.48782867,-0.45284888,-0.06269346,0.22502176,0.17567503,0.07932022,-0.88519937,-0.57342553,-0.6352752,-0.52702904,0.0693157,0.4780324,-0.57220775,-0.72340816,0.75942904,0.16987456,-0.61773014,-0.61008185,0.51673293,0.5925821,-0.4086909,-0.13076365
315,0.19064914,0.12933542,0.015775032,-0.4209597,0.1818541,0.34755147,-0.33947796,-0.06709474,-0.1330381,0.32911512,0.5270511,-0.18125004,-0.42048997,-0.17907548,0.3013148,0.03893323,-0.10372704,0.14404123,-0.13112068,-0.28609842,0.09046431,-0.032244384,0.43544543,0.063621804,-0.3838598,0.2212937,-0.09750545,0.07132575,0.10138255,-0.31030613,0.019787405,-0.38026977,0.004789876,-0.1329884,0.08159577,0.3838367,-0.23141307,-0.15537614,-0.40023977,0.17262708,-0.26067698,-0.13851732,-0.44275314,0.31817707,0.08201911,-0.39597398,0.24347326,-0.25847143,0.23670533,0.29346988,-0.04231721,-0.58665425,-0.22046423,-0.44638604,0.28749493,0.23785378,0.40122044,0.16347872,-0.34315777,-0.039676428,-0.03610319,0.22910541,-0.20056194,0.2635156,-0.016712964,0.49511236,0.24624641,0.05102174,0.36278835,-0.21271801,0.40481937,0.17373338,0.36074138,0.3663096,0.33636418,0.14672697,0.020005865,0.43533263,0.51758707,-0.2732662,0.3149575,0.36417475,-0.29190767,-0.06731492,0.48206857,-0.1504206,-0.14787751,-0.037641227,0.43364835,0.08683152,0.039224323,-0.05145234,0.1783438,-0.23641485,0.4111232,-0.032520056,-0.44484013,-0.21185064,-0.18300474,-0.21142513,-0.36707675,-0.14021909,0.43869078,0.1234633,0.20610416,0.019267377,0.26321077,0.3464852,-0.044666886,0.04374397,-0.37214357,0.42167798,-0.3056221,0.5152334,-0.3596819,-0.1459527,-0.038478673,0.14124148,0.11023443,-0.09738994,-0.013261199,0.23987521,-0.09817803,-0.05344045,-0.1710608,-0.14353305,-0.03275305,-0.46752757,-0.44157228,-0.28531742,-0.08201089,-0.022587582,-0.33734736,0.22065483,-0.0073420256,-0.123489924,0.03357352,-0.31826404,-0.2829062,-0.11638532,0.24238878,0.41616377,-0.14911875,0.28578475,0.09739268,-0.23480245,-0.51463187,0.5824521,0.09305776,0.1173012,-0.27824298,-0.02460203,-0.015551046,-0.030157551,-0.031732388,0.11733203,-0.07578209,0.25516504,0.2248857,-0.04730296,-0.09042622,-0.34862137,0.5655036,-0.35776025,0.24217784,0.23475122,-0.24676268,0.477324,-0.0507821,-0.09678433,-0.10443674,-0.29339516,-0.14220022,0.5668419,0.19271848,0.09408334,-0.08964601,-0.10551157,-0.1481875,-0.23023248,0.047079347,-0.4830003,-0.35967,0.1468455,-0.1603409,-0.0813065,-0.09024438,0.17344062,-0.09685906,0.13329746,0.31927192,0.5907649,-0.06372907,-0.010448083,-0.5708248,-0.33453354,-0.2994268,0.33200642,-0.08808841,0.13547294,-0.10389251,0.07190729,0.16089918,-0.24413207,-0.4855018,-0.16934551,-0.17427532,-0.21893586,0.41113704,0.74243456,0.20104893,0.25193927,0.41553748,0.12527408,0.7190198,0.12400161,-0.30985764,-0.29124686,-0.047171205,0.0818754,-0.29205564,-0.31400263,-0.054922402,0.21938162,-0.4204558,-0.015331084,0.15821803,-0.4306708,-0.44190598,0.040585726,-0.046931975,-0.57338876,-0.63868296,-0.2386203,-0.31751856,-0.39105576,-0.109976545,0.091934435,-0.08281778,0.11034918,-0.32459542,-0.4460159,-0.49675113,-0.1459379,0.34149215,0.17615078,-0.1606105,-0.6510013,0.37224966,0.22505341,-0.33868593,-0.0845836,0.19608581,0.39042452,-0.11402483,-0.2015548
316,0.11333163,0.06905232,-0.0072135925,-0.19442403,0.07478251,0.038564097,-0.15662551,-0.052630365,-0.11550331,0.1348579,0.26605758,-0.11889511,-0.2355051,-0.13040948,0.17147946,0.014124875,0.018046916,0.020076897,-0.059523165,-0.1422838,0.04577536,-0.086477876,0.23314464,0.030463036,-0.1747933,0.13940184,0.008436209,0.09030533,0.04554233,-0.18724644,-0.031389534,-0.21912938,-0.042446434,-0.085995376,0.033099107,0.17080808,-0.13073128,-0.0977512,-0.17709303,0.07887942,-0.1554718,-0.078585446,-0.22902304,0.04015501,0.06889896,-0.251194,0.095534675,-0.076474786,0.025638606,0.18900101,0.033747382,-0.2954877,-0.17017728,-0.23417908,0.08674525,0.0988651,0.18747291,0.11086018,-0.11907691,-0.06035191,0.0029322084,0.091730066,-0.103980124,0.15765421,0.0052543473,0.06550139,0.16592412,0.03698599,0.13085432,-0.16513401,0.18278931,0.018365456,0.16302808,0.21353702,0.086957045,0.06495024,-0.041021228,0.2193525,0.20732501,-0.073946,0.21005139,0.16577853,-0.105829895,-0.033760726,0.24159636,-0.03305596,-0.0657683,0.0147211095,0.22373125,0.060939375,0.016509296,-0.06582475,0.0895422,-0.1145491,0.12975886,-0.029619217,-0.2872615,-0.016358495,-0.049937487,-0.18371391,-0.20063746,-0.08710903,0.12764932,0.103767514,0.08827825,0.025375556,0.10386226,0.15026194,-0.022376359,0.037033886,-0.0895673,0.18993793,-0.1917404,0.21006808,-0.1720221,0.06620629,-0.09111464,-0.047683418,0.18132384,-0.07693565,-0.026793182,0.049035907,-0.022494435,-0.023820102,-0.12151271,-0.05667281,-0.036539555,-0.17399198,-0.20419313,-0.62180644,-0.24717835,0.09574939,-0.4166782,0.01779645,0.16306382,0.11855893,-0.35018682,-0.72623706,-0.7539794,-0.3508053,0.2772214,0.29368156,-0.645023,0.39928508,0.161211,0.008452021,-0.7150873,0.47098216,-0.41770437,-0.060243547,-0.71494895,0.09611383,0.15475279,-0.19976172,0.06201399,0.18210435,-0.031923033,0.42486238,0.387993,0.058037717,-0.09498428,-0.26555794,0.7185142,-0.49050698,0.47552565,0.29610997,-0.29711458,0.46769357,-0.04305619,-0.3889776,-0.0861184,-0.28647852,-0.66840565,0.43817845,0.57532865,-0.3222361,-0.28590158,-0.5360899,0.13208432,-0.64223707,0.27227867,-0.65525776,-0.47200578,0.42023477,-0.4222438,-0.09568044,-0.024338245,0.1125577,0.22226785,0.13684747,0.6056669,0.79886866,-0.23301928,0.30705217,-0.3509343,-0.04714597,-0.24378847,0.64889836,-0.5221206,0.25656036,-0.084877655,-0.19030553,0.15457125,-0.57273644,-0.66244525,-0.19099659,0.1408298,-0.4825313,0.43294394,0.8980381,0.1012748,0.23218697,0.3736185,0.062422715,0.79915863,0.47379896,-0.84479994,-0.72674745,0.22218962,-0.17470068,-0.60400796,-0.4905369,-0.0009913594,-0.046855614,-0.54562306,-0.14704925,0.047741123,-0.2942977,-0.32389855,0.44530028,-0.35839778,-0.908866,-0.97218686,-0.31299767,-0.24927656,-0.31838018,-0.15470563,0.2599448,0.037166968,0.39442626,-0.78960335,-0.33895516,-0.5367223,0.05200918,0.3893043,0.5701714,-0.3357023,-0.65138286,0.28189468,0.20181477,-0.27504227,-0.42844447,0.034398854,0.20438243,-0.20765,-0.3499427
317,0.15115465,0.08181808,0.0060635535,-0.2327739,0.10678524,0.056742147,-0.19295484,-0.05238378,-0.15020764,0.1732631,0.322208,-0.14102209,-0.28329092,-0.15900278,0.17861581,0.017407302,0.0098978765,0.020530846,-0.099968135,-0.17030156,0.059316847,-0.092848,0.29003736,0.06369374,-0.22287887,0.17707025,0.022182452,0.11481991,0.07051924,-0.22513217,-0.039004326,-0.2380284,-0.045898974,-0.115104854,0.02405528,0.21647725,-0.1514194,-0.12424004,-0.2265147,0.10075857,-0.17825681,-0.09784198,-0.27463508,0.08956092,0.076792344,-0.2892223,0.12263457,-0.10566741,0.049353797,0.23179014,0.014406864,-0.3612622,-0.21377265,-0.28994817,0.10031726,0.114647396,0.23056431,0.1173177,-0.1533413,-0.07109934,0.0029402347,0.11261693,-0.12015426,0.17994253,0.004628186,0.08120877,0.2158084,0.046440482,0.1770403,-0.1833061,0.2208355,0.0424425,0.21048774,0.26362938,0.1033024,0.10551059,-0.0473817,0.27407634,0.25359806,-0.108757734,0.24567197,0.20564905,-0.13563424,-0.05371499,0.2909894,-0.057121098,-0.07648212,0.00048905937,0.26118538,0.0716133,0.011075516,-0.073929965,0.11332001,-0.14550722,0.17666204,-0.0548169,-0.34019572,-0.024692535,-0.051121473,-0.2078337,-0.23386723,-0.11167145,0.16926827,0.12182929,0.13196753,0.019659443,0.13672048,0.18248117,-0.023178339,0.040237807,-0.12061995,0.25862393,-0.22650898,0.27568433,-0.20040601,0.057188928,-0.07521254,-0.039364755,0.23560472,-0.09500849,-0.03783959,0.0760414,-0.03916949,-0.02903831,-0.15841329,-0.07005876,-0.061445415,-0.22705007,-0.37329686,-0.6495674,-0.09762793,0.35730138,-0.50962836,0.1390961,0.42833203,0.33578408,-0.33125493,-0.5151395,-0.32725015,-0.25002247,0.23385653,0.6531482,-0.49836716,0.7015848,0.18956655,-0.0062209778,-0.7812169,0.48422608,0.010205042,-0.01587376,-0.5706431,-0.23101869,0.32133672,0.10302356,0.40726364,0.12045984,-0.08639034,0.38371104,0.27987105,-0.16788782,0.03186324,-0.31139714,0.40654942,-0.33588302,0.3371222,0.45886073,-0.40192956,0.56607515,0.06802487,-0.69311076,-0.33787626,-0.26775545,-0.61580324,0.7018162,0.42485502,0.09489399,0.087278195,-0.28822464,-0.09202773,-0.4033136,0.12284754,-0.68796813,-0.6079651,0.27309385,-0.44791278,0.17422776,-0.2508913,-0.023349378,0.25008568,0.15760003,0.5695422,0.59477484,-0.042407073,0.30440533,-0.53114337,-0.25288793,-0.3294961,0.7783145,-0.34498692,0.017766327,-0.016366985,-0.31516388,0.1711704,-0.1563269,-0.40201643,0.07596059,0.15063088,-0.44564807,0.232068,1.0022745,-0.013461754,0.34901217,0.32525098,0.2581323,0.9828987,0.1332287,-0.66209805,-0.567682,0.16121253,-0.006297365,-0.6682065,-0.5840304,-0.19757538,0.13748163,-0.38343552,-0.25569022,0.15076517,-0.2952625,-0.35242066,0.14006938,-0.41112322,-0.4361205,-0.7144283,-0.22023354,-0.15236157,-0.47046652,-0.008291626,0.27158988,0.18191864,0.10906767,-0.4976285,-0.5840512,-0.36866152,-0.18743855,0.16429375,0.565593,-0.48535478,-0.6066579,0.54488665,0.026579857,-0.4299679,-0.2565958,0.24994174,0.31036863,-0.5718269,-0.34467924
318,0.6227197,0.4900847,0.4149638,-0.716454,0.47802386,0.65840787,-0.5820875,0.14027059,-0.5700998,0.55939835,1.3498042,-0.6079413,-0.64667946,-0.4448843,0.08376542,0.20960362,-0.4009025,-0.020921052,-0.5804558,-0.32848054,0.47885433,-0.22810948,1.2472249,0.6272405,-0.763523,0.7396347,0.2630772,0.69322276,0.6218516,-0.6111902,-0.1869834,-0.15259397,-0.33615196,-0.48131502,0.13541818,1.0286632,-0.32661575,-0.56502503,-0.58276284,0.32977757,-0.47364378,-0.6166816,-0.7227653,0.6552206,0.22129638,-0.6476314,0.6294188,-0.55630326,0.37109768,0.9515483,-0.1607213,-0.8417006,-0.7573488,-0.73490226,0.10382343,-0.13506389,0.75800276,0.5308327,-0.5545546,-0.20536554,-0.15587556,0.60914916,-0.32852048,0.3428359,-0.043378532,-0.04121077,0.9901448,0.32640094,0.89291924,-0.34294736,0.8973122,0.49456352,0.9920669,0.913582,-0.2708326,0.7378718,-0.11801714,0.783128,0.43649626,-0.51061726,0.69276524,0.67006856,-0.40128422,-0.41528726,1.2610965,-0.35655677,-0.23179603,-0.3325262,0.6928293,0.22671856,-0.24265778,-0.18254656,0.46118033,-0.5414095,0.73242277,-0.44240654,-0.84636235,0.31688437,-0.2613986,-0.47595227,-0.65770316,-0.4612707,0.77705157,0.613085,0.6270873,-0.15833503,0.5536089,0.43454432,-0.095740914,0.19646566,-0.569934,1.1745327,-0.62184703,1.4608799,-0.3968469,0.024031999,0.30028564,-0.054709554,1.008253,-0.46475804,-0.33035964,0.29138133,-0.3032995,-0.1760959,-0.5810939,-0.16422093,-0.47588784,-0.76657546,-0.35315624,-0.4105076,-0.21619399,0.44609302,-0.47760588,-0.07493592,0.033777073,0.2308286,0.10187956,-0.36613423,-0.42960224,-0.25241685,0.28776088,0.5229518,-0.5380365,0.55413896,0.004955545,-0.015155751,-0.8437197,0.10857908,-0.13416795,-0.15883224,-0.5398157,-0.20803045,0.16023555,-0.14736903,0.08020099,-0.006923981,0.0991211,0.49168155,0.112274855,-0.21401055,-0.13759555,-0.37739944,0.31613317,-0.6167308,0.20585252,0.30101705,-0.38546517,0.56257707,-0.14085515,-0.5088816,-0.010126337,-0.23380741,-0.3789862,0.38879025,0.47367457,-0.32190508,0.17334138,-0.2566399,0.4289309,-0.07257703,0.33423612,-0.65619546,-0.58364546,0.24955574,-0.3611474,0.13254063,-0.15747286,-0.21272308,0.4415141,-0.112377845,0.25494996,0.6049651,-0.18338098,0.42504865,-0.663999,-0.08173281,-0.16435593,0.47396147,-0.44258165,0.33007294,-0.067895755,-0.22433005,0.2784562,-0.21803999,-0.52603114,-0.020974867,0.041099742,-0.37465847,0.2676506,0.7587421,0.2869697,0.15826032,0.26949438,-0.043378584,0.6685034,0.10415323,-0.3647715,-0.35997438,0.23499718,-0.23094419,-0.3534879,-0.3100109,-0.31790146,0.24784255,-0.22449927,0.046941027,0.085341975,-0.5644789,-0.2119042,0.14903952,-0.40052986,-0.5851647,-0.6278137,-0.08928747,-0.37111813,-0.3232443,-0.20422718,-0.054795913,-0.005933862,-0.19094723,-0.69890803,-0.5183284,-0.1965216,-0.45361015,-0.14884225,0.1913869,-0.21165921,-0.24959019,0.5359813,0.004173549,-0.31014836,-0.49867225,0.34535,0.24292395,-0.4038337,0.002867723
319,0.16608119,0.0909226,0.04025767,-0.28613877,0.11911716,0.16657397,-0.23023021,-0.04023528,-0.12924671,0.19967878,0.3576824,-0.15712523,-0.27857202,-0.13104469,0.15206292,0.042641927,-0.06680477,0.040310834,-0.110066,-0.1767407,0.061212808,-0.053747952,0.3108549,0.08600785,-0.27793676,0.15758842,-0.011109889,0.096308485,0.10693107,-0.22950405,0.008644935,-0.21225661,-0.033121347,-0.1148572,0.06642583,0.2681767,-0.17821264,-0.13961875,-0.25383162,0.12007949,-0.17378467,-0.101759434,-0.31178373,0.16274798,0.043786295,-0.28781468,0.1335608,-0.15091765,0.1360765,0.24838768,-0.026626885,-0.40830737,-0.20469916,-0.31932938,0.13710338,0.14004718,0.273721,0.123777896,-0.20957732,-0.08838558,-0.029028296,0.13401552,-0.13621902,0.15592697,0.0009864788,0.1860958,0.20015374,0.054330025,0.21299332,-0.17924494,0.25579685,0.084132604,0.23019762,0.2657405,0.14297064,0.11493627,-0.036556244,0.27602002,0.2623675,-0.16638833,0.23211396,0.21192914,-0.14043957,-0.062215507,0.3198886,-0.094834626,-0.092044115,-0.043914318,0.28564283,0.050616853,0.035226103,-0.042238355,0.12009117,-0.1701296,0.19965531,-0.08520126,-0.33499068,-0.07267088,-0.0890677,-0.17608535,-0.25293946,-0.09285289,0.2363419,0.09830066,0.15964729,0.0039771697,0.14606279,0.1813515,-0.018665373,0.058526408,-0.22011095,0.30116498,-0.23169357,0.34395456,-0.2205224,-0.020506442,-0.029154062,0.0319383,0.19669133,-0.08204585,-0.04404235,0.089162976,-0.059332013,-0.05761081,-0.14756393,-0.030613124,-0.062173843,-0.302029,-0.4852326,-0.62262744,-0.15041246,0.17226425,-0.6833481,0.22802605,0.38341534,0.042925045,-0.24300945,-0.44545227,-0.77727056,-0.46896148,0.16037188,0.43844244,-0.69498765,0.4159309,0.09060687,-0.15563957,-0.7983257,0.46776867,-0.30129984,-0.24639821,-0.726125,-0.01992175,0.17560104,0.031222075,0.036998495,-0.119397864,0.0052902717,0.3333409,-0.015681613,0.01367861,-0.07060519,-0.30471528,0.4603463,-0.47287333,0.41741422,0.3181072,-0.14212313,0.4573079,0.052418236,-0.3121525,-0.040362567,-0.05372279,-0.5495908,0.62228423,0.64707595,-0.2450384,0.057455488,-0.49368602,-0.030300558,-0.27944487,-0.040076114,-0.58658075,-0.5685084,0.46792555,-0.60389274,-0.058657482,-0.30136648,-0.08367625,0.20065713,0.20129387,0.20307697,0.63408595,-0.37618366,0.07506464,-0.5602298,-0.40150002,-0.08053733,0.434162,-0.24498676,0.16672981,-0.10288897,-0.20944333,0.34374732,-0.26459643,-0.46009412,-0.10241589,0.08938046,-0.43004826,0.25085574,0.7771907,0.32348865,0.20975591,0.5877339,0.27352914,0.96878225,0.39325345,-0.70010924,-0.707692,0.3389374,0.040886644,-0.41877785,-0.26249555,-0.29349086,-0.092726246,-0.44413924,0.019464606,-0.026158243,-0.30960837,-0.4851022,0.085374236,-0.47487497,-0.7515455,-0.5532717,-0.1563729,-0.18256065,-0.4636412,-0.19719869,0.12885208,0.1777572,-0.01629953,-0.4494136,-0.3327355,-0.3870907,-0.14587593,0.039455004,0.27743486,-0.17340702,-0.79927313,0.5640491,0.11591275,-0.34251422,-0.25736454,-0.04933788,0.12772289,-0.17157142,-0.15187205
320,0.14121412,0.0860949,0.010626695,-0.23451495,0.09462209,0.13320881,-0.20775592,-0.062220097,-0.12719786,0.17639323,0.30107424,-0.12325573,-0.2708516,-0.13757813,0.15294415,0.019412747,-0.022141695,0.041539706,-0.09844655,-0.16669095,0.0643148,-0.057938516,0.27245548,0.05859984,-0.23877096,0.14865817,-0.007818222,0.09138648,0.052542094,-0.20502937,-0.012976825,-0.21491247,-0.03609276,-0.099779725,0.03678357,0.22004148,-0.15238547,-0.104500234,-0.24723417,0.10156572,-0.1658693,-0.111824274,-0.27819145,0.12303612,0.073581286,-0.28502542,0.13672768,-0.13001406,0.0942802,0.21506348,0.00030991982,-0.37185955,-0.18024051,-0.28886223,0.12220006,0.12193578,0.21957101,0.12055661,-0.16228014,-0.043888807,-0.021512091,0.11831603,-0.1269198,0.16484705,0.010363445,0.15446344,0.20418647,0.053848084,0.17535178,-0.162548,0.21692286,0.067981094,0.20939814,0.25356084,0.13100843,0.08990831,-0.015839696,0.26640877,0.26281083,-0.12070745,0.22439244,0.19073454,-0.15273893,-0.055755675,0.28346244,-0.074095845,-0.06752354,-0.007364869,0.24568614,0.062813945,0.002695519,-0.04477489,0.11525894,-0.14501303,0.19475797,-0.039607704,-0.32517058,-0.061246812,-0.06156677,-0.17524928,-0.2370863,-0.103804946,0.20325646,0.08824774,0.13019237,0.017449629,0.13355812,0.18867248,-0.01734513,0.047889963,-0.17037308,0.25285107,-0.208224,0.2709152,-0.2070821,0.0004898958,-0.05379969,0.00921348,0.17514642,-0.07144016,-0.0302217,0.10489021,-0.04623878,-0.028818429,-0.13499594,-0.056883514,-0.056632042,-0.25644225,-0.445093,-0.51721543,-0.34426257,0.16403258,-0.5957069,0.18278033,0.25472566,0.31561387,-0.3756772,-0.35248905,-0.3129559,-0.35974583,0.42653915,0.5002396,-0.47195736,0.56759906,0.002937898,0.057116367,-0.6944782,0.5498562,-0.26668736,0.20231116,-0.46651778,-0.27272028,0.25741926,0.05498513,0.29945236,0.07683337,0.058084194,0.65918684,0.38198614,-0.113216475,0.14882746,-0.28240365,0.6400612,-0.25254744,0.015636504,0.17762797,-0.0731764,0.4280786,-0.33953324,-0.3921729,-0.24778393,-0.049503483,-0.3124585,0.728301,0.36564118,-0.28863296,-0.010402638,-0.11730875,-0.12497078,-0.119728915,0.19400993,-0.56347597,-0.625196,0.27624068,-0.46856734,0.16830972,-0.09960082,0.06396376,0.112817205,-0.103949085,0.4335404,0.6566546,-0.1147733,0.05741693,-0.5230373,-0.19453749,-0.17167844,0.5341478,-0.23504655,-0.019187927,-0.2528848,-0.2593197,0.31717888,-0.33200037,-0.2389119,-0.21019684,0.1275669,-0.58388054,0.4342373,0.75555813,-0.00706831,0.120609775,0.1841914,0.031738605,0.84596187,0.34583053,-0.39950383,-0.72723496,0.3153712,0.18282206,-0.33324572,-0.34278765,-0.3060394,-0.13260579,-0.3353046,0.05196935,0.10073531,-0.19851366,-0.45870787,0.21069163,-0.18157583,-0.78886116,-0.8528792,-0.444468,-0.16645497,-0.48286563,-0.12499272,-0.03373192,0.044294283,0.2288661,-0.38635832,-0.5058247,-0.337268,-0.058118448,0.28859565,0.22477025,-0.34177676,-0.39567965,0.26126078,0.3510727,-0.54752153,-0.090108804,0.32768086,0.3195132,-0.41867498,-0.37752652
321,0.37879044,0.15720552,0.11082209,-0.4801681,0.16452962,0.36927778,-0.3773719,-0.09848374,-0.23534226,0.3857871,0.60360205,-0.27775884,-0.469981,-0.22537708,0.22741322,0.013823575,-0.21348113,0.1162187,-0.19099712,-0.3132748,0.10339541,-0.01864469,0.593245,0.122159585,-0.4002152,0.3227735,-0.040434003,0.072263435,0.12181887,-0.3426901,0.077653214,-0.29087454,-0.05302483,-0.20706713,0.10622666,0.42371386,-0.30947137,-0.24326706,-0.43222296,0.17579544,-0.31553853,-0.22423518,-0.5016663,0.28976217,0.1424039,-0.44096106,0.29683957,-0.32612002,0.26611793,0.4805722,-0.061698794,-0.63613653,-0.3002985,-0.5008179,0.17556494,0.18839699,0.44355384,0.2221497,-0.36197776,-0.14396769,-0.06330961,0.27317083,-0.20993304,0.27571374,-0.011417568,0.3810165,0.38509458,0.16704151,0.4227237,-0.24208134,0.4409696,0.21243587,0.47374287,0.48040307,0.27893338,0.23512737,-0.10564458,0.5516824,0.48094195,-0.25934494,0.4048178,0.37421864,-0.30417633,-0.122395515,0.5721426,-0.11922109,-0.10329956,-0.10481858,0.45505643,0.14351684,0.008251446,-0.07062,0.24335103,-0.29650754,0.43665528,-0.08380145,-0.5361547,-0.13252562,-0.17651671,-0.27630776,-0.4262886,-0.19924909,0.4949494,0.21426271,0.31411076,0.001495472,0.3007475,0.38319764,-0.055012465,0.16791326,-0.42060643,0.58386457,-0.37382627,0.58206636,-0.30675834,-0.040413737,0.03164592,0.03929942,0.27232382,-0.08189559,-0.023429632,0.18103024,-0.13052958,-0.096437395,-0.29392833,-0.036063254,-0.03519535,-0.49526018,-0.15047193,-0.399236,-0.2590287,0.069651395,-0.118082434,0.22435749,0.34682333,-0.10927732,-0.15664458,-0.27850693,-0.4625507,-0.4060815,0.3792341,0.5678923,-0.42258552,0.4957332,0.16529363,0.0841584,-0.28688106,0.40022993,-0.13328838,-0.15823698,-0.31651708,-0.057228945,-0.1117196,-0.18463665,0.2990203,0.10532732,-0.07254752,0.5136131,0.22655448,-0.19636708,-0.14066562,-0.14112875,0.263876,-0.40603155,0.29078186,0.25005323,-0.016864037,0.39148083,-0.27050182,-0.35556853,0.10858963,-0.32944658,-0.20147808,0.32060933,0.235392,0.017316565,-0.019349352,-0.02096898,-0.28132161,-0.44277865,0.2630065,-0.53963065,-0.32089138,0.3394536,-0.30333647,0.05869644,-0.28802466,0.33543342,-0.16571617,-0.0022711419,0.4054807,0.29703063,-0.033593796,0.051458225,-0.4878516,-0.21307947,-0.3826936,0.5566272,-0.12818988,0.014757104,-0.3622152,-0.16288069,-0.041380983,-0.1608225,-0.13895005,-0.14762108,0.10824114,0.008995809,0.08861717,0.6915888,0.33002996,0.2287135,0.47971702,-0.037480917,0.36709577,0.10329312,-0.23587312,-0.22895113,0.014407478,-0.0977192,-0.13207531,-0.17539518,-0.15238106,0.18269685,-0.018231288,-0.0042172587,-0.08989382,-0.4216477,-0.026810959,0.25864697,-0.45346332,-0.5909346,-0.5072042,-0.052173622,-0.08439254,-0.36202395,0.16637535,0.19463547,0.11762045,0.113640316,-0.16879185,-0.58876646,-0.28539452,-0.33706304,0.10730677,0.29941848,-0.06207692,-0.40737313,0.30494303,0.06764693,-0.4280419,-0.04839255,0.2039511,0.19616924,-0.36150655,-0.36667028
322,0.6999363,0.50555766,0.43711412,-0.7422348,0.48851568,0.7055286,-0.60428536,0.11688454,-0.5856855,0.6149013,1.4259093,-0.6271017,-0.68116915,-0.46582764,0.10839459,0.19170338,-0.43027234,0.0022466984,-0.59295994,-0.36596513,0.48575374,-0.21449888,1.3379618,0.6378089,-0.7741967,0.79294616,0.25380418,0.6806878,0.6203388,-0.62982047,-0.16730207,-0.18381196,-0.33730406,-0.49863094,0.14282084,1.0740088,-0.3648916,-0.57763755,-0.61557823,0.3437173,-0.5056453,-0.6332487,-0.7500559,0.6908816,0.25206745,-0.67365897,0.6758856,-0.5879283,0.4035673,1.0299964,-0.16968042,-0.8639573,-0.7667712,-0.76001656,0.1133077,-0.11813635,0.8130824,0.56085366,-0.58156466,-0.21679384,-0.15707648,0.64888936,-0.3471424,0.38859957,-0.047236443,0.0120654125,1.045603,0.36262286,0.9541775,-0.3534906,0.94519246,0.5256642,1.0737805,0.979157,-0.23530626,0.77642393,-0.14218003,0.87693965,0.5025624,-0.52622664,0.74545026,0.7185874,-0.43914074,-0.42398828,1.3321524,-0.35629988,-0.23626441,-0.3439399,0.7455883,0.26263535,-0.24731487,-0.19003546,0.50656384,-0.5644355,0.80606896,-0.43955344,-0.86259866,0.2990771,-0.28278446,-0.49745524,-0.6829824,-0.4840904,0.8543675,0.653376,0.6801683,-0.15738505,0.6050716,0.49962354,-0.107764006,0.23293123,-0.6082167,1.2595077,-0.64667886,1.5283067,-0.41771573,0.02956894,0.312361,-0.059509218,1.0332891,-0.45999938,-0.32376182,0.31939602,-0.31935996,-0.18415487,-0.60749745,-0.16632521,-0.46579397,-0.7870595,0.10252958,-0.034770925,-0.23495287,-0.17717555,0.17916039,-0.026351728,0.285133,-0.21812645,-0.17856304,0.054405037,0.08896595,-0.09983532,0.022640001,0.29463735,0.13600157,0.09808031,0.2905628,0.11932954,-0.2117788,0.19923931,0.056579705,0.046829686,0.11043448,0.1506438,-0.20291165,0.08954371,0.03790384,0.05392459,0.15604521,0.19637412,-0.19591065,-0.28936148,-0.17897359,-0.23293361,-0.12695387,-0.19887008,0.09403482,0.001219927,0.15844913,0.13187455,-0.22407243,0.13924004,0.25203532,-0.11133219,-0.1826594,-0.049443502,0.04333081,0.25270993,0.009916395,-0.052152302,-0.26521248,-0.14457159,0.01754355,-0.07666942,-0.23032816,-0.12873118,-0.17478475,-0.055731215,-0.094015956,0.33416316,-0.25327364,0.06536441,0.042844575,-0.03987913,-0.13027354,-0.10153514,-0.11687267,-0.013847379,-0.070113316,0.21155289,-0.08304436,-0.10920023,-0.19215235,0.03420045,-0.210763,0.19998544,0.015408382,-0.20548959,-0.123646,0.25499043,-0.16133572,0.25690675,0.2857709,-0.10494565,0.29371932,0.09356777,0.07651353,0.1716231,-0.06992773,-0.022905715,0.1172628,-0.019849775,-0.008316035,-0.08003141,0.029530471,-0.18697146,0.0024400786,0.20556997,-0.12453532,-0.19962716,0.21834189,-0.1007863,-0.20012188,0.0035154507,0.06403784,0.0048150755,0.23143703,-0.112886876,0.067535385,-0.1927338,0.04501482,0.19473867,-0.08969598,-0.33613133,0.05240952,-0.12765361,0.022041056,-0.12597452,-0.06291588,-0.16480777,0.057024717,0.007939269,-0.1160177,0.19870718,0.22484906,0.2887247,-0.2102603,-0.2034491
323,0.14407824,0.07827905,0.032187212,-0.23637843,0.09810382,0.10994126,-0.19502664,-0.048603654,-0.13343847,0.15888368,0.30241585,-0.13824874,-0.2595027,-0.13154143,0.14479512,0.019124895,-0.029298544,0.029660631,-0.098401785,-0.15541375,0.05538141,-0.06479329,0.27485618,0.053768735,-0.23099375,0.16214846,0.00047300558,0.10019533,0.06559011,-0.2041595,-0.0244869,-0.197541,-0.037865877,-0.10902578,0.045114957,0.20923202,-0.14890546,-0.121879935,-0.21575356,0.096892744,-0.16701442,-0.104492545,-0.2742291,0.101450175,0.075558916,-0.26196408,0.11789791,-0.12377626,0.08277552,0.22478785,-0.0026649237,-0.3580649,-0.19434994,-0.27253217,0.105428115,0.10230158,0.21489874,0.11993112,-0.15629268,-0.06115085,-0.017768025,0.10807327,-0.11691624,0.14977157,0.0024441995,0.11561707,0.20151275,0.0503322,0.17720878,-0.15724021,0.21153964,0.06350527,0.20067947,0.25203076,0.10000713,0.09598959,-0.04103881,0.24740578,0.21904713,-0.114449084,0.21488461,0.18808796,-0.13186026,-0.052121937,0.2787611,-0.07064986,-0.077343225,-0.017802715,0.23769669,0.06479451,0.010728262,-0.05305761,0.10919018,-0.14947402,0.17517453,-0.050807476,-0.3178056,-0.03396368,-0.07057941,-0.17653978,-0.23591805,-0.105311275,0.17855021,0.10565253,0.12934317,0.0064965547,0.118978426,0.16900313,-0.021740139,0.047432616,-0.16607475,0.2489701,-0.21300346,0.2725308,-0.18310457,0.013147654,-0.051469743,-0.01656884,0.18077052,-0.07552469,-0.03354138,0.07407002,-0.04960972,-0.03431964,-0.1415894,-0.04677081,-0.060619473,-0.23532087,-0.5071532,-0.31303895,-0.40517706,0.09003315,-0.43291417,0.21926534,0.123209976,-0.05562388,-0.17407207,-0.28529334,-0.6725517,-0.5843758,0.06989294,0.36549407,-0.4458368,0.5700558,0.016348138,0.13781795,-0.4957948,0.3770028,-0.21302453,-0.15416932,-0.38256714,-0.3605031,0.08948966,-0.17677395,0.15344226,-0.123957776,-0.035632078,0.35892475,-0.08685162,-0.25486106,-0.16511609,-0.1956232,0.5981192,-0.4063794,0.49261406,0.13751951,-0.058858894,0.6100422,-0.22302695,-0.09252456,-0.1824348,-0.19258825,-0.53687435,0.37599906,0.3162731,-0.21206874,-0.18942922,-0.22288209,-0.25147364,-0.23135297,-0.076783255,-0.64358467,-0.5338,0.30418444,-0.2623095,-0.18040106,0.095637396,0.1169521,0.21641868,0.12878828,0.27101108,0.4821676,-0.231229,0.36657098,-0.45948854,-0.289285,-0.3274865,0.38521537,-0.3243246,0.29656917,-0.38527647,-0.26092446,0.25957206,-0.42839965,-0.3891921,0.031206354,-0.08183049,-0.49706918,0.4962734,0.8215913,0.21334338,0.22103295,0.5912285,0.3553123,0.72524065,0.20926076,-0.7446823,-0.6645729,0.0027904212,0.3479713,-0.42335492,-0.1478106,-0.19836608,0.14310524,-0.23317672,-0.07574709,0.16924639,-0.4230237,-0.40472007,0.14739132,-0.41741553,-0.5463664,-0.5095452,-0.04308788,-0.15021674,-0.18840146,-0.16315274,0.120617926,0.25600162,-0.00032173097,-0.2448736,-0.43967414,-0.46592566,-0.10724616,0.011207342,0.18547058,-0.17277543,-0.6048411,0.27291095,0.1661096,-0.18945877,-0.093139246,-0.14322437,0.10197439,-0.35776466,-0.101670496
324,0.07864574,0.03797219,-0.10771251,-0.12037164,0.08065846,-0.2148596,-0.11310977,-0.076738894,-0.1245693,0.1366499,0.24993752,-0.07880503,-0.28131533,-0.1961531,0.32637578,-0.024540305,0.23518825,0.010320314,0.015230534,-0.18552172,0.019451812,-0.17555988,0.21958491,-0.023486555,-0.03642434,0.16199487,0.0723253,0.10071017,0.017598433,-0.21653229,-0.10789722,-0.36281013,-0.05167359,-0.08195627,-0.019529462,0.11934091,-0.13686448,-0.05815357,-0.13220257,0.08157194,-0.18315393,0.04745964,-0.16972274,-0.10450661,0.07178782,-0.2990873,0.032093205,0.06469637,-0.13402241,0.1730077,0.124927044,-0.21579343,-0.16608137,-0.1959734,0.098602444,0.16920243,0.19250938,0.101845905,-0.032245636,-0.05949104,0.09895873,0.043800168,-0.085018694,0.24537337,0.018302754,-0.050748646,0.1434559,-0.0019866228,0.05259351,-0.23273158,0.14246058,-0.119505644,0.100642666,0.24618974,0.1308298,0.03253644,-0.056930363,0.2728136,0.2775944,0.009905004,0.29805583,0.21498516,-0.07916224,0.004972992,0.20567137,0.043186598,-0.07633197,0.1154247,0.26275674,0.07710221,0.04686532,-0.107637644,0.09207068,-0.083960414,0.082691595,0.04090715,-0.28841025,0.023057226,0.023002615,-0.28247035,-0.16265476,-0.094421625,0.025148023,0.12788159,0.05356731,0.084888466,0.11230248,0.19146648,-0.02704215,-0.0073200464,0.13071865,0.12804426,-0.19940776,0.08856526,-0.22793537,0.22485368,-0.22815382,-0.14170659,0.29751465,-0.10726869,-0.01553911,0.026662378,0.05837024,-0.0029155016,-0.14244944,-0.11102855,0.0028826552,-0.005948484,-0.4727456,-0.80161005,-0.18063612,0.40152648,-0.7788993,0.06974708,0.39051875,0.059932042,-0.35576728,-0.76301146,-0.76308674,-0.616035,0.31331396,0.6283191,-0.65900934,0.60723865,0.18771474,-0.16759066,-0.9765145,0.7706675,-0.14665467,-0.09480965,-0.7719634,-0.3132021,0.09896138,-0.12842639,0.36409673,0.1283728,0.07747197,0.589321,0.30589005,-0.15426563,0.03777735,-0.37279326,0.6181809,-0.40076318,0.5216024,0.23102841,-0.34909773,0.6522771,-0.044152714,-0.51758343,0.019280046,-0.2870189,-0.5235141,0.5981225,0.6696331,-0.24883036,-0.22387788,-0.6041101,0.11701703,-0.55168205,0.09449487,-0.6275204,-0.699723,0.40527734,-0.68868417,0.03784837,-0.40046713,0.029477566,0.13058704,0.26256448,0.58991313,0.83426523,-0.100073256,0.2860462,-0.5928065,-0.37139517,-0.40961522,0.73118037,-0.6517108,0.3229706,-0.23053743,-0.29728916,0.18371195,-0.3746445,-0.430307,0.009576544,-0.030586846,-0.67353946,0.49707845,1.0180964,0.17903508,0.33086026,0.50634795,0.12269279,1.0859689,0.5010676,-0.79208314,-0.9253218,0.20376205,0.0657231,-0.6117755,-0.6404729,-0.29558218,-0.023026394,-0.5047232,-0.23923591,0.28026927,-0.47219354,-0.5323987,0.23777333,-0.47945586,-0.8963493,-0.95201665,-0.3151856,-0.4426979,-0.54583555,-0.34419975,0.034022287,0.2714188,0.19126233,-0.9081163,-0.6396304,-0.5967856,-0.3573631,0.1521664,0.50709677,-0.40709403,-0.95337224,0.47800714,0.23436497,-0.5860743,-0.3806592,0.35936305,0.31365377,-0.36718127,-0.10125066
325,0.08255994,0.040637255,-0.09947282,-0.1293332,0.08266097,-0.19604349,-0.11899525,-0.072978854,-0.12471646,0.1390723,0.25678784,-0.08616203,-0.28185123,-0.19279659,0.3194819,-0.022129118,0.2209005,0.012694089,0.009278947,-0.18653452,0.023432536,-0.17139941,0.22828537,-0.020427048,-0.050578177,0.16104692,0.06668749,0.0935552,0.02191335,-0.22014964,-0.10213381,-0.35744762,-0.049189568,-0.085537255,-0.015150368,0.12827174,-0.13895577,-0.058540225,-0.13836133,0.08440337,-0.18481165,0.03804449,-0.18130708,-0.0911814,0.075058,-0.2996832,0.038998935,0.050278023,-0.122733235,0.17912541,0.11909919,-0.22828299,-0.16937953,-0.20206136,0.10159275,0.16798551,0.19549851,0.1070229,-0.0450328,-0.06166607,0.0930581,0.046138003,-0.08862966,0.24201235,0.016859246,-0.03718877,0.14445475,-0.0017697215,0.063155,-0.2278986,0.14843433,-0.11095041,0.10649921,0.24743211,0.13340066,0.03630234,-0.05538422,0.27257574,0.27768525,0.00096760935,0.29384392,0.21379413,-0.083617926,0.0021595713,0.21354479,0.035729047,-0.07813358,0.107836105,0.26515463,0.079032704,0.04599909,-0.10381198,0.09144424,-0.087159514,0.086866856,0.039185334,-0.2927398,0.020311896,0.016238885,-0.2760811,-0.16853344,-0.094298184,0.035345566,0.12689611,0.057488464,0.08129674,0.11105473,0.19074613,-0.02611512,-0.00042796135,0.10658604,0.13818535,-0.20292282,0.101178765,-0.22664148,0.21318671,-0.21761394,-0.13416392,0.29019803,-0.10552806,-0.018017054,0.032626662,0.05289902,-0.0049640536,-0.14324415,-0.10601014,0.001689572,-0.025726438,-0.5219054,-0.71616703,-0.38720244,0.5349849,-0.78554225,-0.052842513,0.23360443,0.21894433,-0.30337733,-0.626976,-0.79887915,-0.57507944,0.47967657,0.708203,-0.91660404,0.65316564,0.11328049,-0.2544111,-1.2829021,0.71472216,-0.34331816,-0.041654244,-0.8218034,-0.20926009,0.15573624,-0.3316576,0.4034222,-0.042755768,-0.00031046197,0.6661391,0.30856186,-0.13777126,-0.12727532,-0.71345055,0.71371126,-0.63747543,0.43708158,0.29180405,-0.48907617,0.7153646,-0.058813922,-0.5075548,-0.042975694,-0.335581,-0.60888433,0.86800236,0.77411336,-0.22653468,-0.12015873,-0.55349433,0.25624892,-0.62616944,0.42903093,-0.8083864,-0.6307408,0.25482646,-0.72719103,0.21621196,-0.32216948,-0.18528533,0.3073415,0.039536357,0.5277993,1.0279031,-0.1344941,0.32769808,-0.84678084,-0.14428852,-0.3422544,0.8161007,-0.79997647,0.38393086,-0.12723364,-0.3171132,0.32351857,-0.5176838,-0.6463624,-0.009815142,0.12299269,-0.6420265,0.5051933,1.1074649,0.26890007,0.25112668,0.42696476,0.24279575,1.3308767,0.51562864,-0.9170744,-0.99556273,0.4608054,-0.060840674,-0.55394495,-0.5979027,-0.26640993,0.17318594,-0.48847798,-0.056994632,0.20751211,-0.493662,-0.62003636,0.49152666,-0.5027074,-1.0371,-0.94656706,-0.13375339,-0.5543008,-0.39179495,-0.2752694,0.17427595,0.15789458,0.16950414,-0.9994667,-0.5913857,-0.73073167,-0.41706815,0.10594566,0.42444646,-0.5880872,-0.9076042,0.766521,0.12022138,-0.6062172,-0.59169817,0.4822043,0.38154382,-0.36470228,-0.083168894
326,0.7454932,0.4947096,0.42750734,-0.7541749,0.48146808,0.7352055,-0.6169065,0.07740454,-0.57933855,0.6638986,1.4549124,-0.6275501,-0.7016711,-0.47134125,0.15501033,0.17392893,-0.43714917,0.03250509,-0.58200943,-0.4005875,0.46207908,-0.19420189,1.3706558,0.6142989,-0.7726739,0.8026108,0.2162397,0.63214505,0.59446645,-0.6363772,-0.13206637,-0.2406807,-0.31752533,-0.496907,0.1546655,1.0882914,-0.40418756,-0.57146084,-0.639374,0.35873097,-0.5227816,-0.6231346,-0.76467943,0.70388246,0.26358175,-0.68919474,0.68812263,-0.5982718,0.43868548,1.0679789,-0.17184752,-0.87514794,-0.7569851,-0.7731963,0.14895713,-0.054964602,0.859962,0.5674594,-0.59589136,-0.23103017,-0.15651494,0.65878075,-0.36200267,0.42969766,-0.04495728,0.111093834,1.0479944,0.37330785,0.97530067,-0.3729061,0.9666228,0.5300879,1.1048917,1.0133016,-0.1507284,0.7637064,-0.15886271,0.9454506,0.5829198,-0.5300801,0.78230894,0.7461425,-0.46046817,-0.4125234,1.3559166,-0.3469115,-0.23909748,-0.3362428,0.79896176,0.27721775,-0.22290486,-0.19002604,0.53069025,-0.5713799,0.84567523,-0.4218772,-0.86484075,0.23297766,-0.2983827,-0.50853425,-0.69508255,-0.4821874,0.9027406,0.647544,0.7057223,-0.14417791,0.629224,0.5542305,-0.113765,0.2588518,-0.63244885,1.2988784,-0.65813124,1.5388266,-0.44272584,0.022722246,0.28828543,-0.045526564,1.0110321,-0.43521744,-0.30350745,0.3330868,-0.32061195,-0.19293118,-0.61037785,-0.15311223,-0.4366454,-0.7942684,-0.003638411,-0.26176488,-0.02050407,0.33964846,0.007796958,-0.147914,-0.091180556,-0.072444834,0.25866455,0.027954407,-0.25263074,-0.19645391,-0.0023344643,0.1516488,-0.0061349645,-0.045632794,0.1457222,-0.02670741,-0.46019152,0.087966606,0.11249555,0.014535774,0.067619406,-0.10109686,-0.15352167,-0.24604657,0.3107545,-0.1934928,0.15937947,0.14627935,0.004368989,-0.28430587,-0.22755411,-0.20008689,-0.00012959912,-0.22521983,0.14080852,-0.1284805,-0.08261143,0.41162223,-0.22371666,-0.28995305,0.20790447,-0.045926385,-0.29149225,0.3211005,0.25302792,-0.10378953,0.12448606,-0.031868502,0.27362037,0.12803072,0.28668997,-0.28546527,0.033916563,0.1838099,-0.29608628,0.13833629,-0.15515329,-0.21135622,0.24385051,0.1844744,0.18255584,0.2711407,-0.0072064307,0.23741403,-0.23390943,0.13376094,-0.11041449,-0.047394942,-0.074261494,0.30724484,0.062307227,0.11951024,-0.10644517,-0.06942353,0.04726091,-0.19140507,-0.15879032,0.14566793,0.18407546,0.37779775,0.22701316,0.25996155,0.26008907,0.02771644,0.2364564,0.20082633,0.10181263,-0.27898085,-0.044902973,-0.22952954,-0.11524725,0.11098797,-0.05149393,0.01938286,0.05079904,0.003489256,-0.1719818,-0.3473946,-0.05965389,-0.15457019,0.11017523,-0.36124104,-0.20866184,-0.1961197,-0.31914225,-0.06513281,-0.2457126,-0.19656876,0.102830864,-0.28449404,-0.12265892,-0.34695894,-0.0012130234,-0.14943051,-0.039227374,0.30275968,-0.1455885,0.097304754,0.30259466,0.06339848,-0.14367811,-0.13648482,0.2204307,-0.00022799894,-0.21251708,-0.276023
327,0.07833179,0.037942108,-0.10476923,-0.10663825,0.07398306,-0.17299235,-0.11242247,-0.08624536,-0.12240106,0.123578444,0.22501963,-0.06529236,-0.2657026,-0.18427676,0.296278,-0.014825225,0.2101234,0.011326453,0.010958749,-0.16910619,0.012114121,-0.15571433,0.20272826,-0.02052635,-0.05242932,0.16049735,0.059601817,0.106724925,0.022631621,-0.20161778,-0.09085411,-0.34287655,-0.049028695,-0.08090401,-0.017046452,0.113694206,-0.120416224,-0.044957817,-0.13398474,0.07479181,-0.17061979,0.0376709,-0.15487069,-0.08749288,0.07975141,-0.28123164,0.03476609,0.06140055,-0.11026627,0.16529402,0.11513214,-0.2077632,-0.14923733,-0.1943394,0.099389814,0.16426766,0.18191051,0.081228815,-0.033621013,-0.056111693,0.08397854,0.048186563,-0.083693326,0.2252615,0.018340351,-0.03320515,0.14566867,-0.0011762381,0.05426768,-0.22532386,0.14104384,-0.098888755,0.10025535,0.23094732,0.13827415,0.027385868,-0.045693874,0.2613076,0.25849396,0.011944136,0.2837987,0.19982386,-0.08124006,0.0042694104,0.19135292,0.039295256,-0.06844252,0.11781374,0.24349736,0.06569703,0.048748363,-0.1007092,0.0839703,-0.07872969,0.08456559,0.028949097,-0.27488,0.0018846809,0.020291924,-0.26779813,-0.15307504,-0.09124535,0.03545096,0.10804485,0.046448782,0.08359267,0.10976072,0.19109237,-0.022054672,-0.0068582296,0.10970348,0.117761366,-0.18433815,0.08973461,-0.22170043,0.1962696,-0.21508294,-0.12738705,0.27410245,-0.09583998,-0.004273832,0.02348729,0.05309991,-0.0024343133,-0.12566906,-0.10417777,-0.0020190477,-0.009020388,-0.48084682,-0.69066525,-0.32636195,0.3407541,-0.56236905,-0.048490167,0.28331542,0.32577533,-0.49212,-0.7032173,-0.7160132,-0.67007494,0.503396,0.5752898,-0.62803674,0.5923512,0.21584307,-0.15907449,-0.8723232,0.61892676,-0.16230828,0.13355044,-0.70577425,-0.31481507,0.018988013,-0.02476611,0.124436736,-0.01433143,0.057340913,0.79113376,0.36547428,-0.0058469772,0.041548654,-0.33391866,0.735272,-0.30323878,0.2560917,0.25832012,-0.251654,0.4207876,-0.19910735,-0.37290382,-0.16068041,-0.30665696,-0.49910948,0.8655121,0.7647357,-0.2616528,-0.113782436,-0.3285959,-0.056655727,-0.5458058,0.17453305,-0.60943246,-0.667468,0.41933697,-0.5815058,0.04702209,-0.3799378,-0.02430338,0.20787098,0.19120501,0.3299134,0.95180404,-0.30185717,0.3001498,-0.6680646,-0.35234398,-0.23412068,0.78263897,-0.6368593,0.2922488,-0.20435393,-0.35282686,0.40717697,-0.22741449,-0.5416163,-0.21555199,0.1770329,-0.75765175,0.53247255,0.9156205,-0.008980423,0.2820331,0.4886481,0.07458764,1.1309067,0.4412739,-0.96600807,-0.96448636,0.32781035,0.0694685,-0.4701401,-0.65984005,-0.3304105,0.034586623,-0.5706941,-0.10605793,0.43657643,-0.12878583,-0.62116617,0.43958166,-0.3525552,-0.8514159,-1.0441761,-0.4508386,-0.31383145,-0.48606747,-0.152106,0.24919973,0.10456991,0.47308892,-0.9301121,-0.6558669,-0.48140332,-0.25354642,0.32552424,0.47693557,-0.38487834,-0.8935959,0.5071222,0.12890628,-0.51300544,-0.13861308,0.21023914,0.19742075,-0.460266,-0.17626372
328,0.6165125,0.48065943,0.41734308,-0.7063031,0.4705482,0.6453595,-0.5708337,0.13832226,-0.56726146,0.53250766,1.3285731,-0.606611,-0.6370405,-0.44087803,0.07676971,0.19683558,-0.39404273,-0.02722621,-0.5801819,-0.31430262,0.47505504,-0.23235339,1.2276638,0.6183579,-0.75969756,0.7318835,0.25796753,0.69653547,0.6080145,-0.60436106,-0.19426441,-0.14012384,-0.33771688,-0.47730756,0.117777094,1.0116651,-0.31492758,-0.55920255,-0.5719509,0.31304595,-0.47339422,-0.6213335,-0.7156304,0.6377232,0.23198447,-0.63763505,0.6140524,-0.5511575,0.35695353,0.9425159,-0.15524751,-0.8347837,-0.7572151,-0.7255447,0.086910486,-0.15483463,0.7329987,0.5337705,-0.5427582,-0.19187021,-0.15132862,0.59209305,-0.3214143,0.32694262,-0.041428328,-0.07261586,0.98366594,0.3130224,0.8749163,-0.3332767,0.87784314,0.4881962,0.9789566,0.8959103,-0.29009014,0.73222256,-0.11511403,0.7581427,0.4024929,-0.5008038,0.6715164,0.6534198,-0.3953089,-0.40970916,1.2275009,-0.35330176,-0.22791159,-0.32662964,0.66905487,0.23717421,-0.25004858,-0.17150438,0.44818586,-0.53248096,0.71957505,-0.4357314,-0.8441607,0.33605877,-0.25935608,-0.4700991,-0.65044177,-0.45823133,0.75201154,0.60214984,0.6105715,-0.16429609,0.53824735,0.41907278,-0.091032624,0.189562,-0.5602052,1.1524739,-0.613402,1.4284954,-0.37807477,0.028528713,0.2987437,-0.06546742,0.9965171,-0.46316624,-0.32867664,0.2841622,-0.3050328,-0.16630244,-0.5758518,-0.16932237,-0.4782279,-0.7578649,-0.31268445,-0.23889612,-0.42489395,0.4681583,-0.5668615,-0.17699401,0.14059238,0.16434565,0.045019917,-0.2563836,-0.13749467,-0.3677226,0.5175305,0.5159723,-0.68206966,0.35126576,-0.13870738,0.0044251382,-0.8798528,0.3341606,-0.20668322,-0.11872521,-0.36104947,-0.13834228,0.2540538,-0.15874442,0.45377278,0.007828809,-0.08545522,0.3158814,0.01643619,0.072034806,-0.09811586,-0.50467235,0.624867,-0.4197934,-0.117603496,0.16757417,-0.2752151,0.47893575,-0.058812164,-0.342446,-0.1681175,-0.049653396,-0.27605158,0.61396646,0.39434206,-0.27413994,0.0127476845,-0.46843663,0.40123045,-0.17892087,0.36380202,-0.73753285,-0.62498033,0.19736788,-0.5187981,0.3240513,-0.009297714,-0.14305219,0.30353412,-0.04127097,0.4944977,0.7135184,0.13830605,0.41289732,-0.5296828,0.025456443,-0.16514279,0.43461034,-0.71285313,0.22673239,-0.2210536,-0.06539269,0.273636,-0.15499364,-0.2932096,-0.02142638,0.2843795,-0.12897025,0.360683,0.694249,0.22468714,-0.10005759,0.0347671,0.26366583,0.70350474,0.086419374,-0.432099,-0.5687528,0.46827528,-0.100135185,-0.5215519,-0.4616088,-0.27506894,0.28499994,-0.19382402,-0.22665997,0.32942158,-0.2603588,-0.28308296,0.46394572,-0.2645244,-0.56071925,-0.5940908,0.14012738,-0.45405248,-0.12567402,0.10262858,0.14247832,0.2140883,-0.14372054,-0.39698339,-0.42186084,-0.40208748,-0.5337995,0.07524037,0.27879813,-0.20809053,-0.5171849,0.61863613,0.23268233,-0.38857538,-0.56179076,0.52720815,0.47898623,-0.36242443,-0.16086787
329,0.097220175,0.05864497,0.044699084,-0.24955672,0.11281474,-0.0011843443,-0.14852518,-0.028208852,-0.1279012,0.13254619,0.29073215,-0.09569317,-0.23225373,-0.12591767,0.16838007,0.05002148,-0.024765313,0.0705955,-0.038442194,-0.1561076,0.05984732,-0.11835343,0.2761438,0.060511556,-0.16083723,0.102880485,0.028685536,0.11103919,0.06783212,-0.18597096,-0.035462618,-0.19254214,-0.080354095,-0.07272798,0.01395023,0.2144222,-0.11419994,-0.16865623,-0.16838163,0.022024624,-0.1349492,-0.0887205,-0.17159373,0.09434077,0.057518054,-0.25161898,0.10053185,-0.09952438,0.067882136,0.15483579,0.011080618,-0.3090551,-0.17891306,-0.22134751,0.11562701,0.06162873,0.21363701,0.07943082,-0.1630817,-0.03483486,0.0060063675,0.094465606,-0.07590592,0.118426025,-0.00013685226,0.09057653,0.11175465,0.0144113125,0.15360522,-0.09693897,0.19727904,0.028365148,0.15689345,0.2432681,0.051504463,0.11798186,-0.04711789,0.21263042,0.210464,-0.12086457,0.18440777,0.18340304,-0.13767368,-0.04634446,0.23019944,-0.07913947,-0.08012074,-0.046258807,0.19729881,0.08901986,-0.03629899,0.014963297,0.108021565,-0.13259757,0.22021547,-0.03848678,-0.29485077,-0.056584775,-0.057169735,-0.1550402,-0.17124611,-0.10898763,0.17718306,0.08501959,0.10128947,0.020378798,0.1151845,0.14652191,-0.03018248,-0.0045511723,-0.10668576,0.24799678,-0.15134692,0.19049528,-0.23105109,0.005472551,-0.007957876,-0.0062853694,0.18325163,-0.11192632,-0.012516439,0.05671319,-0.028413415,-0.06769067,-0.1426503,-0.094978094,-0.023397982,-0.21934116,-0.29375586,-0.58558726,-0.37747702,0.31112304,-0.6507793,0.21445741,0.30385166,0.072601,-0.23239712,-0.6714226,-0.828434,-0.5174831,0.3308168,0.55328596,-0.6756807,0.6420741,0.23755339,0.11335118,-0.7318506,0.57796407,-0.2906881,0.027141482,-0.721585,-0.2288355,0.25538763,-0.169856,0.15277539,-0.051625207,-0.14729212,0.34376204,0.18559381,-0.22289738,0.12165758,-0.24313441,0.497445,-0.28399092,0.5078229,0.121014096,-0.29073703,0.61885726,0.01579687,-0.3245122,0.03110288,-0.14424247,-0.45030433,0.6733887,0.5529283,-0.26978257,-0.07688363,-0.41862386,-0.17259096,-0.32835135,-0.028833691,-0.42316243,-0.4590431,0.4952891,-0.58318835,-0.06533764,-0.14347209,0.02950764,0.107634015,0.11299869,0.49180472,0.8078727,-0.29365724,0.1391177,-0.52174246,-0.44855282,-0.4010321,0.5303701,-0.48682866,0.25004432,-0.16331641,-0.1286562,0.33866826,-0.4339869,-0.42495155,-0.08898793,0.04488769,-0.45960507,0.3807515,0.89886373,0.25735557,0.17527276,0.5145463,0.2433833,1.0522991,0.2800972,-0.92824525,-0.66647196,0.09731628,0.25389373,-0.31943062,-0.523779,-0.21174593,0.06424172,-0.4623254,-0.026511468,0.030551083,-0.17078678,-0.6432517,0.3079876,-0.41203514,-0.84649736,-0.8455384,-0.2553591,-0.23111701,-0.24018085,-0.18321286,0.0071306378,0.06379902,0.16329569,-0.650578,-0.2682794,-0.6564541,-0.14932984,0.08597462,0.19235198,-0.32010782,-0.8378409,0.567859,0.010790989,-0.46311617,-0.112197176,0.016245738,0.16431318,-0.36595324,0.0077186897
330,0.07849169,0.04250733,-0.08960098,-0.13656062,0.06813902,-0.16274339,-0.11585456,-0.07690382,-0.11617851,0.12844238,0.24546981,-0.0841831,-0.25901622,-0.1756562,0.291808,-0.015088499,0.17993271,0.01695701,0.009716697,-0.16818464,0.023469701,-0.15476406,0.21071096,-0.017700672,-0.057365537,0.15024158,0.049286056,0.09944338,0.018638413,-0.1979106,-0.086669326,-0.32561713,-0.05524957,-0.07766545,-0.001432538,0.118787706,-0.12963897,-0.06990075,-0.13245183,0.07516609,-0.16998333,0.013667883,-0.17136228,-0.087263405,0.07236214,-0.28189826,0.046341836,0.036466163,-0.10469574,0.16684985,0.111595966,-0.2176333,-0.16030395,-0.19394803,0.089997925,0.14579096,0.18096898,0.09892684,-0.049393117,-0.060287654,0.07439179,0.058383938,-0.08269793,0.21975994,0.015978603,-0.032809615,0.13325867,0.011610948,0.0574466,-0.21825975,0.14227827,-0.09152436,0.11061126,0.22464001,0.11349563,0.030562557,-0.054083228,0.24963474,0.25026062,0.00033479778,0.26996022,0.1921355,-0.08005005,-0.00046432018,0.20626666,0.0368473,-0.06798011,0.09646455,0.24678034,0.07055548,0.039843302,-0.10043198,0.08728139,-0.08393544,0.08804838,0.027342513,-0.2800647,0.0144554805,0.0001271274,-0.25959498,-0.1638065,-0.091513634,0.045535445,0.12571082,0.047740657,0.07484059,0.10709836,0.17678848,-0.03325516,0.0015330124,0.08553463,0.12482382,-0.19014794,0.10727622,-0.21059668,0.1988616,-0.20137155,-0.12574553,0.2583231,-0.102537036,-0.013364792,0.018506499,0.04252923,-0.009579241,-0.12898213,-0.0991534,-0.0013350844,-0.037964404,-0.28540832,-0.73895043,-0.22592708,0.14195575,-0.4834769,0.03253404,0.2568428,0.13893984,-0.41614315,-0.78790563,-0.85393137,-0.42944434,0.35074902,0.35537568,-0.63003474,0.5089722,0.20130025,-0.034885652,-0.8550123,0.59756124,-0.4185911,-0.030748516,-0.8125844,0.057842284,0.09804228,-0.1826817,0.12471331,0.17867073,0.015714422,0.5280456,0.35838524,0.03511175,-0.10854709,-0.3126484,0.6759839,-0.4572227,0.45945448,0.29242817,-0.3308598,0.51854974,0.045199618,-0.41395015,-0.0052668005,-0.29107797,-0.6989641,0.4974006,0.69002134,-0.33690497,-0.28854108,-0.5487985,0.09054169,-0.69072056,0.1776094,-0.61977696,-0.5390235,0.41210398,-0.48986343,-0.11744854,-0.07218595,0.14635585,0.16666608,0.20328069,0.6356006,0.8349464,-0.24632356,0.30796057,-0.40442637,-0.13961071,-0.29968503,0.67939824,-0.55190766,0.25159925,-0.12807722,-0.17006291,0.23123842,-0.55512196,-0.69652265,-0.18670458,0.13819093,-0.53633106,0.5406451,0.97811276,0.12392403,0.25871342,0.4191697,0.11063183,0.96694785,0.47573075,-0.9476561,-0.8695443,0.3023331,-0.112456456,-0.66324157,-0.51641005,-0.05822343,-0.011593036,-0.6012464,-0.12946695,0.08268941,-0.34395894,-0.4595444,0.45745015,-0.3954206,-0.97006226,-1.0504758,-0.3466507,-0.31887946,-0.33226225,-0.24846944,0.20735234,0.041819513,0.3735941,-0.8802882,-0.3455013,-0.53081876,-0.0063039064,0.39319184,0.5927789,-0.42059237,-0.72430515,0.3857637,0.18901294,-0.3669487,-0.4113525,0.092229,0.19124538,-0.27721876,-0.28799546
